"CrashFactId","Name","MinorInjuries","ModerateInjuries","SevereInjuries","FatalInjuries","TcrNumber","CityDamageFlag","ShortFormFlag","Distance","CrashDateTime","PedestrianAction","RoadwaySurface","RoadwayCondition","Lighting","PrimaryCollisionFactor","TrafficControl","Weather","CollisionType","ProximityToIntersection","VehicleInvolvedWith","PedestrianDirectionFrom","PedestrianDirectionTo","DirectionFromIntersection","Comment","SpeedingFlag","HitAndRunFlag","IntersectionNumber","AStreetName","BStreetName","Latitude","Longitude"
"689648","CR-0000095630","1","0","0","0","22-320-0743","False","False","51","11/16/2022 7:32:00 PM","No Pedestrians Involved","Dry","No Unusual Conditions","Dark - Street Light","Violation Driver 1","Controls Functioning","Clear","Rear End","Non-Related","Other Vehicle","Not Applicable","Not Applicable","North Of","","True","False","32890","CAPITOL EX","OCALA AV","37.34073768","-121.8200538"
"689720","CR-0000095732","2","0","0","0","22-359-0057","False","False","0","12/25/2022 1:00:00 AM","No Pedestrians Involved","Dry","No Unusual Conditions","Dark - Street Light","Violation Driver 1","Controls Functioning","Clear","Head On","Intersection","Other Vehicle","Not Applicable","Not Applicable","At","","False","False","32890","CAPITOL EX","OCALA AV","37.34073768","-121.8200538"
"683401","CR-0000092994","1","0","0","0","22-145-0949","False","False","20","5/25/2022 8:58:00 PM","Crossing In Crosswalk - At Intersection","Dry","No Unusual Conditions","Dark - Street Light","Pedestrian At Fault","Controls Functioning","Clear","Vehicle/Pedestrian","Related","Pedestrian","East","West","East Of","PEDESTRIAN","False","False","32890","CAPITOL EX","OCALA AV","37.34073768","-121.8200538"
"682528","CR-0000092095","0","0","0","0","22-095-0638","False","False","0","4/5/2022 4:17:00 PM","No Pedestrians Involved","Dry","No Unusual Conditions","Daylight","Violation Driver 1","Controls Functioning","Clear","Sideswipe","Intersection","Other Vehicle","Not Applicable","Not Applicable","At","","False","False","32890","CAPITOL EX","OCALA AV","37.34073768","-121.8200538"
"682448","CR-0000092012","0","0","0","0","22-110-0329","False","False","0","4/20/2022 10:32:00 AM","No Pedestrians Involved","Dry","No Unusual Conditions","Daylight","Violation Driver 1","Controls Functioning","Clear","Broadside","Intersection","Other Vehicle","Not Applicable","Not Applicable","At","","False","True","32890","CAPITOL EX","OCALA AV","37.34073768","-121.8200538"
"681509","CR-0000090899","0","0","0","0","22-037-0165","False","False","0","2/6/2022 4:16:00 AM","No Pedestrians Involved","Dry","No Unusual Conditions","Dark - Street Light","Violation Driver 1","No Controls Present/Factor","Clear","Sideswipe","Intersection","Motor Vehicle On Other Roadway","Not Applicable","Not Applicable","At","","True","False","32890","CAPITOL EX","OCALA AV","37.34073768","-121.8200538"
"681935","CR-0000091440","2","0","0","0","22-047-0181","False","False","0","2/16/2022 7:05:00 AM","No Pedestrians Involved","Dry","No Unusual Conditions","Daylight","Violation Driver 1","No Controls Present/Factor","Clear","Broadside","Intersection","Other Vehicle","Not Applicable","Not Applicable","At","","False","False","32890","CAPITOL EX","OCALA AV","37.34073768","-121.8200538"
"681779","CR-0000091179","1","0","0","0","22-056-0218","True","False","490","2/25/2022 8:52:00 AM","No Pedestrians Involved","Dry","No Unusual Conditions","Daylight","Violation Driver 1","No Controls Present/Factor","Clear","Head On","Non-Related","Fixed Object","Not Applicable","Not Applicable","North Of","Light pole #11Q460","True","False","32890","CAPITOL EX","OCALA AV","37.34073768","-121.8200538"
"722000","CR-0000103254","0","0","0","0","24-054-0926","True","False","400","2/23/2024 10:50:00 PM","No Pedestrians Involved","Dry","Unknown","Dark - Street Light","Violation Driver 1","Controls Functioning","Clear","Hit Object","Non-Related","Fixed Object","Not Applicable","Not Applicable","North Of","LIGHTPOLE & TREE","True","False","32890","CAPITOL EX","OCALA AV","37.34073768","-121.8200538"
"712209","CR-0000101642","0","0","0","0","23-264-0220","False","False","0","9/21/2023 9:20:00 AM","No Pedestrians Involved","Dry","No Unusual Conditions","Dusk - Dawn","Violation Driver 1","Controls Functioning","Clear","Broadside","Intersection","Other Vehicle","Not Applicable","Not Applicable","At","","True","False","32890","CAPITOL EX","OCALA AV","37.34073768","-121.8200538"
"715996","CR-0000101747","0","0","0","0","23-001-4004","False","True","0","1/1/2023 2:30:00 PM","No Pedestrians Involved","Unknown","Unknown","Unknown","Unknown","Unknown","Unknown","Rear End","Related","Other Vehicle","Not Applicable","Not Applicable","At","","False","False","32890","CAPITOL EX","OCALA AV","37.34073768","-121.8200538"
"716192","CR-0000102152","2","0","0","0","24-030-0793","False","False","31","1/30/2024 6:18:00 PM","No Pedestrians Involved","Dry","No Unusual Conditions","Dark - Street Light","Violation Driver 1","Controls Functioning","Clear","Rear End","Related","Other Vehicle","Not Applicable","Not Applicable","South Of","","False","False","32890","CAPITOL EX","OCALA AV","37.34073768","-121.8200538"
"726733","CR-0000105272","1","0","0","0","24-188-9701","False","True","0","7/3/2024 9:50:00 PM","No Pedestrians Involved","Dry","No Unusual Conditions","Dark - Street Light","Unknown","Controls Functioning","Clear","Head On","Intersection","Other Vehicle","Not Applicable","Not Applicable","At","","False","False","32890","CAPITOL EX","OCALA AV","37.34073768","-121.8200538"
"726499","CR-0000105032","0","1","1","0","24-175-0067","False","False","0","6/23/2024 1:07:00 AM","No Pedestrians Involved","Dry","No Unusual Conditions","Dark - Street Light","Violation Driver 1","Controls Functioning","Clear","Head On","Intersection","Other Vehicle","Not Applicable","Not Applicable","At","","False","False","32890","CAPITOL EX","OCALA AV","37.34073768","-121.8200538"
"723858","CR-0000104254","0","2","1","0","24-141-0038","False","False","0","5/20/2024 1:35:00 AM","No Pedestrians Involved","Dry","No Unusual Conditions","Dark - Street Light","Violation Driver 1","Unknown","Clear","Hit Object","Intersection","Fixed Object","Not Applicable","Not Applicable","At","CURB","True","False","32890","CAPITOL EX","OCALA AV","37.34073768","-121.8200538"
"723653","CR-0000104045","2","0","0","0","24-102-0898","False","False","0","4/11/2024 10:00:00 PM","No Pedestrians Involved","Dry","No Unusual Conditions","Dark - Street Light","Violation Driver 1","Controls Functioning","Clear","Head On","Intersection","Other Vehicle","Not Applicable","Not Applicable","At","","True","False","32890","CAPITOL EX","OCALA AV","37.34073768","-121.8200538"
"723840","CR-0000104236","0","0","0","0","24-129-4002","False","True","0","5/8/2024 3:45:00 PM","No Pedestrians Involved","Unknown","Unknown","Unknown","Unknown","Unknown","Unknown","Vehicle/Bike","Intersection","Bike","Not Applicable","Not Applicable","At","BIKE","False","False","114652","COLEMAN RD","TERRACE LAKE DR","37.24244954","-121.8667093"
"682916","CR-0000092505","1","0","0","0","22-181-0238","False","False","51","6/30/2022 9:40:00 AM","No Pedestrians Involved","Dry","No Unusual Conditions","Daylight","Bike At Fault","No Controls Present/Factor","Clear","Vehicle/Bike","Non-Related","Bike","Not Applicable","Not Applicable","East Of","BIKE","False","False","114652","COLEMAN RD","TERRACE LAKE DR","37.24244954","-121.8667093"
"683427","CR-0000093023","0","0","0","0","22-160-9708","False","True","0","6/8/2022 12:35:00 AM","No Pedestrians Involved","Dry","No Unusual Conditions","Dark - Street Light","Unknown","No Controls Present/Factor","Clear","Rear End","Intersection","Parked Vehicle","Not Applicable","Not Applicable","At","","False","True","136784","MCBRIDE (S) LP","RUBINO CI","37.2813784","-121.8767766"
"681667","CR-0000091064","0","0","0","0","22-065-4002","False","True","0","3/6/2022 3:55:00 PM","No Pedestrians Involved","Unknown","Unknown","Daylight","Unknown","Unknown","Unknown","Other","Intersection","Parked Vehicle","Not Applicable","Not Applicable","At","","False","False","83710","LIGHTLAND RD","MARLETTE DR","37.29445985","-121.8143201"
"684863","CR-0000093556","1","1","2","0","22-210-1100","True","False","126","7/29/2022 11:55:00 PM","No Pedestrians Involved","Dry","No Unusual Conditions","Dark - Street Light","Violation Driver 1","Controls Functioning","Clear","Hit Object","Non-Related","Fixed Object","Not Applicable","Not Applicable","South Of","TREE","False","False","83720","LIGHTLAND RD","MCLAUGHLIN AV","37.2942952","-121.8148834"
"688958","CR-0000094816","0","0","0","0","22-253-4001","False","True","51","9/9/2022 10:23:00 PM","No Pedestrians Involved","Unknown","Unknown","Unknown","Unknown","Unknown","Unknown","Other","Non-Related","Parked Vehicle","Not Applicable","Not Applicable","East Of","","False","True","64239","GALAHAD AV","GALAHAD CT","37.34902215","-121.8286581"
"699216","CR-0000100537","0","0","0","0","23-178-9704","False","True","0","6/18/2023 3:24:00 AM","No Pedestrians Involved","Dry","No Unusual Conditions","Dark - Street Light","Unknown","No Controls Present/Factor","Clear","Sideswipe","Intersection","Other Vehicle","Not Applicable","Not Applicable","At","","False","False","32515","CAPITOL AV","MURTHA DR","37.34776893","-121.8246194"
"690391","CR-0000096485","0","0","0","0","22-315-4000","False","True","51","11/10/2022 3:50:00 AM","No Pedestrians Involved","Unknown","Unknown","Unknown","Unknown","Unknown","Unknown","Rear End","Non-Related","Unknown","Not Applicable","Not Applicable","South Of","","False","False","74062","HOSTETTER RD","SHAFFER DR","37.40755356","-121.8543726"
"685345","CR-0000094071","0","0","0","0","22-229-0406","False","False","60","8/14/2022 4:00:00 PM","No Pedestrians Involved","Dry","No Unusual Conditions","Unknown","Violation Driver 1","No Controls Present/Factor","Unknown","Sideswipe","Non-Related","Parked Vehicle","Not Applicable","Not Applicable","East Of","","True","True","74062","HOSTETTER RD","SHAFFER DR","37.40755356","-121.8543726"
"694189","CR-0000097987","0","0","2","0","23-079-0656","False","False","154","3/20/2023 4:42:00 PM","In Road - Includes Shoulder","Dry","No Unusual Conditions","Daylight","Violation Driver 1","No Controls Present/Factor","Clear","Vehicle/Pedestrian","Non-Related","Pedestrian","Unknown","Unknown","East Of","","False","False","131185","LARKSPUR CANYON DR","STONEY CREEK PL","37.29006057","-121.7680546"
"726953","CR-0000105495","1","1","0","0","24-198-0176","False","False","0","7/16/2024 7:04:00 AM","No Pedestrians Involved","Dry","No Unusual Conditions","Daylight","Violation Driver 1","Controls Functioning","Clear","Rear End","Intersection","Other Vehicle","Not Applicable","Not Applicable","At","","False","False","89462","MCGINNESS AV","MURTHA DR","37.34895337","-121.8217929"
"720902","CR-0000103128","0","0","0","0","24-030-0031","False","False","140","1/30/2024 12:39:00 AM","No Pedestrians Involved","Dry","No Unusual Conditions","Dark - Street Light","Violation Driver 1","Unknown","Clear","Sideswipe","Non-Related","Parked Vehicle","Not Applicable","Not Applicable","South Of","","False","True","89462","MCGINNESS AV","MURTHA DR","37.34895337","-121.8217929"
"715809","CR-0000101808","0","0","0","0","23-131-4003","False","True","51","5/11/2023 11:00:00 AM","No Pedestrians Involved","Unknown","Unknown","Unknown","Unknown","Unknown","Unknown","Sideswipe","Non-Related","Parked Vehicle","Not Applicable","Not Applicable","East Of","","False","False","116379","CHESTERTON CI","CHESTERTON CI","37.37267138","-121.8721037"
"690722","CR-0000096859","0","0","0","0","23-025-0860","False","False","54","1/25/2023 8:06:00 PM","No Pedestrians Involved","Dry","No Unusual Conditions","Dark - Street Light","Violation Driver 1","No Controls Present/Factor","Clear","Head On","Non-Related","Parked Vehicle","Not Applicable","Not Applicable","North Of","","True","False","48938","DAVIS ST","PARK AV","37.33896296","-121.9301087"
"681907","CR-0000091398","0","0","0","0","22-054-0904","False","False","0","2/23/2022 9:20:00 PM","No Pedestrians Involved","Dry","No Unusual Conditions","Dark - Street Light","Violation Driver 1","No Controls Present/Factor","Clear","Vehicle/Bike","Intersection","Bike","Not Applicable","Not Applicable","At","BIKE","False","True","48938","DAVIS ST","PARK AV","37.33896296","-121.9301087"
"683067","CR-0000092612","0","0","0","0","22-115-9704","False","True","51","4/23/2022 2:39:00 PM","No Pedestrians Involved","Dry","No Unusual Conditions","Daylight","Unknown","Controls Functioning","Clear","Rear End","Non-Related","Other Vehicle","Not Applicable","Not Applicable","East Of","","False","True","95809","NIMITZ FR","STEVENS CREEK BL","37.3233502","-121.9424512"
"683460","CR-0000093055","1","0","0","0","22-083-0182","False","False","0","3/24/2022 7:50:00 AM","No Pedestrians Involved","Dry","No Unusual Conditions","Daylight","Violation Driver 1","Controls Functioning","Clear","Vehicle/Bike","Intersection","Scooter Motorized","Not Applicable","Not Applicable","At","E. Scooter","False","False","95809","NIMITZ FR","STEVENS CREEK BL","37.3233502","-121.9424512"
"723886","CR-0000104282","1","0","0","0","24-127-0561","False","False","25","5/6/2024 3:29:00 PM","No Pedestrians Involved","Dry","No Unusual Conditions","Daylight","Violation Driver 1","Controls Functioning","Clear","Rear End","Related","Motor Vehicle On Other Roadway","Not Applicable","Not Applicable","West Of","","False","True","95809","NIMITZ FR","STEVENS CREEK BL","37.3233502","-121.9424512"
"723669","CR-0000104061","0","0","0","0","24-115-4006","False","True","51","4/24/2024 1:37:00 PM","No Pedestrians Involved","Unknown","Unknown","Unknown","Unknown","Unknown","Unknown","Other","Non-Related","Other Vehicle","Not Applicable","Not Applicable","West Of","","False","False","95809","NIMITZ FR","STEVENS CREEK BL","37.3233502","-121.9424512"
"725391","CR-0000104886","0","0","0","0","24-136-4007","False","True","","5/15/2024 5:30:00 PM","No Pedestrians Involved","Unknown","Unknown","Unknown","Unknown","Unknown","Unknown","Rear End","Related","Other Vehicle","Not Applicable","Not Applicable","East Of","","False","False","95809","NIMITZ FR","STEVENS CREEK BL","37.3233502","-121.9424512"
"726840","CR-0000105381","0","0","0","0","24-193-1018","False","False","19","7/11/2024 11:07:00 PM","No Pedestrians Involved","Dry","No Unusual Conditions","Dark - Street Light","Violation Driver 1","No Controls Present/Factor","Clear","Hit Object","Related","Fixed Object","Not Applicable","Not Applicable","East Of","Curb, Business Sign, Wheelchair Ramp","False","True","106215","STEVENS CREEK BL","WAINWRIGHT AV","37.32335793","-121.9375303"
"712086","CR-0000100880","0","0","0","0","23-229-0228","False","False","570","7/31/2023 3:00:00 PM","No Pedestrians Involved","Dry","No Unusual Conditions","Daylight","Violation Driver 1","Unknown","Clear","Sideswipe","Non-Related","Other Vehicle","Not Applicable","Not Applicable","West Of","","False","True","106215","STEVENS CREEK BL","WAINWRIGHT AV","37.32335793","-121.9375303"
"719518","CR-0000102647","1","0","0","0","24-067-0678","False","False","118","3/7/2024 3:52:00 PM","No Pedestrians Involved","Dry","No Unusual Conditions","Daylight","Violation Driver 1","Controls Functioning","Clear","Rear End","Non-Related","Other Vehicle","Not Applicable","Not Applicable","West Of","","True","False","106215","STEVENS CREEK BL","WAINWRIGHT AV","37.32335793","-121.9375303"
"696402","CR-0000099569","0","0","0","0","23-150-4007","False","True","51","5/29/2023 9:45:00 AM","No Pedestrians Involved","Unknown","Unknown","Unknown","Unknown","Unknown","Unknown","Other","Non-Related","Parked Vehicle","Not Applicable","Not Applicable","West Of","","False","False","43867","CORY AV","REDWOOD AV","37.33178291","-121.9468661"
"696537","CR-0000099724","0","1","0","0","23-340-0245","False","False","266","12/5/2023 10:00:00 AM","No Pedestrians Involved","Dry","No Unusual Conditions","Daylight","Violation Driver 1","Controls Functioning","Cloudy","Vehicle/Bike","Non-Related","Bike","Not Applicable","Not Applicable","South Of","BIKE","False","True","79640","KING RD","TULLY RD","37.32237123","-121.8258931"
"696172","CR-0000099315","1","0","0","0","23-133-0251","False","False","346","5/13/2023 8:59:00 AM","No Pedestrians Involved","Unknown","No Unusual Conditions","Daylight","Violation Driver 1","No Controls Present/Factor","Clear","Broadside","Non-Related","Other Vehicle","Not Applicable","Not Applicable","North Of","","True","False","79640","KING RD","TULLY RD","37.32237123","-121.8258931"
"695890","CR-0000099009","0","0","0","0","23-214-0333","False","False","18","8/2/2023 10:52:00 AM","No Pedestrians Involved","Dry","No Unusual Conditions","Daylight","Violation Driver 1","Controls Functioning","Clear","Sideswipe","Related","Other Vehicle","Not Applicable","Not Applicable","East Of","","False","True","79640","KING RD","TULLY RD","37.32237123","-121.8258931"
"698917","CR-0000100219","1","1","0","0","23-309-0347","False","False","85","11/5/2023 10:13:00 AM","No Pedestrians Involved","Dry","No Unusual Conditions","Daylight","Violation Driver 1","No Controls Present/Factor","Clear","Rear End","Non-Related","Other Vehicle","Not Applicable","Not Applicable","West Of","","True","False","79640","KING RD","TULLY RD","37.32237123","-121.8258931"
"698861","CR-0000100144","2","0","0","0","23-350-0645","False","False","100","12/16/2023 6:05:00 PM","No Pedestrians Involved","Dry","No Unusual Conditions","Dark - Street Light","Violation Driver 1","Controls Functioning","Clear","Rear End","Non-Related","Other Vehicle","Not Applicable","Not Applicable","West Of","","True","False","79640","KING RD","TULLY RD","37.32237123","-121.8258931"
"711804","CR-0000101140","0","0","0","0","23-297-9710","False","True","51","10/23/2023 10:00:00 AM","No Pedestrians Involved","Unknown","Unknown","Unknown","Unknown","Unknown","Unknown","Other","Non-Related","Other Vehicle","Not Applicable","Not Applicable","Unknown","","False","False","79640","KING RD","TULLY RD","37.32237123","-121.8258931"
"690431","CR-0000096531","0","0","0","0","22-340-0797","False","False","51","12/6/2022 6:37:00 PM","No Pedestrians Involved","Dry","No Unusual Conditions","Dark - Street Light","Violation Driver 1","No Controls Present/Factor","Clear","Sideswipe","Non-Related","Other Vehicle","Not Applicable","Not Applicable","East Of","","False","False","79640","KING RD","TULLY RD","37.32237123","-121.8258931"
"690433","CR-0000096532","2","0","0","0","22-307-9704","False","True","0","10/31/2022 5:45:00 PM","No Pedestrians Involved","Dry","No Unusual Conditions","Daylight","Unknown","No Controls Present/Factor","Clear","Rear End","Intersection","Other Vehicle","Not Applicable","Not Applicable","At","","False","True","79640","KING RD","TULLY RD","37.32237123","-121.8258931"
"690449","CR-0000096554","0","0","0","0","22-092-4000","False","True","","4/2/2022 12:45:00 PM","No Pedestrians Involved","Unknown","Unknown","Unknown","Unknown","Unknown","Unknown","Rear End","Related","Other Vehicle","Not Applicable","Not Applicable","South Of","","False","False","79640","KING RD","TULLY RD","37.32237123","-121.8258931"
"689956","CR-0000095949","1","0","0","0","22-116-0229","False","False","55","4/26/2022 10:11:00 AM","No Pedestrians Involved","Dry","No Unusual Conditions","Daylight","Violation Driver 1","Controls Functioning","Clear","Rear End","Non-Related","Other Vehicle","Not Applicable","Not Applicable","South Of","","False","True","79640","KING RD","TULLY RD","37.32237123","-121.8258931"
"694162","CR-0000098038","2","0","0","0","23-114-0918","False","False","0","4/24/2023 10:26:00 PM","No Pedestrians Involved","Dry","No Unusual Conditions","Dark - Street Light","Violation Driver 1","Controls Functioning","Clear","Head On","Intersection","Other Vehicle","Not Applicable","Not Applicable","At","","False","False","79640","KING RD","TULLY RD","37.32237123","-121.8258931"
"694218","CR-0000098101","2","0","0","0","23-112-0501","False","False","30","4/22/2023 5:08:00 PM","No Pedestrians Involved","Dry","No Unusual Conditions","Daylight","Violation Driver 1","Unknown","Clear","Rear End","Related","Other Vehicle","Not Applicable","Not Applicable","West Of","","False","True","79640","KING RD","TULLY RD","37.32237123","-121.8258931"
"694393","CR-0000098337","1","0","0","0","23-168-0609","False","False","","6/17/2023 6:13:00 PM","No Pedestrians Involved","Dry","No Unusual Conditions","Daylight","Violation Driver 1","Controls Functioning","Clear","Rear End","Non-Related","Motor Vehicle On Other Roadway","Not Applicable","Not Applicable","East Of","","True","False","79640","KING RD","TULLY RD","37.32237123","-121.8258931"
"691328","CR-0000097575","2","0","0","0","23-063-0380","False","False","23","3/4/2023 12:57:00 PM","No Pedestrians Involved","Wet","No Unusual Conditions","Daylight","Violation Driver 1","Controls Functioning","Rain","Broadside","Related","Other Vehicle","Not Applicable","Not Applicable","West Of","","False","False","79640","KING RD","TULLY RD","37.32237123","-121.8258931"
"691146","CR-0000097345","0","0","0","0","22-113-9804","False","False","0","2/21/2022 2:10:00 PM","No Pedestrians Involved","Dry","No Unusual Conditions","Daylight","Violation Driver 2","Controls Functioning","Clear","Sideswipe","Intersection","Other Vehicle","Not Applicable","Not Applicable","At","","False","False","79640","KING RD","TULLY RD","37.32237123","-121.8258931"
"691170","CR-0000097372","0","0","0","0","23-045-0349","False","False","0","2/13/2023 12:20:00 PM","No Pedestrians Involved","Dry","No Unusual Conditions","Daylight","Violation Driver 1","Controls Functioning","Clear","Broadside","Intersection","Motorcycle","Not Applicable","Not Applicable","At","","True","False","79640","KING RD","TULLY RD","37.32237123","-121.8258931"
"684701","CR-0000093330","0","0","0","0","22-177-0327","False","False","80","6/26/2022 10:26:00 AM","No Pedestrians Involved","Dry","No Unusual Conditions","Daylight","Violation Driver 1","Controls Functioning","Clear","Rear End","Non-Related","Other Vehicle","Not Applicable","Not Applicable","North Of","","True","False","79640","KING RD","TULLY RD","37.32237123","-121.8258931"
"684814","CR-0000093488","0","0","0","0","22-192-0317","False","False","0","7/11/2022 10:57:00 AM","No Pedestrians Involved","Dry","Unknown","Daylight","Violation Driver 1","No Controls Present/Factor","Clear","Rear End","Intersection","Other Vehicle","Not Applicable","Not Applicable","At","","True","True","79640","KING RD","TULLY RD","37.32237123","-121.8258931"
"685144","CR-0000093818","0","0","0","0","22-234-0837","False","False","0","8/22/2022 6:43:00 PM","No Pedestrians Involved","Dry","No Unusual Conditions","Daylight","Violation Driver 1","Controls Functioning","Clear","Rear End","Intersection","Other Vehicle","Not Applicable","Not Applicable","At","","True","True","79640","KING RD","TULLY RD","37.32237123","-121.8258931"
"688938","CR-0000094796","0","0","0","0","22-270-4002","False","True","0","2/2/2022 1:35:00 PM","No Pedestrians Involved","Unknown","Unknown","Unknown","Unknown","Unknown","Unknown","Sideswipe","Intersection","Other Vehicle","Not Applicable","Not Applicable","At","","False","True","79640","KING RD","TULLY RD","37.32237123","-121.8258931"
"688783","CR-0000094627","0","0","0","0","22-297-4005","False","True","51","10/24/2022 1:46:00 AM","No Pedestrians Involved","Unknown","Unknown","Unknown","Unknown","Unknown","Unknown","Rear End","Non-Related","Other Vehicle","Not Applicable","Not Applicable","North Of","","False","True","79640","KING RD","TULLY RD","37.32237123","-121.8258931"
"689797","CR-0000095823","1","0","0","0","22-190-9702","False","False","","7/8/2022 9:26:00 PM","No Pedestrians Involved","Dry","No Unusual Conditions","Dark - Street Light","Unknown","Controls Functioning","Clear","Rear End","Related","Other Vehicle","Not Applicable","Not Applicable","East Of","","False","False","79640","KING RD","TULLY RD","37.32237123","-121.8258931"
"689776","CR-0000095800","3","0","0","0","22-095-0946","False","False","","4/5/2022 9:50:00 PM","No Pedestrians Involved","Dry","No Unusual Conditions","Dark - Street Light","Violation Driver 1","Controls Functioning","Clear","Rear End","Related","Other Vehicle","Not Applicable","Not Applicable","West Of","","True","True","79640","KING RD","TULLY RD","37.32237123","-121.8258931"
"689337","CR-0000095321","1","0","0","0","22-322-0295","False","False","0","11/18/2022 9:49:00 AM","No Pedestrians Involved","Dry","No Unusual Conditions","Daylight","Violation Driver 1","Controls Functioning","Clear","Rear End","Intersection","Other Vehicle","Not Applicable","Not Applicable","At","","True","False","79640","KING RD","TULLY RD","37.32237123","-121.8258931"
"683030","CR-0000092652","0","0","0","0","22-148-0664","False","False","280","5/28/2022 4:47:00 PM","No Pedestrians Involved","Dry","No Unusual Conditions","Daylight","Violation Driver 1","Unknown","Clear","Rear End","Non-Related","Other Vehicle","Not Applicable","Not Applicable","South Of","","False","False","79640","KING RD","TULLY RD","37.32237123","-121.8258931"
"682867","CR-0000092421","2","0","0","0","22-148-0508","False","False","0","5/28/2022 1:51:00 PM","No Pedestrians Involved","Dry","No Unusual Conditions","Daylight","Violation Driver 1","Controls Functioning","Clear","Rear End","Intersection","Other Vehicle","Not Applicable","Not Applicable","At","","False","False","79640","KING RD","TULLY RD","37.32237123","-121.8258931"
"683357","CR-0000092946","0","1","0","0","22-144-0826","False","False","40","5/24/2022 6:38:00 PM","No Pedestrians Involved","Dry","No Unusual Conditions","Daylight","Violation Driver 1","Controls Functioning","Clear","Rear End","Related","Motorcycle","Not Applicable","Not Applicable","West Of","","False","False","79640","KING RD","TULLY RD","37.32237123","-121.8258931"
"683342","CR-0000092930","0","0","0","0","22-142-0794","False","False","0","5/22/2022 7:44:00 PM","No Pedestrians Involved","Dry","No Unusual Conditions","Dusk - Dawn","Violation Driver 1","Controls Functioning","Clear","Broadside","Intersection","Other Vehicle","Not Applicable","Not Applicable","At","","True","True","79640","KING RD","TULLY RD","37.32237123","-121.8258931"
"682511","CR-0000092078","0","0","0","0","22-093-0863","False","False","0","4/3/2022 8:30:00 PM","No Pedestrians Involved","Dry","No Unusual Conditions","Dark - Street Light","Violation Driver 1","Controls Functioning","Clear","Sideswipe","Intersection","Other Vehicle","Not Applicable","Not Applicable","At","","True","False","79640","KING RD","TULLY RD","37.32237123","-121.8258931"
"681876","CR-0000091357","0","1","0","0","22-037-0351","False","False","60","2/6/2022 11:20:00 AM","No Pedestrians Involved","Dry","No Unusual Conditions","Daylight","Violation Driver 1","Controls Functioning","Clear","Vehicle/Bike","Non-Related","Bike","Not Applicable","Not Applicable","West Of","BIKE","False","False","79640","KING RD","TULLY RD","37.32237123","-121.8258931"
"681965","CR-0000091474","1","0","0","0","22-060-0491","False","False","51","3/1/2022 1:16:00 PM","No Pedestrians Involved","Dry","No Unusual Conditions","Daylight","Violation Driver 1","No Controls Present/Factor","Clear","Rear End","Non-Related","Other Vehicle","Not Applicable","Not Applicable","East Of","","True","False","79640","KING RD","TULLY RD","37.32237123","-121.8258931"
"681610","CR-0000091007","0","0","0","0","22-047-0731","False","False","51","2/16/2022 3:00:00 PM","No Pedestrians Involved","Dry","No Unusual Conditions","Daylight","Violation Driver 1","Controls Functioning","Clear","Sideswipe","Non-Related","Other Vehicle","Not Applicable","Not Applicable","East Of","","False","False","79640","KING RD","TULLY RD","37.32237123","-121.8258931"
"681226","CR-0000090611","0","0","0","0","22-005-0097","False","False","0","1/5/2022 4:34:00 AM","No Pedestrians Involved","Dry","No Unusual Conditions","Dark - Street Light","Violation Driver 1","Controls Functioning","Clear","Head On","Intersection","Other Vehicle","Not Applicable","Not Applicable","At","","False","False","79640","KING RD","TULLY RD","37.32237123","-121.8258931"
"681266","CR-0000090652","1","0","0","0","22-007-0716","False","False","0","1/7/2022 7:30:00 PM","No Pedestrians Involved","Dry","Unknown","Dark - Street Light","Violation Driver 1","Controls Functioning","Clear","Head On","Intersection","Other Vehicle","Not Applicable","Not Applicable","At","","False","False","79640","KING RD","TULLY RD","37.32237123","-121.8258931"
"719502","CR-0000102622","0","0","1","0","24-083-0177","False","False","0","3/23/2024 5:46:00 AM","Crossing In Crosswalk - At Intersection","Wet","No Unusual Conditions","Dark - Street Light","Violation Driver 1","Controls Functioning","Clear","Vehicle/Pedestrian","Intersection","Pedestrian","West","East","At","PED","False","True","79640","KING RD","TULLY RD","37.32237123","-121.8258931"
"721960","CR-0000103214","0","0","0","0","24-033-9703","False","True","51","2/1/2024 3:30:00 PM","No Pedestrians Involved","Wet","No Unusual Conditions","Daylight","Unknown","Unknown","Cloudy","Rear End","Non-Related","Other Vehicle","Not Applicable","Not Applicable","Unknown","","False","False","79640","KING RD","TULLY RD","37.32237123","-121.8258931"
"719788","CR-0000102962","0","0","0","0","24-035-9701","False","True","51","2/3/2024 6:45:00 PM","No Pedestrians Involved","Wet","Other","Dark - Street Light","Unknown","Controls Functioning","Rain","Sideswipe","Non-Related","Other Vehicle","Not Applicable","Not Applicable","South Of","","False","False","79640","KING RD","TULLY RD","37.32237123","-121.8258931"
"715866","CR-0000101989","1","0","0","0","24-021-0241","False","False","0","1/21/2024 8:51:00 AM","No Pedestrians Involved","Dry","No Unusual Conditions","Daylight","Violation Driver 1","No Controls Present/Factor","Clear","Rear End","Intersection","Other Vehicle","Not Applicable","Not Applicable","At","","True","False","79640","KING RD","TULLY RD","37.32237123","-121.8258931"