"CrashFactId","Name","MinorInjuries","ModerateInjuries","SevereInjuries","FatalInjuries","TcrNumber","CityDamageFlag","ShortFormFlag","Distance","CrashDateTime","PedestrianAction","RoadwaySurface","RoadwayCondition","Lighting","PrimaryCollisionFactor","TrafficControl","Weather","CollisionType","ProximityToIntersection","VehicleInvolvedWith","PedestrianDirectionFrom","PedestrianDirectionTo","DirectionFromIntersection","Comment","SpeedingFlag","HitAndRunFlag","IntersectionNumber","AStreetName","BStreetName","Latitude","Longitude"
"711847","CR-0000101532","0","0","0","0","23-347-0577","False","False","0","12/13/2023 2:52:00 PM","No Pedestrians Involved","Dry","No Unusual Conditions","Daylight","Violation Driver 1","Controls Functioning","Clear","Broadside","Intersection","Other Vehicle","Not Applicable","Not Applicable","At","","False","False","4300","ALMADEN AV","FLOYD ST","37.31473912","-121.8790923"
"726753","CR-0000105293","1","0","0","0","24-187-0352","False","False","0","7/5/2024 9:35:00 AM","No Pedestrians Involved","Dry","No Unusual Conditions","Daylight","Violation Driver 1","No Controls Present/Factor","Clear","Broadside","Intersection","Other Vehicle","Not Applicable","Not Applicable","At","","False","False","4300","ALMADEN AV","FLOYD ST","37.31473912","-121.8790923"
"717435","CR-0000102459","2","0","0","0","24-085-0279","False","False","0","3/25/2024 9:43:00 AM","No Pedestrians Involved","Dry","No Unusual Conditions","Daylight","Violation Driver 1","No Controls Present/Factor","Cloudy","Broadside","Intersection","Other Vehicle","Not Applicable","Not Applicable","At","","False","False","4300","ALMADEN AV","FLOYD ST","37.31473912","-121.8790923"
"716260","CR-0000102253","1","0","0","0","24-035-0126","False","False","173","2/4/2024 3:30:00 AM","No Pedestrians Involved","Wet","No Unusual Conditions","Dark - Street Light","Violation Driver 1","No Controls Present/Factor","Rain","Sideswipe","Non-Related","Parked Vehicle","Not Applicable","Not Applicable","North Of","","False","False","4300","ALMADEN AV","FLOYD ST","37.31473912","-121.8790923"
"696050","CR-0000099185","0","0","0","0","23-030-0716","False","True","0","1/30/2023 6:24:00 PM","No Pedestrians Involved","Dry","No Unusual Conditions","Daylight","Unknown","Controls Functioning","Clear","Broadside","Intersection","Other Vehicle","Not Applicable","Not Applicable","West Of","","False","False","61929","FLOYD ST","VINE ST","37.314107","-121.8800444"
"690085","CR-0000096161","0","0","0","0","22-200-9710","False","True","","7/16/2022 11:30:00 PM","No Pedestrians Involved","Unknown","Other","Unknown","Unknown","Unknown","Unknown","Broadside","Related","Parked Vehicle","Not Applicable","Not Applicable","Unknown","","False","True","61929","FLOYD ST","VINE ST","37.314107","-121.8800444"
"690845","CR-0000096986","1","0","0","0","23-020-1087","False","False","0","1/20/2023 8:56:00 PM","No Pedestrians Involved","Dry","No Unusual Conditions","Dark - Street Light","Violation Driver 1","Controls Functioning","Clear","Broadside","Intersection","Motor Vehicle On Other Roadway","Not Applicable","Not Applicable","At","","False","False","61874","FLOYD ST","LOCUST ST","37.31352282","-121.8809256"
"683003","CR-0000092541","0","0","0","0","22-162-0634","False","False","275","6/11/2022 5:03:00 PM","No Pedestrians Involved","Dry","No Unusual Conditions","Daylight","Violation Driver 1","No Controls Present/Factor","Clear","Sideswipe","Non-Related","Parked Vehicle","Not Applicable","Not Applicable","North Of","","False","False","61874","FLOYD ST","LOCUST ST","37.31352282","-121.8809256"
"699213","CR-0000100534","0","0","0","0","23-160-4002","False","True","51","6/8/2023 9:30:00 PM","No Pedestrians Involved","Unknown","Unknown","Unknown","Unknown","Unknown","Unknown","Broadside","Non-Related","Other Vehicle","Not Applicable","Not Applicable","East Of","","False","False","61896","FLOYD ST","PALM ST","37.31293683","-121.8818125"
"715880","CR-0000101955","0","0","0","0","24-001-0740","False","False","0","1/1/2024 7:06:00 PM","No Pedestrians Involved","Dry","No Unusual Conditions","Dark - Street Light","Violation Driver 1","Controls Functioning","Clear","Vehicle/Bike","Intersection","Bike","Not Applicable","Not Applicable","At","","False","False","61203","FLICKINGER AV","ULSTER DR","37.38656919","-121.8744592"
"716148","CR-0000102085","1","0","0","0","24-013-0189","False","False","116","1/13/2024 6:24:00 AM","No Pedestrians Involved","Dry","No Unusual Conditions","Dusk - Dawn","Violation Driver 1","No Controls Present/Factor","Cloudy","Sideswipe","Non-Related","Other Vehicle","Not Applicable","Not Applicable","West Of","","False","False","71323","HEATHERFIELD LN","PENITENCIA CREEK RD","37.38519869","-121.8535238"
"685033","CR-0000093681","0","0","0","0","22-209-0046","False","False","104","7/28/2022 1:10:00 AM","No Pedestrians Involved","Dry","No Unusual Conditions","Dark - Street Light","Violation Driver 1","No Controls Present/Factor","Clear","Broadside","Non-Related","Parked Vehicle","Not Applicable","Not Applicable","West Of","","False","True","43405","CORLISTA DR","FRUITDALE AV","37.31070434","-121.9185412"
"685045","CR-0000093720","2","0","0","0","22-241-0566","False","False","0","8/29/2022 2:39:00 PM","No Pedestrians Involved","Dry","No Unusual Conditions","Daylight","Violation Driver 1","Controls Not Functioning","Clear","Sideswipe","Intersection","Other Vehicle","Not Applicable","Not Applicable","At","","False","False","64019","FRUITDALE AV","SOUTHWEST EX","37.3107046","-121.9174075"
"685267","CR-0000093947","0","0","0","0","22-233-9705","False","True","0","7/30/2022 11:30:00 AM","No Pedestrians Involved","Dry","No Unusual Conditions","Daylight","Unknown","Controls Functioning","Clear","Broadside","Intersection","Other Vehicle","Not Applicable","Not Applicable","At","","False","False","64019","FRUITDALE AV","SOUTHWEST EX","37.3107046","-121.9174075"
"688871","CR-0000094727","0","0","0","0","22-269-9704","False","True","20","9/23/2022 2:50:00 PM","No Pedestrians Involved","Dry","No Unusual Conditions","Daylight","Violation Driver 1","No Controls Present/Factor","Clear","Sideswipe","Related","Other Vehicle","Not Applicable","Not Applicable","East Of","","False","True","64019","FRUITDALE AV","SOUTHWEST EX","37.3107046","-121.9174075"
"696038","CR-0000099173","0","0","0","0","23-206-0295","False","False","100","7/25/2023 9:45:00 AM","No Pedestrians Involved","Dry","No Unusual Conditions","Daylight","Violation Driver 1","Controls Functioning","Clear","Rear End","Non-Related","Other Vehicle","Not Applicable","Not Applicable","West Of","","False","False","64019","FRUITDALE AV","SOUTHWEST EX","37.3107046","-121.9174075"
"696287","CR-0000099443","1","0","0","0","23-289-0630","False","False","0","10/16/2023 3:45:00 PM","No Pedestrians Involved","Dry","No Unusual Conditions","Daylight","Bike At Fault","Controls Functioning","Clear","Vehicle/Bike","Intersection","Scooter Motorized","Not Applicable","Not Applicable","At","E.SCOOTER","False","False","64019","FRUITDALE AV","SOUTHWEST EX","37.3107046","-121.9174075"
"690846","CR-0000096987","2","0","0","0","23-023-0443","False","False","0","1/23/2023 2:00:00 PM","No Pedestrians Involved","Dry","No Unusual Conditions","Daylight","Violation Driver 1","Controls Functioning","Clear","Broadside","Intersection","Other Vehicle","Not Applicable","Not Applicable","At","","False","False","64019","FRUITDALE AV","SOUTHWEST EX","37.3107046","-121.9174075"
"690955","CR-0000097125","1","0","0","0","23-041-0827","False","False","100","2/10/2023 6:50:00 PM","No Pedestrians Involved","Dry","No Unusual Conditions","Dark - Street Light","Violation Driver 1","Controls Functioning","Clear","Rear End","Non-Related","Other Vehicle","Not Applicable","Not Applicable","South Of","","True","False","64019","FRUITDALE AV","SOUTHWEST EX","37.3107046","-121.9174075"
"717432","CR-0000102456","2","0","0","0","24-085-0929","False","False","40","3/25/2024 9:00:00 PM","No Pedestrians Involved","Dry","No Unusual Conditions","Dark - Street Light","Violation Driver 1","Controls Functioning","Clear","Broadside","Related","Other Vehicle","Not Applicable","Not Applicable","North Of","","False","False","64019","FRUITDALE AV","SOUTHWEST EX","37.3107046","-121.9174075"
"712107","CR-0000101489","0","0","0","0","23-257-9709","False","True","","9/12/2023 5:00:00 PM","No Pedestrians Involved","Dry","No Unusual Conditions","Unknown","Unknown","Controls Functioning","Clear","Rear End","Related","Other Vehicle","Not Applicable","Not Applicable","Unknown","","False","False","64019","FRUITDALE AV","SOUTHWEST EX","37.3107046","-121.9174075"
"719625","CR-0000102784","0","0","0","0","24-004-0122","False","False","81","1/4/2024 6:30:00 AM","No Pedestrians Involved","Dry","No Unusual Conditions","Daylight","Violation Driver 1","Controls Functioning","Clear","Hit Object","Non-Related","Fixed Object","Not Applicable","Not Applicable","South Of","MEDIAN","True","False","64019","FRUITDALE AV","SOUTHWEST EX","37.3107046","-121.9174075"
"726683","CR-0000105219","0","0","0","0","24-163-4007","False","True","51","6/11/2024 6:10:00 PM","No Pedestrians Involved","Unknown","Unknown","Unknown","Unknown","Unknown","Unknown","Rear End","Non-Related","Other Vehicle","Not Applicable","Not Applicable","North Of","","False","False","64019","FRUITDALE AV","SOUTHWEST EX","37.3107046","-121.9174075"
"723712","CR-0000104105","1","0","0","0","24-121-0390","False","False","71","4/30/2024 11:30:00 AM","No Pedestrians Involved","Dry","No Unusual Conditions","Daylight","Violation Driver 1","No Controls Present/Factor","Clear","Other","Non-Related","Fixed Object","Not Applicable","Not Applicable","North Of","MEDIAN

V1 made an illegal turn in front of V2 causing V2 to hi t the median","False","False","64019","FRUITDALE AV","SOUTHWEST EX","37.3107046","-121.9174075"
"726599","CR-0000105133","0","0","0","0","24-161-4005","False","True","","6/4/2024 4:10:00 PM","No Pedestrians Involved","Unknown","Unknown","Unknown","Unknown","Unknown","Unknown","Rear End","Related","Other Vehicle","Not Applicable","Not Applicable","Unknown","","False","False","24310","BRANHAM LN","VISTAPARK DR","37.26586386","-121.8465744"
"719672","CR-0000102843","0","0","0","0","24-008-9708","False","True","0","1/4/2024 3:45:00 PM","No Pedestrians Involved","Dry","Unknown","Daylight","Unknown","Unknown","Clear","Rear End","Intersection","Other Vehicle","Not Applicable","Not Applicable","At","","False","False","24310","BRANHAM LN","VISTAPARK DR","37.26586386","-121.8465744"
"722208","CR-0000103474","0","0","0","0","24-080-9701","False","True","51","3/19/2024 6:00:00 PM","No Pedestrians Involved","Dry","No Unusual Conditions","Daylight","Unknown","No Controls Present/Factor","Clear","Rear End","Non-Related","Other Vehicle","Not Applicable","Not Applicable","East Of","","False","False","24310","BRANHAM LN","VISTAPARK DR","37.26586386","-121.8465744"
"698696","CR-0000099944","0","1","0","0","23-295-0289","False","False","0","10/22/2023 7:10:00 AM","No Pedestrians Involved","Dry","No Unusual Conditions","Daylight","Unknown","Controls Functioning","Clear","Vehicle/Bike","Intersection","Bike","Not Applicable","Not Applicable","At","BIKE","False","False","24310","BRANHAM LN","VISTAPARK DR","37.26586386","-121.8465744"
"698788","CR-0000100069","1","0","0","0","23-363-0591","False","False","0","12/29/2023 5:37:00 PM","Crossing In Crosswalk - At Intersection","Wet","No Unusual Conditions","Dark - Street Light","Violation Driver 1","Controls Functioning","Rain","Vehicle/Pedestrian","Intersection","Pedestrian","East","West","At","PED","False","True","83005","LEIGH AV","STOKES ST","37.30142851","-121.922858"
"699433","CR-0000100802","0","0","0","0","23-202-9702","False","True","51","7/14/2023 12:00:00 PM","No Pedestrians Involved","Dry","No Unusual Conditions","Daylight","Unknown","No Controls Present/Factor","Clear","Vehicle/Pedestrian","Non-Related","Parked Vehicle","Not Applicable","Not Applicable","Unknown","","False","False","83005","LEIGH AV","STOKES ST","37.30142851","-121.922858"
"696333","CR-0000099489","0","1","0","0","23-296-0622","False","False","0","10/23/2023 3:37:00 PM","No Pedestrians Involved","Dry","No Unusual Conditions","Daylight","Unknown","Controls Functioning","Clear","Broadside","Intersection","Other Vehicle","Not Applicable","Not Applicable","At","","False","False","83005","LEIGH AV","STOKES ST","37.30142851","-121.922858"
"696049","CR-0000099184","0","0","0","0","23-033-9702","False","True","","1/27/2023 6:30:00 AM","No Pedestrians Involved","Dry","No Unusual Conditions","Dusk - Dawn","Unknown","No Controls Present/Factor","Clear","Sideswipe","Related","Parked Vehicle","Not Applicable","Not Applicable","Unknown","","False","False","83005","LEIGH AV","STOKES ST","37.30142851","-121.922858"
"694525","CR-0000098519","1","0","0","0","23-193-0894","False","False","286","7/12/2023 11:05:00 PM","No Pedestrians Involved","Dry","No Unusual Conditions","Dark - Street Light","Violation Driver 1","No Controls Present/Factor","Clear","Sideswipe","Non-Related","Other Vehicle","Not Applicable","Not Applicable","North Of","","False","False","83005","LEIGH AV","STOKES ST","37.30142851","-121.922858"
"694502","CR-0000098496","0","1","0","0","23-179-0513","False","False","220","6/28/2023 2:53:00 PM","No Pedestrians Involved","Dry","No Unusual Conditions","Daylight","Violation Driver 1","No Controls Present/Factor","Clear","Broadside","Non-Related","Other Vehicle","Not Applicable","Not Applicable","South Of","","False","False","83005","LEIGH AV","STOKES ST","37.30142851","-121.922858"
"692378","CR-0000097660","0","0","0","0","23-066-0887","False","False","0","3/7/2023 11:00:00 PM","No Pedestrians Involved","Dry","No Unusual Conditions","Dark - Street Light","Violation Driver 1","Controls Functioning","Clear","Rear End","Intersection","Parked Vehicle","Not Applicable","Not Applicable","At","","False","False","83005","LEIGH AV","STOKES ST","37.30142851","-121.922858"
"692497","CR-0000097785","2","1","0","0","23-074-0438","False","False","180","3/15/2023 12:28:00 PM","No Pedestrians Involved","Dry","Unknown","Daylight","Violation Driver 1","No Controls Present/Factor","Clear","Broadside","Non-Related","Other Vehicle","Not Applicable","Not Applicable","South Of","","False","False","83005","LEIGH AV","STOKES ST","37.30142851","-121.922858"
"689309","CR-0000095269","0","0","0","0","22-353-4004","False","False","51","11/1/2022 9:50:00 PM","No Pedestrians Involved","Unknown","Unknown","Unknown","Unknown","No Controls Present/Factor","Unknown","Other","Non-Related","Non-Collision","Not Applicable","Not Applicable","South Of","","False","False","83005","LEIGH AV","STOKES ST","37.30142851","-121.922858"
"722566","CR-0000103916","0","1","0","0","24-110-0168","False","False","204","4/19/2024 8:12:00 AM","No Pedestrians Involved","Dry","No Unusual Conditions","Daylight","Bike At Fault","No Controls Present/Factor","Clear","Vehicle/Bike","Non-Related","Bike","Not Applicable","Not Applicable","South Of","BIKE","False","False","83005","LEIGH AV","STOKES ST","37.30142851","-121.922858"
"725425","CR-0000104921","0","0","0","0","24-172-0031","False","False","222","6/20/2024 12:47:00 AM","No Pedestrians Involved","Dry","No Unusual Conditions","Dark - Street Light","Violation Driver 1","No Controls Present/Factor","Clear","Rear End","Non-Related","Parked Vehicle","Not Applicable","Not Applicable","West Of","","False","True","83005","LEIGH AV","STOKES ST","37.30142851","-121.922858"
"692404","CR-0000097687","0","0","0","0","23-080-0128","True","False","0","3/21/2023 7:12:00 AM","No Pedestrians Involved","Wet","No Unusual Conditions","Dusk - Dawn","Violation Driver 1","No Controls Present/Factor","Rain","Hit Object","Intersection","Fixed Object","Not Applicable","Not Applicable","At","LIGHT POLE","True","True","54450","EDISON DR","ROUGH AND READY RD","37.37238494","-121.8416754"
"689555","CR-0000095532","1","0","0","0","22-365-0148","False","False","54","12/31/2022 3:45:00 AM","No Pedestrians Involved","Wet","No Unusual Conditions","Dark - Street Light","Violation Driver 1","No Controls Present/Factor","Rain","Sideswipe","Non-Related","Parked Vehicle","Not Applicable","Not Applicable","South Of","","True","False","5862","ALTA MIRA PL","ROSS AV","37.26856202","-121.9200522"
"681298","CR-0000090684","0","0","0","0","22-012-4004","False","True","","1/10/2022 11:42:00 PM","No Pedestrians Involved","Unknown","Unknown","Unknown","Unknown","Unknown","Unknown","Sideswipe","Related","Parked Vehicle","Not Applicable","Not Applicable","Unknown","","False","False","64602","GARDENDALE DR","REDCLIFF DR","37.27500945","-121.8829122"
"725451","CR-0000104947","0","0","0","0","24-140-4002","False","True","51","5/19/2024 1:05:00 AM","No Pedestrians Involved","Unknown","Unknown","Unknown","Unknown","Unknown","Unknown","Sideswipe","Non-Related","Parked Vehicle","Not Applicable","Not Applicable","East Of","","False","False","41260","COLDWATER DR","HAYWORTH DR","37.34521345","-121.8037785"
"726834","CR-0000105375","0","0","0","0","24-193-0355","False","False","51","7/11/2024 10:53:00 AM","No Pedestrians Involved","Dry","No Unusual Conditions","Daylight","Violation Driver 1","Controls Functioning","Clear","Sideswipe","Non-Related","Parked Vehicle","Not Applicable","Not Applicable","North Of","","False","False","41260","COLDWATER DR","HAYWORTH DR","37.34521345","-121.8037785"
"681894","CR-0000091376","0","0","0","1","22-061-0677","False","False","51","3/2/2022 4:45:00 PM","In Road - Includes Shoulder","Dry","No Unusual Conditions","Daylight","Violation Driver 1","No Controls Present/Factor","Clear","Vehicle/Pedestrian","Non-Related","Pedestrian","No Direction (Not Walking)","No Direction (Not Walking)","North Of","PED Fatality","False","True","111320","SYLVAN DR","WHITE RD","37.34270686","-121.8069843"
"683519","CR-0000093117","0","0","0","0","22-202-0499","True","False","24","7/21/2022 1:33:00 PM","No Pedestrians Involved","Dry","No Unusual Conditions","Daylight","Violation Driver 1","Controls Functioning","Clear","Hit Object","Related","Fixed Object","Not Applicable","Not Applicable","North Of","TRAFFIC SIGN/POLE","True","False","111320","SYLVAN DR","WHITE RD","37.34270686","-121.8069843"
"690132","CR-0000096204","0","0","0","0","22-345-0205","False","False","42","12/11/2022 10:07:00 AM","No Pedestrians Involved","Unknown","Other","Dusk - Dawn","Violation Driver 1","Controls Functioning","Unknown","Rear End","Related","Parked Vehicle","Not Applicable","Not Applicable","East Of","","True","True","111320","SYLVAN DR","WHITE RD","37.34270686","-121.8069843"
"711534","CR-0000101524","0","0","0","0","23-365-0027","False","False","243","12/31/2023 12:26:00 AM","No Pedestrians Involved","Dry","No Unusual Conditions","Dark - No Street Light","Violation Driver 1","No Controls Present/Factor","Clear","Rear End","Non-Related","Parked Vehicle","Not Applicable","Not Applicable","East Of","","False","True","111320","SYLVAN DR","WHITE RD","37.34270686","-121.8069843"
"694232","CR-0000097889","0","1","0","0","23-116-0940","False","False","278","4/26/2023 11:30:00 PM","No Pedestrians Involved","Dry","No Unusual Conditions","Dark - Street Light","Violation Driver 1","Unknown","Clear","Sideswipe","Non-Related","Parked Vehicle","Not Applicable","Not Applicable","West Of","","False","False","71136","HAYWORTH DR","SYLVAN DR","37.34462373","-121.8032441"
"685143","CR-0000093817","0","0","0","0","22-234-0651","False","False","0","8/22/2022 3:36:00 PM","No Pedestrians Involved","Dry","No Unusual Conditions","Daylight","Violation Driver 1","No Controls Present/Factor","Clear","Sideswipe","Intersection","Parked Vehicle","Not Applicable","Not Applicable","At","","False","True","61478","FLINTDALE DR","FLINTMONT DR","37.34469408","-121.8014469"
"722118","CR-0000103383","0","0","0","0","24-071-0237","False","False","87","3/10/2024 5:28:00 AM","No Pedestrians Involved","Dry","Unknown","Dark - Street Light","Violation Driver 1","Unknown","Clear","Head On","Non-Related","Parked Vehicle","Not Applicable","Not Applicable","South Of","","False","True","41250","COLDWATER DR","FLINT AV","37.34674361","-121.8010288"
"692558","CR-0000097849","1","1","0","0","23-096-0361","False","False","40","4/6/2023 11:16:00 AM","No Pedestrians Involved","Dry","No Unusual Conditions","Daylight","Violation Driver 1","No Controls Present/Factor","Clear","Broadside","Related","Other Vehicle","Not Applicable","Not Applicable","South Of","","False","False","7171","ANDORA DR","FLINT AV","37.34721607","-121.8017173"
"691193","CR-0000097395","0","0","0","0","23-057-0052","False","False","48","2/26/2023 12:49:00 AM","No Pedestrians Involved","Dry","No Unusual Conditions","Dark - Street Light","Violation Driver 1","No Controls Present/Factor","Clear","Hit Object","Related","Fixed Object","Not Applicable","Not Applicable","West Of","Metal Fence","True","True","61302","FLINT AV","MARTEN AV","37.34769258","-121.8024016"
"690623","CR-0000096744","1","0","0","0","23-020-0536","False","False","415","1/20/2023 2:55:00 PM","No Pedestrians Involved","Dry","No Unusual Conditions","Daylight","Violation Driver 1","Controls Functioning","Clear","Rear End","Non-Related","Other Vehicle","Not Applicable","Not Applicable","West Of","","False","False","61302","FLINT AV","MARTEN AV","37.34769258","-121.8024016"
"687449","CR-0000094228","0","1","0","0","22-252-0685","False","False","0","9/9/2022 4:26:00 PM","Crossing In Crosswalk - At Intersection","Dry","No Unusual Conditions","Daylight","Violation Driver 1","No Controls Present/Factor","Clear","Vehicle/Pedestrian","Intersection","Pedestrian","West","East","At","PED","False","False","61302","FLINT AV","MARTEN AV","37.34769258","-121.8024016"
"682137","CR-0000091652","0","0","0","0","22-061-4002","False","True","51","3/2/2022 12:00:00 PM","No Pedestrians Involved","Unknown","Unknown","Daylight","Unknown","Unknown","Unknown","Sideswipe","Non-Related","Parked Vehicle","Not Applicable","Not Applicable","West Of","","False","False","61302","FLINT AV","MARTEN AV","37.34769258","-121.8024016"
"679949","CR-0000089172","0","0","0","0","22-012-0159","False","False","0","1/12/2022 8:07:00 AM","No Pedestrians Involved","Dry","No Unusual Conditions","Daylight","Violation Driver 1","No Controls Present/Factor","Clear","Broadside","Intersection","Other Vehicle","Not Applicable","Not Applicable","At","","True","False","5675","ALMOND DR/GLEN COMO WY","WHITE RD","37.33342008","-121.7998646"
"689255","CR-0000095217","0","1","0","0","22-293-0208","False","False","0","10/20/2022 8:26:00 AM","No Pedestrians Involved","Dry","No Unusual Conditions","Daylight","Violation Driver 1","Controls Functioning","Clear","Head On","Intersection","Other Vehicle","Not Applicable","Not Applicable","At","","False","False","5675","ALMOND DR/GLEN COMO WY","WHITE RD","37.33342008","-121.7998646"
"691202","CR-0000097405","0","0","0","0","23-061-4003","False","True","51","2/28/2023 4:30:00 PM","No Pedestrians Involved","Unknown","Unknown","Unknown","Unknown","Unknown","Unknown","Other","Non-Related","Parked Vehicle","Not Applicable","Not Applicable","East Of","","False","False","5675","ALMOND DR/GLEN COMO WY","WHITE RD","37.33342008","-121.7998646"
"722086","CR-0000103340","0","0","0","0","24-068-4008","False","True","0","3/6/2024 5:00:00 PM","No Pedestrians Involved","Unknown","Unknown","Unknown","Unknown","Unknown","Unknown","Broadside","Intersection","Other Vehicle","Not Applicable","Not Applicable","At","","False","False","5675","ALMOND DR/GLEN COMO WY","WHITE RD","37.33342008","-121.7998646"
"717457","CR-0000102481","0","0","1","0","24-080-0465","False","False","0","3/20/2024 1:09:00 PM","No Pedestrians Involved","Dry","No Unusual Conditions","Daylight","Violation Driver 1","No Controls Present/Factor","Clear","Broadside","Intersection","Motorcycle","Not Applicable","Not Applicable","At","","False","False","27191","BURKETTE DR/MAILBU DR","DOYLE RD","37.30299567","-121.9818859"
"687493","CR-0000094281","0","0","0","0","22-258-0027","False","False","105","9/15/2022 12:47:00 AM","No Pedestrians Involved","Dry","No Unusual Conditions","Dark - Street Light","Violation Driver 1","No Controls Present/Factor","Clear","Rear End","Non-Related","Parked Vehicle","Not Applicable","Not Applicable","South Of","","True","False","27191","BURKETTE DR/MAILBU DR","DOYLE RD","37.30299567","-121.9818859"
"688982","CR-0000094841","0","0","0","0","22-251-4000","False","True","51","9/8/2022 11:20:00 AM","No Pedestrians Involved","Unknown","Unknown","Daylight","Unknown","Unknown","Unknown","Other","Non-Related","Parked Vehicle","Not Applicable","Not Applicable","South Of","","False","True","116632","SARATOGA FRONTAGE RD","SAVOY DR","37.30130239","-121.9815322"
"687621","CR-0000094414","1","0","0","0","22-272-0586","False","False","0","9/29/2022 4:06:00 PM","No Pedestrians Involved","Dry","Construction - Repair Zone","Daylight","Violation Driver 1","No Controls Present/Factor","Clear","Broadside","Intersection","Other Vehicle","Not Applicable","Not Applicable","At","","False","False","41788","COLLEGE DR","KINGMAN AV","37.31336127","-121.919376"
"682549","CR-0000092116","1","0","0","0","22-129-0168","False","False","0","5/9/2022 8:23:00 AM","Crossing - Not In Crosswalk","Dry","No Unusual Conditions","Daylight","Violation Driver 1","No Controls Present/Factor","Clear","Vehicle/Pedestrian","Intersection","Pedestrian","East","West","At","PEDESTRIAN","False","False","41788","COLLEGE DR","KINGMAN AV","37.31336127","-121.919376"
"716096","CR-0000102054","0","1","0","0","24-018-0396","False","False","616","1/18/2024 12:42:00 PM","Not In Road","Dry","No Unusual Conditions","Daylight","Violation Driver 1","No Controls Present/Factor","Clear","Broadside","Non-Related","Parked Vehicle","No Direction (Not Walking)","No Direction (Not Walking)","South Of","PED","True","False","137114","SILVER CREEK VALLEY PL","SILVER CREEK VALLEY RD","37.25715502","-121.7914105"
"685421","CR-0000094156","0","0","0","0","22-265-0285","False","False","400","9/22/2022 9:58:00 AM","No Pedestrians Involved","Dry","No Unusual Conditions","Daylight","Violation Driver 1","Controls Functioning","Clear","Sideswipe","Non-Related","Parked Vehicle","Not Applicable","Not Applicable","East Of","","False","False","140326","CHARLOTTE DR","LEXINGTON AV","37.24974447","-121.8011764"
"691283","CR-0000097528","0","0","0","0","23-037-0181","False","False","290","2/5/2023 7:00:00 PM","No Pedestrians Involved","Dry","No Unusual Conditions","Dark - Street Light","Violation Driver 1","No Controls Present/Factor","Clear","Other","Non-Related","Other Vehicle","Not Applicable","Not Applicable","East Of","","False","False","140326","CHARLOTTE DR","LEXINGTON AV","37.24974447","-121.8011764"
"690424","CR-0000096523","0","0","0","0","22-284-4004","False","True","51","1/11/2022 1:30:00 PM","No Pedestrians Involved","Unknown","Unknown","Unknown","Unknown","Unknown","Unknown","Broadside","Non-Related","Other Vehicle","Not Applicable","Not Applicable","North Of","","False","False","140326","CHARLOTTE DR","LEXINGTON AV","37.24974447","-121.8011764"
"689189","CR-0000095090","1","0","0","1","22-314-0631","False","False","0","11/10/2022 4:11:00 PM","No Pedestrians Involved","Dry","No Unusual Conditions","Daylight","Unknown","Controls Functioning","Clear","Head On","Intersection","Motorcycle","Not Applicable","Not Applicable","At","","False","False","140381","CORONADO AV","COTTLE RD","37.24843523","-121.8039784"
"719687","CR-0000102858","0","0","0","0","24-019-4002","False","True","51","1/19/2024 12:40:00 PM","No Pedestrians Involved","Unknown","Unknown","Unknown","Unknown","Unknown","Unknown","Other","Non-Related","Parked Vehicle","Not Applicable","Not Applicable","East Of","","False","False","140381","CORONADO AV","COTTLE RD","37.24843523","-121.8039784"
"719742","CR-0000102914","0","0","0","0","24-019-0268","False","False","150","1/19/2024 9:54:00 AM","No Pedestrians Involved","Dry","No Unusual Conditions","Daylight","Violation Driver 1","No Controls Present/Factor","Clear","Rear End","Non-Related","Other Vehicle","Not Applicable","Not Applicable","East Of","","True","True","140381","CORONADO AV","COTTLE RD","37.24843523","-121.8039784"
"688835","CR-0000094690","0","0","0","0","22-292-0092","False","False","108","10/19/2022 3:24:00 AM","No Pedestrians Involved","Dry","No Unusual Conditions","Dark - Street Light","Violation Driver 1","No Controls Present/Factor","Clear","Sideswipe","Non-Related","Parked Vehicle","Not Applicable","Not Applicable","West Of","","False","True","140370","CHARLOTTE DR","CORONADO AV","37.24845638","-121.8011566"
"689945","CR-0000095984","1","1","0","0","22-310-0746","False","False","0","11/6/2022 7:59:00 PM","No Pedestrians Involved","Dry","No Unusual Conditions","Daylight","Violation Driver 1","Controls Functioning","Clear","Broadside","Intersection","Other Vehicle","Not Applicable","Not Applicable","At","","False","False","140370","CHARLOTTE DR","CORONADO AV","37.24845638","-121.8011566"
"694379","CR-0000098323","1","1","0","0","23-166-0202","False","False","0","6/15/2023 7:11:00 AM","No Pedestrians Involved","Dry","No Unusual Conditions","Daylight","Violation Driver 1","Controls Functioning","Clear","Broadside","Intersection","Other Vehicle","Not Applicable","Not Applicable","At","","False","False","140370","CHARLOTTE DR","CORONADO AV","37.24845638","-121.8011566"
"690006","CR-0000096031","1","0","0","0","22-241-0849","False","False","0","8/26/2022 8:45:00 PM","Crossing In Crosswalk - At Intersection","Dry","No Unusual Conditions","Dusk - Dawn","Violation Driver 1","Controls Functioning","Clear","Vehicle/Pedestrian","Intersection","Pedestrian","South","North","At","PED","False","True","138357","CHARLOTTE DR","GREAT OAKS BL/DW","37.25163213","-121.8016014"
"690130","CR-0000096206","0","0","0","0","22-337-0311","False","False","0","12/3/2022 11:19:00 AM","No Pedestrians Involved","Wet","No Unusual Conditions","Daylight","Violation Driver 1","Controls Functioning","Rain","Sideswipe","Intersection","Other Vehicle","Not Applicable","Not Applicable","At","","False","True","138357","CHARLOTTE DR","GREAT OAKS BL/DW","37.25163213","-121.8016014"