"CrashFactId","Name","MinorInjuries","ModerateInjuries","SevereInjuries","FatalInjuries","TcrNumber","CityDamageFlag","ShortFormFlag","Distance","CrashDateTime","PedestrianAction","RoadwaySurface","RoadwayCondition","Lighting","PrimaryCollisionFactor","TrafficControl","Weather","CollisionType","ProximityToIntersection","VehicleInvolvedWith","PedestrianDirectionFrom","PedestrianDirectionTo","DirectionFromIntersection","Comment","SpeedingFlag","HitAndRunFlag","IntersectionNumber","AStreetName","BStreetName","Latitude","Longitude"
"685059","CR-0000093728","1","1","0","0","22-242-1083","False","False","0","8/30/2022 11:40:00 PM","No Pedestrians Involved","Dry","No Unusual Conditions","Dark - Street Light","Violation Driver 1","Controls Functioning","Clear","Broadside","Intersection","Other Vehicle","Not Applicable","Not Applicable","At","","False","False","60708","FIRST ST","VIRGINIA ST","37.32405739","-121.8815439"
"685226","CR-0000093905","1","0","0","0","22-248-0196","False","False","0","9/5/2022 5:36:00 AM","No Pedestrians Involved","Dry","No Unusual Conditions","Dark - Street Light","Violation Driver 1","Controls Functioning","Clear","Broadside","Intersection","Other Vehicle","Not Applicable","Not Applicable","At","","False","False","60708","FIRST ST","VIRGINIA ST","37.32405739","-121.8815439"
"682959","CR-0000092555","1","1","0","0","22-171-0516","False","False","0","6/20/2022 1:49:00 PM","No Pedestrians Involved","Dry","No Unusual Conditions","Daylight","Violation Driver 1","Controls Functioning","Clear","Broadside","Intersection","Other Vehicle","Not Applicable","Not Applicable","At","","False","False","60708","FIRST ST","VIRGINIA ST","37.32405739","-121.8815439"
"683294","CR-0000092880","1","0","0","0","22-140-0467","False","False","0","5/20/2022 12:36:00 PM","No Pedestrians Involved","Dry","No Unusual Conditions","Daylight","Violation Driver 1","Controls Functioning","Clear","Head On","Intersection","Other Vehicle","Not Applicable","Not Applicable","At","","False","False","60708","FIRST ST","VIRGINIA ST","37.32405739","-121.8815439"
"682399","CR-0000091962","0","0","0","0","22-113-0062","False","False","0","4/23/2022 2:22:00 AM","No Pedestrians Involved","Dry","No Unusual Conditions","Dark - Street Light","Violation Driver 1","Controls Functioning","Clear","Sideswipe","Intersection","Fixed Object","Not Applicable","Not Applicable","At","Curb","False","True","60708","FIRST ST","VIRGINIA ST","37.32405739","-121.8815439"
"681738","CR-0000091138","1","0","0","0","22-051-0757","False","False","0","2/20/2022 7:49:00 PM","No Pedestrians Involved","Dry","No Unusual Conditions","Dark - Street Light","Violation Driver 1","Controls Functioning","Clear","Broadside","Intersection","Other Vehicle","Not Applicable","Not Applicable","At","","False","False","60708","FIRST ST","VIRGINIA ST","37.32405739","-121.8815439"
"681964","CR-0000091473","1","0","0","0","22-060-0261","False","False","0","3/1/2022 9:26:00 AM","No Pedestrians Involved","Dry","No Unusual Conditions","Daylight","Unknown","Controls Functioning","Clear","Vehicle/Bike","Intersection","Bike","Not Applicable","Not Applicable","At","Bike","False","False","60708","FIRST ST","VIRGINIA ST","37.32405739","-121.8815439"
"681579","CR-0000090976","0","0","0","0","22-043-0569","True","False","0","2/12/2022 4:00:00 PM","No Pedestrians Involved","Dry","No Unusual Conditions","Daylight","Violation Driver 1","Controls Functioning","Clear","Sideswipe","Intersection","Fixed Object","Not Applicable","Not Applicable","At","TRAFFIC SIGNAL","False","False","60708","FIRST ST","VIRGINIA ST","37.32405739","-121.8815439"
"681507","CR-0000090897","0","1","0","0","22-036-0545","False","False","0","2/5/2022 4:00:00 PM","No Pedestrians Involved","Dry","No Unusual Conditions","Daylight","Violation Driver 1","Controls Functioning","Clear","Head On","Intersection","Other Vehicle","Not Applicable","Not Applicable","At","","False","False","60708","FIRST ST","VIRGINIA ST","37.32405739","-121.8815439"
"726836","CR-0000105377","1","2","0","0","24-193-0697","True","False","0","7/11/2024 5:13:00 PM","No Pedestrians Involved","Dry","No Unusual Conditions","Daylight","Violation Driver 1","Controls Functioning","Clear","Broadside","Intersection","Other Vehicle","Not Applicable","Not Applicable","At","LIGHT POLE","False","False","60708","FIRST ST","VIRGINIA ST","37.32405739","-121.8815439"
"720895","CR-0000103112","0","0","0","0","24-046-0334","False","False","0","2/15/2024 11:03:00 AM","No Pedestrians Involved","Dry","No Unusual Conditions","Daylight","Violation Driver 1","Controls Functioning","Clear","Sideswipe","Intersection","Other Vehicle","Not Applicable","Not Applicable","At","","False","True","60708","FIRST ST","VIRGINIA ST","37.32405739","-121.8815439"
"712117","CR-0000100910","2","0","0","0","23-333-0885","False","False","0","11/29/2023 9:04:00 PM","No Pedestrians Involved","Dry","No Unusual Conditions","Dark - Street Light","Violation Driver 1","Controls Functioning","Cloudy","Broadside","Intersection","Other Vehicle","Not Applicable","Not Applicable","At","","False","True","60708","FIRST ST","VIRGINIA ST","37.32405739","-121.8815439"
"688680","CR-0000094501","1","0","0","0","22-263-0767","False","False","165","9/20/2022 6:10:00 PM","No Pedestrians Involved","Dry","No Unusual Conditions","Daylight","Violation Driver 1","No Controls Present/Factor","Clear","Vehicle/Bike","Non-Related","Bike","Not Applicable","Not Applicable","North Of","BIKE","False","False","132440","LUCRETIA AV","WINIFRED DR","37.31903541","-121.8464438"
"698899","CR-0000100198","1","0","0","0","23-314-0946","False","False","","11/10/2023 11:35:00 PM","No Pedestrians Involved","Dry","No Unusual Conditions","Dark - Street Light","Violation Driver 1","Controls Functioning","Clear","Head On","Related","Other Vehicle","Not Applicable","Not Applicable","Unknown","","False","True","132440","LUCRETIA AV","WINIFRED DR","37.31903541","-121.8464438"
"682546","CR-0000092113","1","0","0","0","22-127-0644","False","False","0","5/7/2022 4:46:00 PM","No Pedestrians Involved","Dry","No Unusual Conditions","Daylight","Violation Driver 1","Controls Functioning","Clear","Broadside","Intersection","Other Vehicle","Not Applicable","Not Applicable","At","","False","False","36607","CHAPEL HILL WY","LUCRETIA AV","37.32067644","-121.8480679"
"723732","CR-0000104127","1","0","0","0","24-122-0423","False","False","90","5/1/2024 12:25:00 PM","No Pedestrians Involved","Dry","No Unusual Conditions","Daylight","Violation Driver 1","Controls Functioning","Clear","Vehicle/Bike","Non-Related","Bike","Not Applicable","Not Applicable","East Of","BIKE","False","False","36607","CHAPEL HILL WY","LUCRETIA AV","37.32067644","-121.8480679"
"699429","CR-0000100761","1","0","0","0","23-316-0790","False","False","520","11/12/2023 7:50:00 PM","No Pedestrians Involved","Dry","No Unusual Conditions","Dark - Street Light","Violation Driver 1","No Controls Present/Factor","Clear","Rear End","Non-Related","Parked Vehicle","Not Applicable","Not Applicable","South Of","","True","False","53283","DURNESS PL","GLENFINNAN DR","37.32156894","-121.8439726"
"682445","CR-0000092009","0","0","1","0","22-107-0381","False","False","0","4/17/2022 12:16:00 PM","No Pedestrians Involved","Dry","No Unusual Conditions","Daylight","Violation Driver 1","Controls Functioning","Clear","Hit Object","Intersection","Fixed Object","Not Applicable","Not Applicable","At","","True","False","85832","LUCRETIA AV","LUCRETIA CT","37.32307224","-121.8504657"
"689033","CR-0000094927","0","1","0","0","22-302-0742","False","False","21","10/29/2022 7:13:00 PM","No Pedestrians Involved","Dry","No Unusual Conditions","Dark - Street Light","Bike At Fault","Controls Functioning","Clear","Vehicle/Bike","Related","Bike","Not Applicable","Not Applicable","South Of","BIKE","False","False","85865","LUCRETIA AV","PHELAN AV","37.32203918","-121.8493935"
"711654","CR-0000101374","0","0","0","0","23-310-4001","False","True","51","11/5/2023 6:05:00 PM","No Pedestrians Involved","Unknown","Unknown","Unknown","Unknown","Unknown","Unknown","Other","Non-Related","Parked Vehicle","Not Applicable","Not Applicable","West Of","","False","False","85865","LUCRETIA AV","PHELAN AV","37.32203918","-121.8493935"
"698992","CR-0000100296","1","0","0","0","23-318-0164","False","False","20","11/14/2023 7:44:00 AM","No Pedestrians Involved","Dry","No Unusual Conditions","Daylight","Violation Driver 1","Controls Functioning","Clear","Rear End","Related","Other Vehicle","Not Applicable","Not Applicable","North Of","","False","False","85865","LUCRETIA AV","PHELAN AV","37.32203918","-121.8493935"
"699012","CR-0000100317","0","1","0","0","23-321-0202","False","False","0","11/17/2023 8:27:00 AM","Crossing In Crosswalk - At Intersection","Dry","No Unusual Conditions","Daylight","Violation Driver 1","Controls Functioning","Clear","Vehicle/Pedestrian","Intersection","Skateboard","North","South","At","PED SKATEBOARD","False","False","85865","LUCRETIA AV","PHELAN AV","37.32203918","-121.8493935"
"694114","CR-0000098029","1","0","0","0","23-106-0736","False","False","24","4/16/2023 9:02:00 PM","No Pedestrians Involved","Dry","No Unusual Conditions","Dark - Street Light","Violation Driver 1","Controls Functioning","Clear","Rear End","Related","Other Vehicle","Not Applicable","Not Applicable","South Of","","True","True","2573","ALAMEDA","NEWHALL ST","37.34346951","-121.9285908"
"690080","CR-0000096158","0","0","0","0","22-209-9701","False","True","0","7/28/2022 8:05:00 AM","No Pedestrians Involved","Dry","No Unusual Conditions","Daylight","Unknown","Controls Functioning","Clear","Sideswipe","Intersection","Other Vehicle","Not Applicable","Not Applicable","At","","False","True","2573","ALAMEDA","NEWHALL ST","37.34346951","-121.9285908"
"690883","CR-0000097027","0","0","0","0","23-017-9702","False","True","0","1/16/2023 5:00:00 PM","No Pedestrians Involved","Dry","No Unusual Conditions","Daylight","Unknown","Controls Functioning","Clear","Sideswipe","Intersection","Other Vehicle","Not Applicable","Not Applicable","At","","False","False","2573","ALAMEDA","NEWHALL ST","37.34346951","-121.9285908"
"688890","CR-0000094747","2","0","0","0","22-278-0764","False","False","43","10/5/2022 5:46:00 PM","No Pedestrians Involved","Dry","No Unusual Conditions","Daylight","Violation Driver 1","No Controls Present/Factor","Clear","Broadside","Related","Other Vehicle","Not Applicable","Not Applicable","North Of","","False","False","2573","ALAMEDA","NEWHALL ST","37.34346951","-121.9285908"
"684876","CR-0000093515","0","0","0","0","22-183-0680","False","False","32","7/2/2022 5:53:00 PM","No Pedestrians Involved","Dry","No Unusual Conditions","Daylight","Other Than Driver","Controls Not Functioning","Clear","Rear End","Related","Other Vehicle","Not Applicable","Not Applicable","South Of","Traffic lights not functioning","False","False","2573","ALAMEDA","NEWHALL ST","37.34346951","-121.9285908"
"684681","CR-0000093309","0","2","0","0","22-168-0484","False","False","0","6/17/2022 1:30:00 PM","No Pedestrians Involved","Dry","No Unusual Conditions","Daylight","Violation Driver 1","Controls Functioning","Clear","Head On","Intersection","Other Vehicle","Not Applicable","Not Applicable","At","","False","False","2573","ALAMEDA","NEWHALL ST","37.34346951","-121.9285908"
"682776","CR-0000092355","0","0","0","0","22-140-0876","False","False","0","5/20/2022 7:47:00 PM","No Pedestrians Involved","Dry","No Unusual Conditions","Dark - Street Light","Violation Driver 1","Controls Functioning","Clear","Rear End","Intersection","Other Vehicle","Not Applicable","Not Applicable","At","","True","True","2573","ALAMEDA","NEWHALL ST","37.34346951","-121.9285908"
"681895","CR-0000091377","0","0","0","1","22-023-0186","False","False","0","1/23/2022 4:40:00 AM","Crossing In Crosswalk - At Intersection","Dry","No Unusual Conditions","Dark - Street Light","Violation Driver 1","Controls Functioning","Clear","Vehicle/Pedestrian","Intersection","Pedestrian","Unknown","Unknown","At","PED","False","False","2573","ALAMEDA","NEWHALL ST","37.34346951","-121.9285908"
"717401","CR-0000102403","0","0","0","1","24-176-0176","False","False","0","6/24/2024 6:36:00 AM","No Pedestrians Involved","Dry","No Unusual Conditions","Daylight","Unknown","Controls Functioning","Clear","Broadside","Intersection","Motorcycle","Not Applicable","Not Applicable","At","MC FATALITY","False","False","2573","ALAMEDA","NEWHALL ST","37.34346951","-121.9285908"
"681756","CR-0000091156","0","0","0","0","22-053-0558","False","False","112","2/22/2022 3:41:00 PM","No Pedestrians Involved","Dry","No Unusual Conditions","Daylight","Violation Driver 1","Controls Functioning","Clear","Sideswipe","Non-Related","Other Vehicle","Not Applicable","Not Applicable","East Of","","False","False","136597","SANTANA ROW/WESTFIELD DW","STEVENS CREEK BL","37.32336471","-121.9478369"
"681785","CR-0000091185","0","0","0","0","22-056-1066","False","False","0","2/25/2022 11:55:00 PM","No Pedestrians Involved","Dry","No Unusual Conditions","Dark - Street Light","Violation Driver 1","Controls Functioning","Clear","Broadside","Intersection","Other Vehicle","Not Applicable","Not Applicable","At","","False","True","136597","SANTANA ROW/WESTFIELD DW","STEVENS CREEK BL","37.32336471","-121.9478369"
"681431","CR-0000090821","0","0","0","0","22-027-4004","False","True","51","1/26/2022 2:14:00 PM","No Pedestrians Involved","Unknown","Unknown","Daylight","Unknown","Unknown","Unknown","Rear End","Non-Related","Other Vehicle","Not Applicable","Not Applicable","West Of","","False","False","136597","SANTANA ROW/WESTFIELD DW","STEVENS CREEK BL","37.32336471","-121.9478369"
"690265","CR-0000096356","0","0","0","0","22-268-9701","False","True","0","9/25/2022 12:05:00 PM","No Pedestrians Involved","Dry","No Unusual Conditions","Daylight","Unknown","Controls Functioning","Clear","Broadside","Intersection","Other Vehicle","Not Applicable","Not Applicable","At","","False","False","136597","SANTANA ROW/WESTFIELD DW","STEVENS CREEK BL","37.32336471","-121.9478369"
"711559","CR-0000101165","0","0","0","0","23-326-4002","False","True","51","11/21/2023 5:50:00 PM","No Pedestrians Involved","Unknown","Unknown","Unknown","Unknown","Unknown","Unknown","Rear End","Non-Related","Other Vehicle","Not Applicable","Not Applicable","East Of","","False","False","136597","SANTANA ROW/WESTFIELD DW","STEVENS CREEK BL","37.32336471","-121.9478369"
"681183","CR-0000090563","0","0","0","0","22-001-0055","False","False","20","1/1/2022 12:47:00 AM","No Pedestrians Involved","Dry","No Unusual Conditions","Dark - Street Light","Violation Driver 1","No Controls Present/Factor","Clear","Sideswipe","Related","Parked Vehicle","Not Applicable","Not Applicable","West Of","","False","False","103399","REDWOOD AV","STEVENS CREEK BL","37.32336616","-121.946809"
"681244","CR-0000090629","0","0","0","0","22-031-9706","False","True","51","1/29/2022 3:10:00 PM","No Pedestrians Involved","Dry","No Unusual Conditions","Daylight","Violation Driver 1","No Controls Present/Factor","Clear","Rear End","Non-Related","Parked Vehicle","Not Applicable","Not Applicable","South Of","","False","False","93202","MOORPARK AV","WINCHESTER BL","37.31608842","-121.9501178"
"682843","CR-0000092423","0","1","0","0","22-148-0727","False","False","45","5/28/2022 5:45:00 PM","No Pedestrians Involved","Dry","No Unusual Conditions","Daylight","Violation Driver 1","Controls Functioning","Clear","Sideswipe","Related","Other Vehicle","Not Applicable","Not Applicable","North Of","","False","False","93202","MOORPARK AV","WINCHESTER BL","37.31608842","-121.9501178"
"685166","CR-0000093842","0","0","0","0","22-238-0585","False","False","26","8/26/2022 4:00:00 PM","No Pedestrians Involved","Dry","No Unusual Conditions","Daylight","Violation Driver 1","No Controls Present/Factor","Clear","Rear End","Related","Other Vehicle","Not Applicable","Not Applicable","South Of","","False","True","93202","MOORPARK AV","WINCHESTER BL","37.31608842","-121.9501178"
"688813","CR-0000094659","0","0","0","0","22-332-4001","False","True","51","9/28/2022 8:10:00 AM","No Pedestrians Involved","Unknown","Unknown","Daylight","Unknown","Unknown","Unknown","Rear End","Non-Related","Other Vehicle","Not Applicable","Not Applicable","Unknown","","False","False","93202","MOORPARK AV","WINCHESTER BL","37.31608842","-121.9501178"
"689566","CR-0000095543","1","0","1","0","22-358-0782","True","False","215","12/24/2022 10:40:00 PM","No Pedestrians Involved","Dry","Unknown","Dark - Street Light","Violation Driver 1","Controls Functioning","Clear","Hit Object","Non-Related","Fixed Object","Not Applicable","Not Applicable","East Of","TREE","True","False","93202","MOORPARK AV","WINCHESTER BL","37.31608842","-121.9501178"
"699447","CR-0000100806","0","0","0","0","23-198-0575","True","False","90","7/17/2023 3:45:00 PM","No Pedestrians Involved","Dry","No Unusual Conditions","Daylight","Violation Driver 1","Controls Functioning","Clear","Hit Object","Non-Related","Fixed Object","Not Applicable","Not Applicable","South Of","LIGHT POLE","False","True","93202","MOORPARK AV","WINCHESTER BL","37.31608842","-121.9501178"
"711821","CR-0000101020","0","0","0","0","23-257-0898","False","False","42","9/14/2023 8:56:00 PM","No Pedestrians Involved","Dry","No Unusual Conditions","Dark - Street Light","Violation Driver 1","Controls Functioning","Clear","Rear End","Related","Other Vehicle","Not Applicable","Not Applicable","North Of","","True","True","93202","MOORPARK AV","WINCHESTER BL","37.31608842","-121.9501178"
"699059","CR-0000100365","1","0","0","0","23-340-0126","False","False","0","12/6/2023 5:19:00 AM","No Pedestrians Involved","Dry","No Unusual Conditions","Dark - Street Light","Violation Driver 1","Controls Functioning","Clear","Broadside","Intersection","Other Vehicle","Not Applicable","Not Applicable","At","","False","True","93202","MOORPARK AV","WINCHESTER BL","37.31608842","-121.9501178"
"695930","CR-0000099059","0","0","0","0","23-243-4001","False","True","","8/30/2023 1:39:00 PM","No Pedestrians Involved","Unknown","Unknown","Unknown","Unknown","Unknown","Unknown","Sideswipe","Related","Unknown","Not Applicable","Not Applicable","Unknown","","False","False","93202","MOORPARK AV","WINCHESTER BL","37.31608842","-121.9501178"
"690969","CR-0000097140","2","0","0","0","23-052-1006","False","False","0","2/21/2023 10:00:00 PM","No Pedestrians Involved","Dry","No Unusual Conditions","Dark - Street Light Not Functioning","Violation Driver 1","Controls Not Functioning","Cloudy","Broadside","Intersection","Other Vehicle","Not Applicable","Not Applicable","At","","False","False","93202","MOORPARK AV","WINCHESTER BL","37.31608842","-121.9501178"
"690861","CR-0000097002","0","0","0","0","23-006-0323","True","False","0","1/6/2023 11:12:00 AM","No Pedestrians Involved","Dry","No Unusual Conditions","Daylight","Violation Driver 1","Controls Functioning","Clear","Hit Object","Intersection","Fixed Object","Not Applicable","Not Applicable","At","LIGHT POLE","False","False","93202","MOORPARK AV","WINCHESTER BL","37.31608842","-121.9501178"
"691342","CR-0000097589","1","1","0","0","23-088-0650","False","False","0","3/29/2023 4:18:00 PM","No Pedestrians Involved","Wet","No Unusual Conditions","Daylight","Violation Driver 1","Unknown","Cloudy","Broadside","Intersection","Other Vehicle","Not Applicable","Not Applicable","At","","False","False","93202","MOORPARK AV","WINCHESTER BL","37.31608842","-121.9501178"
"691178","CR-0000097380","0","0","0","0","23-054-4000","False","True","0","2/22/2023 10:40:00 AM","No Pedestrians Involved","Unknown","Unknown","Daylight","Unknown","Unknown","Unknown","Broadside","Intersection","Other Vehicle","Not Applicable","Not Applicable","At","","False","False","93202","MOORPARK AV","WINCHESTER BL","37.31608842","-121.9501178"
"691075","CR-0000097248","2","0","0","0","23-053-0224","False","False","0","2/22/2023 9:10:00 AM","No Pedestrians Involved","Dry","No Unusual Conditions","Daylight","Violation Driver 1","Controls Not Functioning","Clear","Broadside","Intersection","Other Vehicle","Not Applicable","Not Applicable","At","","False","False","93202","MOORPARK AV","WINCHESTER BL","37.31608842","-121.9501178"
"719813","CR-0000102986","0","0","0","0","24-036-4010","False","True","0","2/5/2024 4:25:00 PM","No Pedestrians Involved","Unknown","Unknown","Unknown","Unknown","Unknown","Unknown","Broadside","Intersection","Other Vehicle","Not Applicable","Not Applicable","At","","False","False","93202","MOORPARK AV","WINCHESTER BL","37.31608842","-121.9501178"
"722257","CR-0000103524","0","0","0","0","24-084-4003","False","True","0","3/24/2024 1:30:00 AM","No Pedestrians Involved","Unknown","Unknown","Unknown","Violation Driver 1","Unknown","Unknown","Broadside","Intersection","Other Vehicle","Not Applicable","Not Applicable","At","","False","False","93202","MOORPARK AV","WINCHESTER BL","37.31608842","-121.9501178"
"722129","CR-0000103394","0","0","0","0","24-070-9703","False","True","51","3/10/2024 11:45:00 AM","No Pedestrians Involved","Dry","No Unusual Conditions","Daylight","Unknown","Unknown","Clear","Rear End","Non-Related","Other Vehicle","Not Applicable","Not Applicable","West Of","","False","False","93202","MOORPARK AV","WINCHESTER BL","37.31608842","-121.9501178"
"724057","CR-0000104448","0","0","0","0","24-133-4002","False","True","51","5/11/2024 12:15:00 PM","No Pedestrians Involved","Unknown","Unknown","Unknown","Unknown","Unknown","Unknown","Rear End","Non-Related","Unknown","Not Applicable","Not Applicable","East Of","","False","True","93202","MOORPARK AV","WINCHESTER BL","37.31608842","-121.9501178"
"723841","CR-0000104237","0","0","0","0","24-129-4005","False","True","0","5/8/2024 7:00:00 PM","No Pedestrians Involved","Unknown","Unknown","Unknown","Unknown","Unknown","Unknown","Broadside","Intersection","Other Vehicle","Not Applicable","Not Applicable","At","","False","False","93202","MOORPARK AV","WINCHESTER BL","37.31608842","-121.9501178"
"725181","CR-0000104662","0","1","0","0","24-159-0706","False","False","0","6/7/2024 8:00:00 PM","No Pedestrians Involved","Dry","No Unusual Conditions","Daylight","Violation Driver 1","Controls Functioning","Clear","Broadside","Intersection","Other Vehicle","Not Applicable","Not Applicable","At","","False","True","93202","MOORPARK AV","WINCHESTER BL","37.31608842","-121.9501178"
"725352","CR-0000104844","0","0","0","0","24-145-0756","False","False","40","5/24/2024 7:20:00 PM","No Pedestrians Involved","Dry","No Unusual Conditions","Daylight","Violation Driver 1","Controls Functioning","Clear","Rear End","Related","Other Vehicle","Not Applicable","Not Applicable","West Of","","True","False","93202","MOORPARK AV","WINCHESTER BL","37.31608842","-121.9501178"
"726918","CR-0000105460","1","0","0","0","24-192-0275","False","False","328","7/10/2024 9:20:00 AM","No Pedestrians Involved","Dry","No Unusual Conditions","Daylight","Violation Driver 1","No Controls Present/Factor","Clear","Broadside","Non-Related","Other Vehicle","Not Applicable","Not Applicable","East Of","","False","False","93202","MOORPARK AV","WINCHESTER BL","37.31608842","-121.9501178"
"727073","CR-0000105605","0","1","0","0","24-212-0712","False","False","51","7/30/2024 5:27:00 PM","No Pedestrians Involved","Dry","No Unusual Conditions","Daylight","Violation Driver 1","Controls Functioning","Clear","Rear End","Non-Related","Other Vehicle","Not Applicable","Not Applicable","South Of","","True","True","93202","MOORPARK AV","WINCHESTER BL","37.31608842","-121.9501178"
"727085","CR-0000105613","1","0","0","0","24-214-9711","False","True","","7/30/2024 5:27:00 PM","No Pedestrians Involved","Dry","No Unusual Conditions","Daylight","Unknown","Controls Functioning","Clear","Rear End","Related","Other Vehicle","Not Applicable","Not Applicable","South Of","","False","False","93202","MOORPARK AV","WINCHESTER BL","37.31608842","-121.9501178"
"694414","CR-0000098368","1","0","0","0","23-155-0669","False","False","0","6/4/2023 6:16:00 PM","No Pedestrians Involved","Dry","No Unusual Conditions","Daylight","Violation Driver 1","Controls Functioning","Clear","Rear End","Intersection","Other Vehicle","Not Applicable","Not Applicable","At","","True","False","40644","CLOVER AV","STEVENS CREEK BL","37.32336002","-121.9444281"
"694636","CR-0000098669","3","0","0","0","23-210-0609","False","False","0","7/29/2023 5:00:00 PM","No Pedestrians Involved","Dry","No Unusual Conditions","Daylight","Violation Driver 1","Controls Functioning","Clear","Rear End","Intersection","Other Vehicle","Not Applicable","Not Applicable","At","","True","False","40644","CLOVER AV","STEVENS CREEK BL","37.32336002","-121.9444281"
"698941","CR-0000100243","3","0","0","0","23-327-0331","False","False","0","11/23/2023 1:38:00 PM","No Pedestrians Involved","Dry","No Unusual Conditions","Daylight","Violation Driver 1","Controls Functioning","Clear","Broadside","Intersection","Other Vehicle","Not Applicable","Not Applicable","At","","False","False","92377","MONROE ST","STEVENS CREEK BL","37.32335832","-121.9433289"
"698829","CR-0000100112","1","0","0","0","23-354-0419","False","False","0","12/20/2023 2:09:00 PM","No Pedestrians Involved","Dry","No Unusual Conditions","Daylight","Unknown","Controls Functioning","Cloudy","Broadside","Intersection","Other Vehicle","Not Applicable","Not Applicable","At","","False","False","92377","MONROE ST","STEVENS CREEK BL","37.32335832","-121.9433289"
"699436","CR-0000100801","0","0","0","0","23-203-0037","True","False","241","7/22/2023 12:50:00 AM","No Pedestrians Involved","Dry","No Unusual Conditions","Dark - Street Light","Violation Driver 1","No Controls Present/Factor","Clear","Hit Object","Non-Related","Fixed Object","Not Applicable","Not Applicable","West Of","Light Pole","True","False","92377","MONROE ST","STEVENS CREEK BL","37.32335832","-121.9433289"
"699400","CR-0000100730","0","0","0","0","23-190-0468","False","False","454","7/9/2023 3:21:00 PM","No Pedestrians Involved","Dry","No Unusual Conditions","Daylight","Violation Driver 1","No Controls Present/Factor","Clear","Rear End","Non-Related","Other Vehicle","Not Applicable","Not Applicable","East Of","","True","True","92377","MONROE ST","STEVENS CREEK BL","37.32335832","-121.9433289"
"699388","CR-0000100716","0","0","0","0","23-190-0441","False","False","529","7/9/2023 2:32:00 PM","No Pedestrians Involved","Dry","No Unusual Conditions","Daylight","Violation Driver 1","Controls Functioning","Clear","Broadside","Non-Related","Other Vehicle","Not Applicable","Not Applicable","East Of","","False","True","92377","MONROE ST","STEVENS CREEK BL","37.32335832","-121.9433289"
"691104","CR-0000097286","1","0","0","0","23-034-0654","False","False","59","2/3/2023 5:27:00 PM","No Pedestrians Involved","Dry","No Unusual Conditions","Daylight","Violation Driver 1","Controls Functioning","Rain","Sideswipe","Non-Related","Other Vehicle","Not Applicable","Not Applicable","West Of","","False","False","92377","MONROE ST","STEVENS CREEK BL","37.32335832","-121.9433289"
"691019","CR-0000097191","1","0","0","0","23-053-0483","False","False","555","2/22/2023 1:51:00 PM","No Pedestrians Involved","Dry","No Unusual Conditions","Daylight","Violation Driver 1","Controls Not Functioning","Clear","Broadside","Non-Related","Other Vehicle","Not Applicable","Not Applicable","East Of","","False","False","92377","MONROE ST","STEVENS CREEK BL","37.32335832","-121.9433289"
"690277","CR-0000096369","0","0","0","0","22-269-4003","False","True","0","9/26/2022 4:01:00 PM","No Pedestrians Involved","Unknown","Unknown","Unknown","Unknown","Unknown","Unknown","Rear End","Intersection","Other Vehicle","Not Applicable","Not Applicable","At","","False","False","92377","MONROE ST","STEVENS CREEK BL","37.32335832","-121.9433289"
"689651","CR-0000095633","0","0","1","0","22-326-0903","False","False","0","11/22/2022 10:30:00 PM","No Pedestrians Involved","Dry","No Unusual Conditions","Dark - Street Light","Bike At Fault","Controls Functioning","Clear","Vehicle/Bike","Intersection","Bike","Not Applicable","Not Applicable","At","BIKE","False","False","92377","MONROE ST","STEVENS CREEK BL","37.32335832","-121.9433289"
"688713","CR-0000094538","0","0","0","0","22-184-4003","False","True","","7/3/2022 10:50:00 AM","No Pedestrians Involved","Unknown","Unknown","Daylight","Unknown","Unknown","Unknown","Rear End","Related","Other Vehicle","Not Applicable","Not Applicable","Unknown","","False","True","92377","MONROE ST","STEVENS CREEK BL","37.32335832","-121.9433289"
"684918","CR-0000093587","0","0","0","0","22-234-9704","False","True","0","8/20/2022 1:00:00 AM","No Pedestrians Involved","Dry","No Unusual Conditions","Dark - Street Light","Unknown","Unknown","Clear","Other","Intersection","Other Vehicle","Not Applicable","Not Applicable","At","","False","False","92377","MONROE ST","STEVENS CREEK BL","37.32335832","-121.9433289"
"681817","CR-0000091226","1","0","0","0","22-082-0696","False","False","","3/23/2022 4:00:00 PM","No Pedestrians Involved","Dry","No Unusual Conditions","Daylight","Violation Driver 1","Controls Functioning","Clear","Sideswipe","Related","Other Vehicle","Not Applicable","Not Applicable","East Of","","False","False","92377","MONROE ST","STEVENS CREEK BL","37.32335832","-121.9433289"
"726579","CR-0000105113","0","0","0","0","24-155-4008","False","True","0","6/3/2024 6:25:00 PM","No Pedestrians Involved","Unknown","Unknown","Unknown","Unknown","Unknown","Unknown","Sideswipe","Intersection","Other Vehicle","Not Applicable","Not Applicable","At","","False","False","92377","MONROE ST","STEVENS CREEK BL","37.32335832","-121.9433289"
"723993","CR-0000104388","0","0","0","0","24-136-4001","False","True","215","5/10/2024 4:02:00 PM","No Pedestrians Involved","Unknown","Unknown","Unknown","Violation Driver 1","Unknown","Clear","Rear End","Non-Related","Other Vehicle","Not Applicable","Not Applicable","East Of","","False","False","92377","MONROE ST","STEVENS CREEK BL","37.32335832","-121.9433289"