"CrashFactId","Name","MinorInjuries","ModerateInjuries","SevereInjuries","FatalInjuries","TcrNumber","CityDamageFlag","ShortFormFlag","Distance","CrashDateTime","PedestrianAction","RoadwaySurface","RoadwayCondition","Lighting","PrimaryCollisionFactor","TrafficControl","Weather","CollisionType","ProximityToIntersection","VehicleInvolvedWith","PedestrianDirectionFrom","PedestrianDirectionTo","DirectionFromIntersection","Comment","SpeedingFlag","HitAndRunFlag","IntersectionNumber","AStreetName","BStreetName","Latitude","Longitude"
"719630","CR-0000102789","0","0","0","0","24-004-0644","False","False","0","1/4/2024 5:22:00 PM","No Pedestrians Involved","Dry","No Unusual Conditions","Dark - Street Light","Violation Driver 1","No Controls Present/Factor","Clear","Sideswipe","Intersection","Motorcycle","Not Applicable","Not Applicable","At","","False","True","143915","LYNDALE AV","WILBUR AV","37.36004311","-121.8268466"
"719631","CR-0000102790","0","0","0","0","24-004-0768","False","False","120","1/4/2024 7:50:00 PM","No Pedestrians Involved","Dry","No Unusual Conditions","Dark - Street Light","Violation Driver 1","No Controls Present/Factor","Clear","Sideswipe","Non-Related","Other Vehicle","Not Applicable","Not Applicable","North Of","","False","True","143915","LYNDALE AV","WILBUR AV","37.36004311","-121.8268466"
"721954","CR-0000103208","0","0","0","0","24-032-0746","False","False","23","2/1/2024 6:12:00 PM","No Pedestrians Involved","Wet","No Unusual Conditions","Dark - Street Light","Violation Driver 1","Controls Functioning","Clear","Rear End","Related","Other Vehicle","Not Applicable","Not Applicable","North Of","","True","False","32735","CAPITOL AV","WILBUR AV","37.35795267","-121.8319245"
"725383","CR-0000104877","1","0","0","0","24-136-0395","False","False","0","5/15/2024 9:00:00 AM","No Pedestrians Involved","Dry","No Unusual Conditions","Daylight","Unknown","Controls Functioning","Clear","Vehicle/Bike","Intersection","Bike","Not Applicable","Not Applicable","At","BIKE","False","True","32735","CAPITOL AV","WILBUR AV","37.35795267","-121.8319245"
"690553","CR-0000096675","0","0","0","0","23-002-0371","False","False","0","1/2/2023 12:20:00 PM","No Pedestrians Involved","Dry","No Unusual Conditions","Daylight","Violation Driver 1","Controls Functioning","Cloudy","Rear End","Intersection","Other Vehicle","Not Applicable","Not Applicable","At","","True","True","32735","CAPITOL AV","WILBUR AV","37.35795267","-121.8319245"
"696281","CR-0000099437","1","0","0","0","23-262-0700","False","False","0","9/19/2023 6:00:00 PM","No Pedestrians Involved","Dry","Unknown","Unknown","Bike At Fault","Controls Functioning","Clear","Vehicle/Bike","Intersection","Bike","Not Applicable","Not Applicable","At","BIKE","False","False","32735","CAPITOL AV","WILBUR AV","37.35795267","-121.8319245"
"696144","CR-0000099286","0","0","0","0","23-239-0185","False","False","288","8/27/2023 3:14:00 AM","No Pedestrians Involved","Dry","No Unusual Conditions","Dark - No Street Light","Unknown","Controls Functioning","Clear","Sideswipe","Non-Related","Parked Vehicle","Not Applicable","Not Applicable","East Of","","False","True","32735","CAPITOL AV","WILBUR AV","37.35795267","-121.8319245"
"683291","CR-0000092877","0","0","0","0","22-139-0259","True","False","912","5/19/2022 11:53:00 AM","No Pedestrians Involved","Dry","No Unusual Conditions","Daylight","Violation Driver 1","No Controls Present/Factor","Clear","Hit Object","Non-Related","Fixed Object","Not Applicable","Not Applicable","East Of","SJFD EMERGENCY VEHICLE, CURB","False","False","85810","LUCHESSI DR","SPEAK LN","37.25913614","-121.8782407"
"712106","CR-0000101595","0","0","0","0","23-350-4000","False","True","51","12/16/2023 4:45:00 AM","No Pedestrians Involved","Unknown","Unknown","Unknown","Unknown","Unknown","Unknown","Other","Non-Related","Parked Vehicle","Not Applicable","Not Applicable","West Of","","False","False","89451","MCGINNESS AV/GRANITE CREEK PL","MERVYNS WY","37.35437373","-121.8266857"
"682267","CR-0000091799","1","0","0","0","22-121-0663","False","False","0","5/1/2022 6:25:00 PM","No Pedestrians Involved","Dry","No Unusual Conditions","Daylight","Violation Driver 1","Controls Functioning","Clear","Head On","Intersection","Other Vehicle","Not Applicable","Not Applicable","At","","False","False","143923","DOVER WY","MARMONT WY","37.35655338","-121.8299004"
"681409","CR-0000090799","0","0","0","0","22-024-0116","False","False","51","1/23/2022 4:05:00 AM","No Pedestrians Involved","Dry","No Unusual Conditions","Dark - Street Light","Violation Driver 1","Unknown","Clear","Sideswipe","Non-Related","Parked Vehicle","Not Applicable","Not Applicable","North Of","","True","False","32405","CAPITOL AV","HIGHWOOD DR","37.35565162","-121.830215"
"716165","CR-0000102091","0","1","0","0","24-019-0695","False","False","0","1/19/2024 6:24:00 PM","No Pedestrians Involved","Dry","No Unusual Conditions","Dark - Street Light","Bike At Fault","No Controls Present/Factor","Clear","Vehicle/Bike","Intersection","Bike","Not Applicable","Not Applicable","At","BIKE","False","False","32405","CAPITOL AV","HIGHWOOD DR","37.35565162","-121.830215"
"682089","CR-0000091594","0","0","0","0","22-069-0704","False","False","60","3/10/2022 6:16:00 PM","No Pedestrians Involved","Dry","No Unusual Conditions","Daylight","Violation Driver 1","Controls Functioning","Clear","Other","Non-Related","Animal","Not Applicable","Not Applicable","West Of","Dog","False","False","12627","BAMBI LN","CAPITOL FRONT AV","37.35346575","-121.8289329"
"682862","CR-0000092432","0","0","0","0","22-162-0247","False","False","350","6/10/2022 6:00:00 PM","No Pedestrians Involved","Dry","No Unusual Conditions","Daylight","Violation Driver 1","No Controls Present/Factor","Clear","Head On","Non-Related","Parked Vehicle","Not Applicable","Not Applicable","South Of","","True","True","12627","BAMBI LN","CAPITOL FRONT AV","37.35346575","-121.8289329"
"682521","CR-0000092088","1","0","0","0","22-094-0762","False","False","360","4/4/2022 6:58:00 PM","No Pedestrians Involved","Dry","No Unusual Conditions","Daylight","Violation Driver 1","No Controls Present/Factor","Clear","Vehicle/Bike","Non-Related","Bike","Not Applicable","Not Applicable","North Of","BIKE","False","False","12627","BAMBI LN","CAPITOL FRONT AV","37.35346575","-121.8289329"
"689028","CR-0000094888","0","0","0","0","22-288-0753","False","False","810","10/15/2022 8:35:00 PM","No Pedestrians Involved","Dry","No Unusual Conditions","Dark - Street Light","Violation Driver 1","Controls Functioning","Clear","Rear End","Non-Related","Parked Vehicle","Not Applicable","Not Applicable","South Of","","False","False","12627","BAMBI LN","CAPITOL FRONT AV","37.35346575","-121.8289329"
"690111","CR-0000096195","0","0","0","0","22-364-0965","False","False","152","12/30/2022 11:21:00 PM","No Pedestrians Involved","Wet","No Unusual Conditions","Dark - Street Light","Violation Driver 1","No Controls Present/Factor","Cloudy","Head On","Non-Related","Parked Vehicle","Not Applicable","Not Applicable","South Of","","True","True","12627","BAMBI LN","CAPITOL FRONT AV","37.35346575","-121.8289329"
"695883","CR-0000099002","0","0","0","0","23-217-0702","False","True","","8/3/2023 8:20:00 AM","No Pedestrians Involved","Dry","No Unusual Conditions","Daylight","Unknown","No Controls Present/Factor","Clear","Rear End","Related","Other Vehicle","Not Applicable","Not Applicable","South Of","","False","False","32856","CAPITOL EX","MERVYNS WY","37.35388778","-121.8288486"
"726496","CR-0000105029","0","0","0","0","24-180-9702","False","True","","6/22/2024 12:30:00 PM","No Pedestrians Involved","Dry","No Unusual Conditions","Daylight","Unknown","Unknown","Clear","Rear End","Related","Other Vehicle","Not Applicable","Not Applicable","East Of","","False","False","32856","CAPITOL EX","MERVYNS WY","37.35388778","-121.8288486"
"682826","CR-0000092405","0","0","0","0","22-133-4000","False","False","0","5/13/2022 10:10:00 AM","No Pedestrians Involved","Unknown","Unknown","Daylight","Violation Driver 1","Unknown","Unknown","Broadside","Intersection","Unknown","Not Applicable","Not Applicable","At","","False","False","25541","BRITTON AV","GLENN AV","37.30453881","-121.9045098"
"696542","CR-0000099729","0","0","0","0","23-349-4001","False","True","0","12/13/2023 1:00:00 PM","No Pedestrians Involved","Unknown","Unknown","Unknown","Unknown","Unknown","Unknown","Vehicle/Bike","Intersection","Bike","Not Applicable","Not Applicable","At","BIKE","False","False","45308","CREEK DR","PINE AV","37.30169961","-121.8824179"
"682739","CR-0000092321","0","0","0","0","22-131-4000","False","True","0","5/10/2022 3:36:00 AM","No Pedestrians Involved","Unknown","Unknown","Unknown","Unknown","Unknown","Unknown","Broadside","Intersection","Other Vehicle","Not Applicable","Not Applicable","At","","False","False","18710","BIRD AV","PINE AV","37.30171943","-121.8856712"
"685283","CR-0000093963","1","0","0","0","22-255-0468","False","False","0","9/12/2022 12:50:00 PM","No Pedestrians Involved","Dry","No Unusual Conditions","Daylight","Violation Driver 1","Controls Functioning","Clear","Broadside","Intersection","Motor Vehicle On Other Roadway","Not Applicable","Not Applicable","At","","False","False","18710","BIRD AV","PINE AV","37.30171943","-121.8856712"
"726710","CR-0000105248","0","1","1","0","24-184-0347","False","False","0","7/2/2024 10:44:00 AM","No Pedestrians Involved","Dry","No Unusual Conditions","Daylight","Violation Driver 1","Controls Functioning","Clear","Head On","Intersection","Other Vehicle","Not Applicable","Not Applicable","At","","False","False","18710","BIRD AV","PINE AV","37.30171943","-121.8856712"
"715990","CR-0000102000","1","0","0","0","24-007-0580","False","False","0","1/7/2024 6:33:00 PM","No Pedestrians Involved","Dry","No Unusual Conditions","Dark - Street Light","Violation Driver 1","No Controls Present/Factor","Clear","Broadside","Intersection","Other Vehicle","Not Applicable","Not Applicable","At","","False","False","18710","BIRD AV","PINE AV","37.30171943","-121.8856712"
"689454","CR-0000095430","1","0","0","0","22-307-0247","False","False","0","11/3/2022 8:54:00 AM","No Pedestrians Involved","Dry","No Unusual Conditions","Daylight","Violation Driver 1","Controls Functioning","Clear","Vehicle/Bike","Intersection","Bike","Not Applicable","Not Applicable","At","BIKE","False","False","8513","ARBOR DR/BYERLEY AV","BIRD AV","37.29936332","-121.8838622"
"723912","CR-0000104308","0","0","0","0","24-143-0963","False","False","78","5/22/2024 11:43:00 PM","No Pedestrians Involved","Dry","No Unusual Conditions","Dark - Street Light","Violation Driver 1","No Controls Present/Factor","Clear","Sideswipe","Non-Related","Parked Vehicle","Not Applicable","Not Applicable","South Of","","False","True","18590","BIRD AV","CREEK DR","37.29775082","-121.8824547"
"722426","CR-0000103721","0","0","0","0","24-117-0874","False","False","95","4/26/2024 10:05:00 PM","No Pedestrians Involved","Dry","No Unusual Conditions","Dark - Street Light","Violation Driver 1","No Controls Present/Factor","Clear","Rear End","Non-Related","Parked Vehicle","Not Applicable","Not Applicable","West Of","","False","False","12649","BAMBI LN","GALAHAD AV","37.35280476","-121.831896"
"682992","CR-0000092515","0","0","0","0","22-160-0358","False","False","130","6/9/2022 11:59:00 AM","No Pedestrians Involved","Dry","No Unusual Conditions","Daylight","Violation Driver 1","No Controls Present/Factor","Clear","Rear End","Non-Related","Parked Vehicle","Not Applicable","Not Applicable","East Of","","False","False","12649","BAMBI LN","GALAHAD AV","37.35280476","-121.831896"
"681530","CR-0000090926","0","0","0","0","22-038-0003","False","False","298","2/7/2022 12:04:00 AM","No Pedestrians Involved","Dry","No Unusual Conditions","Dark - Street Light","Violation Driver 1","No Controls Present/Factor","Clear","Rear End","Non-Related","Parked Vehicle","Not Applicable","Not Applicable","East Of","","False","False","12649","BAMBI LN","GALAHAD AV","37.35280476","-121.831896"
"682741","CR-0000092323","0","0","0","0","22-156-0011","True","False","36","6/5/2022 12:05:00 AM","No Pedestrians Involved","Dry","No Unusual Conditions","Dark - Street Light","Violation Driver 1","Controls Functioning","Clear","Head On","Related","Fixed Object","Not Applicable","Not Applicable","South Of","SIGN, WALL","True","True","4894","ALMADEN EX","TRINIDAD DR","37.21568266","-121.8539467"
"691113","CR-0000097307","0","0","0","0","23-045-4002","False","True","51","2/14/2023 4:00:00 PM","No Pedestrians Involved","Unknown","Unknown","Unknown","Unknown","Unknown","Unknown","Rear End","Non-Related","Other Vehicle","Not Applicable","Not Applicable","Unknown","","False","False","4894","ALMADEN EX","TRINIDAD DR","37.21568266","-121.8539467"
"720910","CR-0000103137","0","0","0","0","24-031-0429","False","False","24","1/31/2024 1:00:00 PM","No Pedestrians Involved","Dry","No Unusual Conditions","Daylight","Violation Driver 1","Controls Functioning","Clear","Rear End","Related","Other Vehicle","Not Applicable","Not Applicable","North Of","","True","True","4894","ALMADEN EX","TRINIDAD DR","37.21568266","-121.8539467"
"711840","CR-0000101324","0","0","0","0","23-344-0552","False","False","41","12/8/2023 10:30:00 PM","No Pedestrians Involved","Dry","No Unusual Conditions","Dark - Street Light","Violation Driver 1","No Controls Present/Factor","Clear","Other","Related","Parked Vehicle","Not Applicable","Not Applicable","Unknown","","False","True","79848","KINGMAN AV","MENKER AV","37.31335371","-121.9214388"
"696507","CR-0000099694","0","0","0","0","23-204-0549","False","False","121","7/23/2023 2:37:00 PM","No Pedestrians Involved","Dry","No Unusual Conditions","Daylight","Violation Driver 1","No Controls Present/Factor","Clear","Broadside","Non-Related","Other Vehicle","Not Applicable","Not Applicable","North Of","","False","True","121813","N. ALMADEN BL","PLEASANT ST","37.33529483","-121.8965375"
"716341","CR-0000102378","2","0","0","0","24-048-0777","False","False","36","2/17/2024 9:51:00 PM","No Pedestrians Involved","Wet","No Unusual Conditions","Dark - Street Light","Violation Driver 1","Controls Functioning","Rain","Sideswipe","Related","Other Vehicle","Not Applicable","Not Applicable","South Of","","False","True","121813","N. ALMADEN BL","PLEASANT ST","37.33529483","-121.8965375"
"716258","CR-0000102210","1","0","0","0","24-042-0112","False","False","0","2/11/2024 2:45:00 AM","No Pedestrians Involved","Dry","No Unusual Conditions","Dark - Street Light","Violation Driver 1","Controls Functioning","Clear","Rear End","Intersection","Other Vehicle","Not Applicable","Not Applicable","At","","True","True","60290","FIRST ST","JULIAN ST","37.34054785","-121.8938281"
"712261","CR-0000101716","0","0","0","0","23-017-4004","False","True","0","1/17/2023 8:10:00 AM","No Pedestrians Involved","Unknown","Unknown","Unknown","Unknown","Unknown","Unknown","Broadside","Intersection","Other Vehicle","Not Applicable","Not Applicable","At","","False","False","60290","FIRST ST","JULIAN ST","37.34054785","-121.8938281"
"726511","CR-0000105045","0","0","0","0","24-175-0309","False","False","0","6/23/2024 9:06:00 AM","No Pedestrians Involved","Dry","No Unusual Conditions","Daylight","Violation Driver 1","Controls Functioning","Clear","Broadside","Intersection","Other Vehicle","Not Applicable","Not Applicable","At","","False","False","60290","FIRST ST","JULIAN ST","37.34054785","-121.8938281"
"696200","CR-0000099344","0","0","0","0","23-120-0124","False","False","0","4/30/2023 2:21:00 AM","No Pedestrians Involved","Dry","No Unusual Conditions","Dark - Street Light","Violation Driver 1","Controls Functioning","Clear","Broadside","Intersection","Other Vehicle","Not Applicable","Not Applicable","At","","False","False","60290","FIRST ST","JULIAN ST","37.34054785","-121.8938281"
"690083","CR-0000096160","0","0","0","0","22-262-9707","False","True","0","9/13/2022 7:00:00 PM","No Pedestrians Involved","Dry","No Unusual Conditions","Daylight","Unknown","Controls Functioning","Clear","Rear End","Intersection","Other Vehicle","Not Applicable","Not Applicable","At","","False","True","60290","FIRST ST","JULIAN ST","37.34054785","-121.8938281"
"681925","CR-0000091419","1","0","0","0","22-049-0443","False","False","87","2/18/2022 12:41:00 PM","No Pedestrians Involved","Dry","No Unusual Conditions","Daylight","Violation Driver 1","Controls Functioning","Clear","Rear End","Non-Related","Other Vehicle","Not Applicable","Not Applicable","East Of","","False","True","60290","FIRST ST","JULIAN ST","37.34054785","-121.8938281"
"689554","CR-0000095531","2","0","0","0","22-339-0521","False","False","0","12/5/2022 2:34:00 PM","No Pedestrians Involved","Dry","No Unusual Conditions","Daylight","Violation Driver 1","Controls Functioning","Clear","Broadside","Intersection","Other Vehicle","Not Applicable","Not Applicable","At","","False","False","60290","FIRST ST","JULIAN ST","37.34054785","-121.8938281"
"685340","CR-0000094066","0","0","0","0","22-225-0198","False","False","91","8/13/2022 6:16:00 AM","No Pedestrians Involved","Dry","No Unusual Conditions","Daylight","Violation Driver 1","No Controls Present/Factor","Clear","Rear End","Non-Related","Parked Vehicle","Not Applicable","Not Applicable","West Of","","False","True","60290","FIRST ST","JULIAN ST","37.34054785","-121.8938281"
"682266","CR-0000091798","0","0","0","0","22-121-0188","True","False","150","5/1/2022 6:19:00 AM","No Pedestrians Involved","Dry","No Unusual Conditions","Daylight","Violation Driver 1","No Controls Present/Factor","Clear","Hit Object","Non-Related","Fixed Object","Not Applicable","Not Applicable","East Of","Guard Rail","False","True","89440","MCEVOY ST","SAN CARLOS ST","37.32387547","-121.9042793"
"692409","CR-0000097692","0","1","0","0","23-080-0513","False","False","0","3/21/2023 5:53:00 PM","No Pedestrians Involved","Wet","No Unusual Conditions","Daylight","Violation Driver 1","Controls Functioning","Rain","Rear End","Intersection","Other Vehicle","Not Applicable","Not Applicable","At","","True","False","89440","MCEVOY ST","SAN CARLOS ST","37.32387547","-121.9042793"
"696056","CR-0000099191","0","0","0","0","23-033-4006","False","True","0","2/1/2023 10:33:00 PM","No Pedestrians Involved","Unknown","Unknown","Unknown","Unknown","Unknown","Unknown","Sideswipe","Intersection","Other Vehicle","Not Applicable","Not Applicable","At","","False","False","89440","MCEVOY ST","SAN CARLOS ST","37.32387547","-121.9042793"
"689511","CR-0000095488","0","0","0","0","22-358-0546","False","False","54","12/24/2022 5:00:00 PM","No Pedestrians Involved","Dry","No Unusual Conditions","Dark - Street Light","Violation Driver 1","No Controls Present/Factor","Clear","Head On","Non-Related","Parked Vehicle","Not Applicable","Not Applicable","East Of","","False","False","6885","AMELIA DR","TOBIAS DR","37.2472925","-121.8978384"
"725350","CR-0000104842","0","0","0","0","24-134-4008","False","True","51","5/13/2024 7:48:00 AM","No Pedestrians Involved","Unknown","Unknown","Daylight","Unknown","Unknown","Unknown","Rear End","Non-Related","Parked Vehicle","Not Applicable","Not Applicable","North Of","","False","False","36960","CHARTER PARK CT","CHARTER PARK DR","37.27804381","-121.8509309"
"722434","CR-0000103734","0","1","0","0","24-100-0303","False","False","0","4/9/2024 10:33:00 AM","No Pedestrians Involved","Dry","No Unusual Conditions","Daylight","Violation Driver 1","Controls Functioning","Clear","Broadside","Intersection","Other Vehicle","Not Applicable","Not Applicable","At","","False","False","76340","JACOB AV","MERIDIAN AV","37.26256698","-121.9021682"
"719656","CR-0000102827","0","0","0","0","24-006-4002","False","True","51","1/6/2024 12:00:00 PM","No Pedestrians Involved","Unknown","Unknown","Unknown","Unknown","Unknown","Unknown","Other","Non-Related","Other Vehicle","Not Applicable","Not Applicable","Unknown","","False","False","77660","GUADALUPE FR","JULIAN ST/ST JAMES ST","37.33728149","-121.8968856"
"689620","CR-0000095601","0","0","0","0","22-343-0357","False","False","41","12/9/2022 12:47:00 PM","No Pedestrians Involved","Dry","No Unusual Conditions","Daylight","Violation Driver 1","Controls Functioning","Cloudy","Rear End","Related","Other Vehicle","Not Applicable","Not Applicable","East Of","","True","False","77660","GUADALUPE FR","JULIAN ST/ST JAMES ST","37.33728149","-121.8968856"
"684694","CR-0000093322","1","0","0","0","22-174-0776","False","False","30","6/23/2022 7:44:00 PM","No Pedestrians Involved","Dry","No Unusual Conditions","Daylight","Violation Driver 1","Controls Functioning","Clear","Sideswipe","Related","Motorcycle","Not Applicable","Not Applicable","East Of","","False","False","77660","GUADALUPE FR","JULIAN ST/ST JAMES ST","37.33728149","-121.8968856"
"683097","CR-0000092690","1","0","0","0","22-179-0496","False","False","0","6/28/2022 1:44:00 PM","No Pedestrians Involved","Dry","No Unusual Conditions","Daylight","Unknown","Controls Functioning","Clear","Head On","Intersection","Other Vehicle","Not Applicable","Not Applicable","At","","False","False","77660","GUADALUPE FR","JULIAN ST/ST JAMES ST","37.33728149","-121.8968856"
"695973","CR-0000099108","0","0","0","0","23-231-0035","False","False","57","8/19/2023 12:49:00 AM","No Pedestrians Involved","Dry","No Unusual Conditions","Dark - Street Light","Violation Driver 1","Controls Functioning","Clear","Rear End","Non-Related","Other Vehicle","Not Applicable","Not Applicable","South Of","","True","False","77660","GUADALUPE FR","JULIAN ST/ST JAMES ST","37.33728149","-121.8968856"
"689963","CR-0000095950","1","0","0","0","22-099-0096","False","False","0","4/9/2022 2:09:00 AM","No Pedestrians Involved","Dry","No Unusual Conditions","Dark - Street Light","Violation Driver 1","Controls Functioning","Clear","Rear End","Intersection","Other Vehicle","Not Applicable","Not Applicable","South Of","","False","True","77660","GUADALUPE FR","JULIAN ST/ST JAMES ST","37.33728149","-121.8968856"
"690552","CR-0000096674","1","0","0","0","23-004-0698","False","False","0","1/4/2023 6:54:00 PM","No Pedestrians Involved","Wet","No Unusual Conditions","Dark - Street Light","Violation Driver 1","Controls Functioning","Rain","Broadside","Intersection","Other Vehicle","Not Applicable","Not Applicable","At","","False","True","77660","GUADALUPE FR","JULIAN ST/ST JAMES ST","37.33728149","-121.8968856"
"698943","CR-0000100245","1","0","0","0","23-320-0630","False","False","0","11/16/2023 5:15:00 PM","No Pedestrians Involved","Unknown","No Unusual Conditions","Dark - Street Light","Violation Driver 1","Controls Functioning","Clear","Broadside","Intersection","Other Vehicle","Not Applicable","Not Applicable","At","","False","False","96403","NORTHRUP ST","PARKMOOR AV","37.31678955","-121.908185"
"681203","CR-0000090588","0","0","0","0","22-003-0106","False","False","0","1/3/2022 3:50:00 AM","No Pedestrians Involved","Dry","No Unusual Conditions","Dark - Street Light","Violation Driver 1","Controls Functioning","Clear","Head On","Intersection","Parked Vehicle","Not Applicable","Not Applicable","At","","False","False","96403","NORTHRUP ST","PARKMOOR AV","37.31678955","-121.908185"
"722495","CR-0000103799","0","0","0","0","24-106-4007","False","True","250","4/15/2024 1:17:00 PM","No Pedestrians Involved","Unknown","Unknown","Unknown","Unknown","Unknown","Unknown","Other","Non-Related","Parked Vehicle","Not Applicable","Not Applicable","South Of","","False","False","96403","NORTHRUP ST","PARKMOOR AV","37.31678955","-121.908185"
"722320","CR-0000103614","0","0","0","0","24-090-9708","False","True","51","3/30/2024 12:00:00 PM","No Pedestrians Involved","Unknown","No Unusual Conditions","Unknown","Unknown","Unknown","Unknown","Sideswipe","Non-Related","Parked Vehicle","Not Applicable","Not Applicable","North Of","","False","False","10625","AUZERAIS AV","SUNOL ST","37.32112815","-121.9058586"
"726577","CR-0000105111","1","0","0","0","24-155-1000","False","False","28","6/3/2024 10:38:00 PM","In Road - Includes Shoulder","Dry","No Unusual Conditions","Dark - Street Light","Violation Driver 1","No Controls Present/Factor","Clear","Vehicle/Pedestrian","Related","Pedestrian","No Direction (Not Walking)","No Direction (Not Walking)","East Of","PED","False","False","10625","AUZERAIS AV","SUNOL ST","37.32112815","-121.9058586"
"726917","CR-0000105459","0","0","0","0","24-192-0262","False","False","356","7/10/2024 9:05:00 AM","No Pedestrians Involved","Dry","No Unusual Conditions","Daylight","Violation Driver 1","No Controls Present/Factor","Clear","Sideswipe","Non-Related","Parked Vehicle","Not Applicable","Not Applicable","West Of","","True","True","10625","AUZERAIS AV","SUNOL ST","37.32112815","-121.9058586"
"699256","CR-0000100578","0","0","0","0","23-173-4001","False","True","51","6/21/2023 2:30:00 PM","No Pedestrians Involved","Unknown","Unknown","Unknown","Unknown","Unknown","Unknown","Other","Non-Related","Parked Vehicle","Not Applicable","Not Applicable","East Of","","False","False","10625","AUZERAIS AV","SUNOL ST","37.32112815","-121.9058586"
"694768","CR-0000098805","1","0","0","0","23-233-9712","False","True","0","8/15/2023 1:00:00 PM","No Pedestrians Involved","Dry","Unknown","Daylight","Unknown","Unknown","Clear","Vehicle/Bike","Intersection","Bike","Not Applicable","Not Applicable","At","BIKE","False","False","10625","AUZERAIS AV","SUNOL ST","37.32112815","-121.9058586"
"690125","CR-0000096216","0","0","0","0","22-325-0203","False","False","257","11/20/2022 3:00:00 PM","No Pedestrians Involved","Dry","No Unusual Conditions","Dark - Street Light","Violation Driver 1","No Controls Present/Factor","Clear","Rear End","Non-Related","Parked Vehicle","Not Applicable","Not Applicable","North Of","","True","True","10625","AUZERAIS AV","SUNOL ST","37.32112815","-121.9058586"
"691177","CR-0000097379","0","0","0","0","23-060-4001","False","True","51","2/21/2023 2:30:00 PM","No Pedestrians Involved","Unknown","Unknown","Daylight","Unknown","Unknown","Unknown","Hit Object","Non-Related","Other Object","Not Applicable","Not Applicable","East Of","Soccer ball hit windshield","False","False","10625","AUZERAIS AV","SUNOL ST","37.32112815","-121.9058586"
"691184","CR-0000097386","0","0","0","0","23-055-0679","False","False","257","2/24/2023 6:15:00 PM","No Pedestrians Involved","Wet","No Unusual Conditions","Dark - No Street Light","Violation Driver 1","No Controls Present/Factor","Clear","Head On","Non-Related","Parked Vehicle","Not Applicable","Not Applicable","North Of","","False","False","10559","AUZERAIS AV","LINCOLN AV","37.32101837","-121.9084996"
"698650","CR-0000099875","0","1","0","0","23-228-0248","False","False","0","8/16/2023 9:46:00 AM","No Pedestrians Involved","Dry","No Unusual Conditions","Daylight","Violation Driver 1","Controls Functioning","Clear","Head On","Intersection","Other Vehicle","Not Applicable","Not Applicable","At","","False","False","10559","AUZERAIS AV","LINCOLN AV","37.32101837","-121.9084996"
"711552","CR-0000101420","0","0","0","0","23-346-0613","False","False","0","12/12/2023 8:23:00 PM","No Pedestrians Involved","Dry","No Unusual Conditions","Dusk - Dawn","Violation Driver 1","Controls Functioning","Clear","Broadside","Intersection","Other Vehicle","Not Applicable","Not Applicable","At","","False","False","10559","AUZERAIS AV","LINCOLN AV","37.32101837","-121.9084996"
"698698","CR-0000099947","0","1","0","0","23-326-0519","False","False","0","11/22/2023 2:06:00 PM","No Pedestrians Involved","Dry","No Unusual Conditions","Daylight","Violation Driver 1","Controls Functioning","Clear","Vehicle/Bike","Intersection","Bike","Not Applicable","Not Applicable","At","BIKE","False","True","10559","AUZERAIS AV","LINCOLN AV","37.32101837","-121.9084996"
"681940","CR-0000091449","1","0","0","0","22-089-0227","False","False","0","3/30/2022 9:35:00 AM","No Pedestrians Involved","Dry","No Unusual Conditions","Daylight","Violation Driver 1","Controls Functioning","Cloudy","Head On","Intersection","Other Vehicle","Not Applicable","Not Applicable","At","","False","False","10559","AUZERAIS AV","LINCOLN AV","37.32101837","-121.9084996"
"682853","CR-0000092412","1","0","0","0","22-144-0627","False","False","0","5/24/2022 3:33:00 PM","No Pedestrians Involved","Dry","No Unusual Conditions","Daylight","Violation Driver 1","Unknown","Clear","Broadside","Intersection","Other Vehicle","Not Applicable","Not Applicable","At","","False","False","10559","AUZERAIS AV","LINCOLN AV","37.32101837","-121.9084996"
"682676","CR-0000092252","0","0","0","0","22-147-4000","False","True","51","5/26/2022 10:00:00 PM","No Pedestrians Involved","Unknown","Unknown","Unknown","Unknown","Unknown","Unknown","Other","Non-Related","Other Vehicle","Not Applicable","Not Applicable","West Of","","False","False","10559","AUZERAIS AV","LINCOLN AV","37.32101837","-121.9084996"
"689757","CR-0000095776","0","0","1","0","22-165-0945","False","False","0","6/14/2022 9:31:00 PM","No Pedestrians Involved","Dry","No Unusual Conditions","Dark - Street Light","Violation Driver 1","Controls Functioning","Clear","Broadside","Intersection","Other Vehicle","Not Applicable","Not Applicable","At","","False","True","10559","AUZERAIS AV","LINCOLN AV","37.32101837","-121.9084996"
"726985","CR-0000105540","0","0","0","0","24-203-4003","False","True","0","7/21/2024 11:30:00 AM","No Pedestrians Involved","Unknown","Unknown","Daylight","Unknown","Unknown","Unknown","Sideswipe","Intersection","Other Vehicle","Not Applicable","Not Applicable","At","","False","False","10559","AUZERAIS AV","LINCOLN AV","37.32101837","-121.9084996"
"715897","CR-0000101938","0","0","0","0","23-239-0364","False","False","205","8/27/2023 11:05:00 AM","No Pedestrians Involved","Dry","No Unusual Conditions","Daylight","Violation Driver 1","No Controls Present/Factor","Clear","Broadside","Non-Related","Other Vehicle","Not Applicable","Not Applicable","East Of","","False","True","10559","AUZERAIS AV","LINCOLN AV","37.32101837","-121.9084996"
"689178","CR-0000095032","0","0","0","1","22-365-0645","False","False","0","12/31/2022 7:30:00 PM","Crossing - Not In Crosswalk","Wet","No Unusual Conditions","Dark - Street Light","Unknown","No Controls Present/Factor","Rain","Vehicle/Pedestrian","Intersection","Pedestrian","North","South","At","PED","False","False","120328","FOREST AV","TRANSIT MALL DR","37.32696742","-121.9474471"