"CrashFactId","Name","MinorInjuries","ModerateInjuries","SevereInjuries","FatalInjuries","TcrNumber","CityDamageFlag","ShortFormFlag","Distance","CrashDateTime","PedestrianAction","RoadwaySurface","RoadwayCondition","Lighting","PrimaryCollisionFactor","TrafficControl","Weather","CollisionType","ProximityToIntersection","VehicleInvolvedWith","PedestrianDirectionFrom","PedestrianDirectionTo","DirectionFromIntersection","Comment","SpeedingFlag","HitAndRunFlag","IntersectionNumber","AStreetName","BStreetName","Latitude","Longitude"
"695913","CR-0000099041","0","0","0","0","23-230-9711","False","True","51","8/17/2023 6:42:00 PM","No Pedestrians Involved","Dry","No Unusual Conditions","Daylight","Unknown","No Controls Present/Factor","Clear","Sideswipe","Non-Related","Parked Vehicle","Not Applicable","Not Applicable","East Of","","False","False","21768","BOOKSIN AV","DRY CREEK RD","37.28864684","-121.9073979"
"682192","CR-0000091747","1","0","0","0","22-115-0680","False","False","50","4/25/2022 6:07:00 PM","No Pedestrians Involved","Dry","No Unusual Conditions","Daylight","Violation Driver 1","Controls Functioning","Clear","Rear End","Related","Parked Vehicle","Not Applicable","Not Applicable","North Of","","False","False","94280","MT PLEASANT CT","MT PLEASANT RD","37.35161761","-121.7984897"
"689307","CR-0000095249","0","0","0","0","22-305-0041","False","False","258","11/1/2022 12:41:00 AM","No Pedestrians Involved","Dry","No Unusual Conditions","Dark - Street Light","Violation Driver 1","No Controls Present/Factor","Cloudy","Overturned","Non-Related","Parked Vehicle","Not Applicable","Not Applicable","North Of","","False","False","63854","FRITZEN ST","KENNEDY AV","37.342189","-121.8350098"
"682287","CR-0000091840","0","0","0","0","22-116-0511","False","False","85","4/25/2022 2:10:00 AM","No Pedestrians Involved","Dry","No Unusual Conditions","Dark - Street Light","Violation Driver 1","No Controls Present/Factor","Clear","Rear End","Non-Related","Parked Vehicle","Not Applicable","Not Applicable","East Of","","False","True","91464","MILLICENT CT","MT PLEASANT RD","37.35236819","-121.7995894"
"682104","CR-0000091628","0","0","0","0","22-103-0847","False","False","42","4/13/2022 9:55:00 PM","No Pedestrians Involved","Dry","No Unusual Conditions","Dark - Street Light","Violation Driver 1","No Controls Present/Factor","Clear","Sideswipe","Related","Parked Vehicle","Not Applicable","Not Applicable","North Of","","False","False","58607","FALL AV","OAKLEAF DR","37.35470195","-121.7986893"
"687512","CR-0000094301","0","0","0","0","22-267-0829","False","False","195","9/24/2022 7:09:00 PM","No Pedestrians Involved","Dry","No Unusual Conditions","Daylight","Violation Driver 1","No Controls Present/Factor","Clear","Head On","Non-Related","Parked Vehicle","Not Applicable","Not Applicable","West Of","","True","True","100979","PINE RIDGE CT","PINE RIDGE WY","37.35634067","-121.8002704"
"716211","CR-0000102195","0","1","0","0","24-046-0410","False","False","173","2/15/2024 12:30:00 PM","No Pedestrians Involved","Dry","No Unusual Conditions","Daylight","Violation Driver 1","No Controls Present/Factor","Clear","Hit Object","Non-Related","Fixed Object","Not Applicable","Not Applicable","East Of","","False","False","105710","SALMON CREEK CT","SQUERI DR","37.35874515","-121.7997035"
"698843","CR-0000100126","0","1","0","0","23-365-0695","False","False","72","12/31/2023 8:37:00 PM","No Pedestrians Involved","Dry","No Unusual Conditions","Dark - Street Light","Violation Driver 1","Controls Functioning","Clear","Rear End","Non-Related","Motorcycle","Not Applicable","Not Applicable","South Of","ATV","True","False","107887","SCOTTSDALE DR","STURLA DR","37.32155745","-121.8043672"
"691156","CR-0000097357","0","0","0","0","23-044-0924","False","False","30","2/13/2023 11:40:00 AM","No Pedestrians Involved","Dry","No Unusual Conditions","Dark - Street Light","Violation Driver 1","No Controls Present/Factor","Clear","Hit Object","Related","Fixed Object","Not Applicable","Not Applicable","East Of","Curb, fence","True","True","107887","SCOTTSDALE DR","STURLA DR","37.32155745","-121.8043672"
"699201","CR-0000100522","0","0","0","0","23-168-0732","False","False","106","6/17/2023 8:00:00 PM","No Pedestrians Involved","Dry","No Unusual Conditions","Dusk - Dawn","Violation Driver 1","No Controls Present/Factor","Clear","Rear End","Non-Related","Parked Vehicle","Not Applicable","Not Applicable","North Of","","False","False","106985","SAND POINT DR","SMITHERS DR","37.32259908","-121.8025738"
"690929","CR-0000097092","0","0","0","0","23-043-9704","False","True","","2/12/2023 2:00:00 AM","No Pedestrians Involved","Dry","Unknown","Dark - Street Light","Unknown","No Controls Present/Factor","Clear","Other","Related","Parked Vehicle","Not Applicable","Not Applicable","North Of","","False","False","46749","CUNNINGHAM AV","ORLANDO DR","37.32884926","-121.8309295"
"690634","CR-0000096756","0","0","0","0","23-022-0480","False","False","0","1/22/2023 2:57:00 PM","No Pedestrians Involved","Dry","No Unusual Conditions","Daylight","Violation Driver 1","No Controls Present/Factor","Clear","Broadside","Intersection","Other Vehicle","Not Applicable","Not Applicable","At","","False","True","46826","CUNNINGHAM AV","TAMPA WY","37.32776015","-121.8324466"
"694224","CR-0000098100","1","0","0","0","23-112-0929","False","False","556","4/22/2023 11:35:00 PM","No Pedestrians Involved","Dry","No Unusual Conditions","Dark - No Street Light","Violation Driver 1","No Controls Present/Factor","Clear","Head On","Non-Related","Other Vehicle","Not Applicable","Not Applicable","North Of","","True","True","46826","CUNNINGHAM AV","TAMPA WY","37.32776015","-121.8324466"
"698665","CR-0000099891","1","0","0","0","23-225-0028","False","False","16","8/13/2023 12:19:00 AM","No Pedestrians Involved","Dry","No Unusual Conditions","Dark - Street Light","Violation Driver 1","Controls Functioning","Clear","Broadside","Related","Motor Vehicle On Other Roadway","Not Applicable","Not Applicable","West Of","","False","False","46826","CUNNINGHAM AV","TAMPA WY","37.32776015","-121.8324466"
"719773","CR-0000102946","0","0","0","0","24-023-4010","False","True","0","1/23/2024 7:52:00 AM","No Pedestrians Involved","Unknown","Unknown","Unknown","Unknown","Unknown","Unknown","Broadside","Intersection","Other Vehicle","Not Applicable","Not Applicable","At","","False","False","46826","CUNNINGHAM AV","TAMPA WY","37.32776015","-121.8324466"
"699131","CR-0000100447","0","0","0","0","23-172-0378","False","False","475","6/23/2023 11:24:00 AM","No Pedestrians Involved","Dry","No Unusual Conditions","Daylight","Violation Driver 1","No Controls Present/Factor","Clear","Rear End","Non-Related","Parked Vehicle","Not Applicable","Not Applicable","North Of","","False","True","70971","HAVANA DR","TERILYN AV","37.32824882","-121.8388024"
"688743","CR-0000094569","0","0","0","0","22-237-4003","False","True","","8/24/2022 7:30:00 AM","No Pedestrians Involved","Unknown","Unknown","Daylight","Unknown","Unknown","Unknown","Other","Related","Unknown","Not Applicable","Not Applicable","Unknown","","False","True","70971","HAVANA DR","TERILYN AV","37.32824882","-121.8388024"
"685256","CR-0000093936","0","0","0","0","22-162-0228","False","False","337","6/10/2022 5:56:00 PM","No Pedestrians Involved","Dry","No Unusual Conditions","Daylight","Violation Driver 1","No Controls Present/Factor","Clear","Sideswipe","Non-Related","Parked Vehicle","Not Applicable","Not Applicable","North Of","","False","False","70971","HAVANA DR","TERILYN AV","37.32824882","-121.8388024"
"684922","CR-0000093576","0","0","0","0","22-232-0100","False","False","180","8/20/2022 2:03:00 AM","No Pedestrians Involved","Dry","No Unusual Conditions","Daylight","Violation Driver 1","No Controls Present/Factor","Clear","Sideswipe","Non-Related","Parked Vehicle","Not Applicable","Not Applicable","North Of","","True","False","70971","HAVANA DR","TERILYN AV","37.32824882","-121.8388024"
"712244","CR-0000101690","0","0","0","0","23-335-0180","False","False","103","12/1/2023 12:06:00 AM","No Pedestrians Involved","Dry","No Unusual Conditions","Dark - Street Light","Unknown","No Controls Present/Factor","Clear","Head On","Non-Related","Parked Vehicle","Not Applicable","Not Applicable","West Of","","False","True","56616","EMILIE DR","WILBUR AV","37.35900519","-121.8297014"
"699092","CR-0000100407","0","0","0","0","23-165-0364","False","False","","6/14/2023 12:01:00 PM","No Pedestrians Involved","Dry","No Unusual Conditions","Daylight","Unknown","No Controls Present/Factor","Clear","Vehicle/Bike","Related","Bike","Not Applicable","Not Applicable","East Of","BIKE
Dog involved?","False","False","143919","DORIS AV","HIGHWOOD DR","37.35676081","-121.8252633"
"698628","CR-0000099852","0","0","0","0","23-146-0454","True","False","0","5/26/2023 1:50:00 PM","No Pedestrians Involved","Dry","No Unusual Conditions","Daylight","Violation Driver 1","No Controls Present/Factor","Clear","Hit Object","Intersection","Fixed Object","Not Applicable","Not Applicable","At","Signage","True","True","143927","LAYTON WY","WESTBORO DR","37.35749722","-121.8287321"
"691050","CR-0000097223","0","0","0","0","23-059-0305","False","False","0","2/28/2023 10:50:00 AM","No Pedestrians Involved","Wet","No Unusual Conditions","Daylight","Violation Driver 1","No Controls Present/Factor","Rain","Broadside","Intersection","Other Vehicle","Not Applicable","Not Applicable","At","","True","False","23264","BRAHMS AV","EDGEVIEW DR","37.32222196","-121.8203997"
"690073","CR-0000096154","0","0","0","0","22-211-9505","False","True","0","7/29/2022 5:21:00 PM","No Pedestrians Involved","Dry","No Unusual Conditions","Daylight","Unknown","Controls Functioning","Clear","Broadside","Intersection","Other Vehicle","Not Applicable","Not Applicable","At","","False","True","23264","BRAHMS AV","EDGEVIEW DR","37.32222196","-121.8203997"
"698716","CR-0000099965","0","0","0","0","23-148-0124","False","False","21","5/28/2023 2:08:00 AM","No Pedestrians Involved","Dry","No Unusual Conditions","Dark - Street Light","Violation Driver 1","No Controls Present/Factor","Clear","Rear End","Related","Parked Vehicle","Not Applicable","Not Applicable","North Of","","True","False","112199","TRENARY WY","WAYLAND AV","37.25692238","-121.8834869"
"683051","CR-0000092671","0","0","0","0","22-142-0161","False","False","320","5/22/2022 2:40:00 AM","No Pedestrians Involved","Dry","No Unusual Conditions","Dark - Street Light","Violation Driver 1","No Controls Present/Factor","Clear","Sideswipe","Non-Related","Parked Vehicle","Not Applicable","Not Applicable","South Of","","False","True","112199","TRENARY WY","WAYLAND AV","37.25692238","-121.8834869"
"689247","CR-0000095219","0","0","0","0","22-294-0041","False","False","0","10/21/2022 1:15:00 AM","No Pedestrians Involved","Dry","No Unusual Conditions","Dark - Street Light","Violation Driver 1","No Controls Present/Factor","Clear","Head On","Intersection","Parked Vehicle","Not Applicable","Not Applicable","At","","False","True","20954","BLUEFIELD DR","LANFAIR CL/LANFAIR DR","37.27296342","-121.854602"
"682519","CR-0000092086","1","1","0","0","22-094-0711","True","False","72","4/4/2022 5:50:00 PM","No Pedestrians Involved","Dry","No Unusual Conditions","Daylight","Violation Driver 1","No Controls Present/Factor","Clear","Hit Object","Non-Related","Fixed Object","Not Applicable","Not Applicable","West Of","Stop Sign and Light Pole","False","False","30238","CAMDEN AV","NEW JERSEY AV","37.26174329","-121.925342"
"681739","CR-0000091139","0","0","0","0","22-051-0760","False","False","0","2/20/2022 8:00:00 PM","No Pedestrians Involved","Dry","No Unusual Conditions","Dark - Street Light","Violation Driver 1","No Controls Present/Factor","Clear","Rear End","Intersection","Other Vehicle","Not Applicable","Not Applicable","At","","False","True","30238","CAMDEN AV","NEW JERSEY AV","37.26174329","-121.925342"
"719644","CR-0000102815","0","0","0","0","24-005-0021","False","False","130","1/5/2024 12:35:00 AM","No Pedestrians Involved","Dry","No Unusual Conditions","Dark - Street Light","Violation Driver 1","No Controls Present/Factor","Clear","Sideswipe","Non-Related","Other Vehicle","Not Applicable","Not Applicable","East Of","","True","True","30238","CAMDEN AV","NEW JERSEY AV","37.26174329","-121.925342"
"726816","CR-0000105357","0","0","0","0","24-190-4006","False","True","","7/8/2024 6:50:00 PM","No Pedestrians Involved","Unknown","Unknown","Unknown","Unknown","Unknown","Unknown","Sideswipe","Related","Other Vehicle","Not Applicable","Not Applicable","South Of","","False","False","30238","CAMDEN AV","NEW JERSEY AV","37.26174329","-121.925342"
"689129","CR-0000095004","1","0","0","0","22-317-0251","False","False","102","11/13/2022 9:15:00 AM","No Pedestrians Involved","Dry","No Unusual Conditions","Daylight","Violation Driver 1","No Controls Present/Factor","Clear","Sideswipe","Non-Related","Parked Vehicle","Not Applicable","Not Applicable","West Of","","True","False","81443","LANAI DR","WAYWORD DR","37.32746966","-121.8357497"
"690711","CR-0000096848","2","1","0","0","23-017-0246","False","False","0","1/17/2023 9:07:00 AM","No Pedestrians Involved","Dry","No Unusual Conditions","Daylight","Violation Driver 1","Controls Functioning","Unknown","Broadside","Intersection","Other Vehicle","Not Applicable","Not Applicable","At","","False","False","70938","HAVANA DR","LANAI DR","37.32917215","-121.8374372"
"692545","CR-0000097836","0","2","0","0","23-095-0166","False","False","0","4/5/2023 7:30:00 AM","Crossing - Not In Crosswalk","Dry","No Unusual Conditions","Daylight","Violation Driver 1","Controls Functioning","Clear","Vehicle/Pedestrian","Intersection","Pedestrian","West","East","At","","True","False","70950","HAVANA DR","PANAMA AV","37.32963466","-121.8367046"
"725334","CR-0000104826","0","1","0","0","24-169-0127","False","False","65","6/17/2024 5:04:00 AM","No Pedestrians Involved","Dry","No Unusual Conditions","Daylight","Violation Driver 1","Controls Functioning","Clear","Sideswipe","Non-Related","Parked Vehicle","Not Applicable","Not Applicable","South Of","","True","True","98427","PANAMA AV","SUMATRA AV","37.32904999","-121.8361313"
"689914","CR-0000095944","0","1","0","0","22-346-9702","False","True","51","11/24/2022 5:15:00 PM","No Pedestrians Involved","Dry","No Unusual Conditions","Dark - No Street Light","Unknown","No Controls Present/Factor","Clear","Vehicle/Bike","Non-Related","Bike","Not Applicable","Not Applicable","South Of","BIKE","False","False","85348","LOS GATOS ALMADEN RD","RUCKER DR","37.24353158","-121.9167953"
"722301","CR-0000103595","0","1","0","0","24-088-0521","False","False","0","3/28/2024 2:59:00 PM","No Pedestrians Involved","Dry","No Unusual Conditions","Daylight","Violation Driver 1","No Controls Present/Factor","Clear","Broadside","Intersection","Other Vehicle","Not Applicable","Not Applicable","At","","False","False","29886","CAMDEN AV","FIREFLY DR","37.22196753","-121.8793216"
"682495","CR-0000092062","0","0","0","0","22-092-0545","False","False","0","4/2/2022 4:24:00 PM","No Pedestrians Involved","Dry","No Unusual Conditions","Daylight","Violation Driver 1","No Controls Present/Factor","Clear","Rear End","Intersection","Parked Vehicle","Not Applicable","Not Applicable","At","","False","True","75591","INVERNESS CI","SHERBOURNE DR","37.25497648","-121.9008681"
"685394","CR-0000094129","0","0","0","0","22-272-0733","True","False","0","9/29/2022 5:19:00 PM","No Pedestrians Involved","Dry","No Unusual Conditions","Daylight","Violation Driver 1","Controls Functioning","Clear","Hit Object","Intersection","Fixed Object","Not Applicable","Not Applicable","At","SIGNAL LIGHT","False","False","60587","FIRST ST","SAN SALVADOR ST","37.33002344","-121.885984"
"687427","CR-0000094206","1","0","0","0","22-250-0785","False","False","0","9/7/2022 5:22:00 PM","Crossing In Crosswalk - At Intersection","Dry","No Unusual Conditions","Daylight","Violation Driver 1","Controls Functioning","Clear","Vehicle/Pedestrian","Intersection","Pedestrian","North","South","At","PED","False","False","60587","FIRST ST","SAN SALVADOR ST","37.33002344","-121.885984"
"696556","CR-0000099753","0","1","0","0","23-340-0903","False","False","18","12/6/2023 10:35:00 PM","No Pedestrians Involved","Wet","No Unusual Conditions","Dark - Street Light","Violation Driver 1","Controls Functioning","Rain","Vehicle/Bike","Related","Bike","Not Applicable","Not Applicable","West Of","BIKE","False","True","60587","FIRST ST","SAN SALVADOR ST","37.33002344","-121.885984"
"696428","CR-0000099605","0","0","1","0","23-279-0960","False","False","135","10/6/2023 10:26:00 PM","No Pedestrians Involved","Dry","No Unusual Conditions","Dark - Street Light","Violation Driver 1","No Controls Present/Factor","Clear","Vehicle/Bike","Non-Related","Bike","Not Applicable","Not Applicable","East Of","BIKE","False","True","106842","SAN SALVADOR ST","THIRD ST","37.3310179","-121.8838815"
"695975","CR-0000099110","0","0","0","0","23-219-4007","False","True","51","8/4/2023 7:19:00 PM","No Pedestrians Involved","Unknown","Unknown","Unknown","Unknown","Unknown","Unknown","Other","Non-Related","Non-Collision","Not Applicable","Not Applicable","Unknown","","False","False","106842","SAN SALVADOR ST","THIRD ST","37.3310179","-121.8838815"
"694694","CR-0000098728","0","1","0","0","23-234-0605","False","False","0","8/22/2023 4:30:00 PM","No Pedestrians Involved","Dry","No Unusual Conditions","Daylight","Violation Driver 1","Controls Functioning","Clear","Broadside","Intersection","Other Vehicle","Not Applicable","Not Applicable","At","","False","False","106842","SAN SALVADOR ST","THIRD ST","37.3310179","-121.8838815"
"698898","CR-0000100197","0","1","0","0","23-314-0770","False","False","116","11/10/2023 7:45:00 PM","No Pedestrians Involved","Dry","No Unusual Conditions","Dark - Street Light","Unknown","No Controls Present/Factor","Clear","Vehicle/Bike","Non-Related","Bike","Not Applicable","Not Applicable","East Of","BIKE","True","True","106842","SAN SALVADOR ST","THIRD ST","37.3310179","-121.8838815"
"690721","CR-0000096858","1","0","0","0","23-019-0216","False","False","0","1/19/2023 9:21:00 AM","No Pedestrians Involved","Dry","No Unusual Conditions","Daylight","Violation Driver 1","Controls Functioning","Clear","Head On","Intersection","Other Vehicle","Not Applicable","Not Applicable","At","","False","False","106842","SAN SALVADOR ST","THIRD ST","37.3310179","-121.8838815"
"685208","CR-0000093887","0","0","0","0","22-253-9706","False","True","0","9/10/2022 3:12:00 PM","No Pedestrians Involved","Dry","No Unusual Conditions","Daylight","Unknown","Controls Functioning","Clear","Rear End","Intersection","Other Vehicle","Not Applicable","Not Applicable","At","","False","True","106842","SAN SALVADOR ST","THIRD ST","37.3310179","-121.8838815"
"681999","CR-0000091508","0","0","0","0","22-078-0685","False","False","91","3/19/2022 7:00:00 PM","No Pedestrians Involved","Dry","No Unusual Conditions","Daylight","Violation Driver 1","No Controls Present/Factor","Clear","Broadside","Non-Related","Parked Vehicle","Not Applicable","Not Applicable","North Of","","False","False","106842","SAN SALVADOR ST","THIRD ST","37.3310179","-121.8838815"
"711586","CR-0000101343","0","0","0","0","23-273-0581","False","False","51","9/30/2023 5:28:00 PM","No Pedestrians Involved","Dry","No Unusual Conditions","Daylight","Violation Driver 1","No Controls Present/Factor","Cloudy","Sideswipe","Non-Related","Other Vehicle","Not Applicable","Not Applicable","West Of","","False","True","12308","BALBACH ST","MARKET ST","37.32893678","-121.8860496"
"722205","CR-0000103471","0","0","0","0","24-088-4001","False","True","51","3/19/2024 7:00:00 PM","No Pedestrians Involved","Unknown","Unknown","Unknown","Unknown","Unknown","Unknown","Other","Non-Related","Parked Vehicle","Not Applicable","Not Applicable","West Of","","False","False","12308","BALBACH ST","MARKET ST","37.32893678","-121.8860496"
"726553","CR-0000105087","0","1","0","0","24-177-0499","False","False","108","6/25/2024 2:33:00 PM","No Pedestrians Involved","Dry","No Unusual Conditions","Daylight","Violation Driver 1","No Controls Present/Factor","Clear","Other","Non-Related","Other Vehicle","Not Applicable","Not Applicable","West Of","","False","False","12308","BALBACH ST","MARKET ST","37.32893678","-121.8860496"
"726718","CR-0000105256","0","0","0","0","24-187-9702","False","True","50","7/2/2024 11:02:00 PM","No Pedestrians Involved","Dry","No Unusual Conditions","Dark - Street Light","Unknown","Controls Functioning","Clear","Rear End","Related","Other Vehicle","Not Applicable","Not Applicable","North Of","","False","False","12308","BALBACH ST","MARKET ST","37.32893678","-121.8860496"
"720938","CR-0000103173","0","0","0","0","24-047-0932","True","False","0","2/16/2024 10:17:00 PM","No Pedestrians Involved","Dry","No Unusual Conditions","Dark - Street Light","Violation Driver 1","Controls Functioning","Clear","Hit Object","Intersection","Fixed Object","Not Applicable","Not Applicable","At","PED WALK SIGNAL","True","False","41777","COLLEGE DR","FRUITDALE AV","37.31070169","-121.9194218"
"715872","CR-0000101931","0","0","0","0","23-239-0553","False","False","51","8/26/2023 3:32:00 PM","No Pedestrians Involved","Dry","No Unusual Conditions","Daylight","Unknown","No Controls Present/Factor","Clear","Broadside","Non-Related","Parked Vehicle","Not Applicable","Not Applicable","South Of","","False","True","41777","COLLEGE DR","FRUITDALE AV","37.31070169","-121.9194218"
"698942","CR-0000100244","1","0","0","0","23-330-0845","False","False","52","11/26/2023 10:50:00 PM","No Pedestrians Involved","Dry","No Unusual Conditions","Dark - Street Light","Violation Driver 1","Unknown","Clear","Rear End","Non-Related","Parked Vehicle","Not Applicable","Not Applicable","West Of","","False","False","41777","COLLEGE DR","FRUITDALE AV","37.31070169","-121.9194218"
"683207","CR-0000092772","0","0","0","0","22-059-4002","False","True","","2/2/2022 5:25:00 PM","No Pedestrians Involved","Unknown","Unknown","Daylight","Unknown","Unknown","Unknown","Rear End","Related","Other Vehicle","Not Applicable","Not Applicable","Unknown","","False","False","41777","COLLEGE DR","FRUITDALE AV","37.31070169","-121.9194218"
"715987","CR-0000101742","0","0","0","0","23-011-9707","False","True","","7/9/2023 1:40:00 PM","No Pedestrians Involved","Dry","No Unusual Conditions","Daylight","Unknown","Controls Functioning","Cloudy","Head On","Related","Parked Vehicle","Not Applicable","Not Applicable","Unknown","","False","False","49202","DE ROSE WY","SOUTHWEST EX","37.30483702","-121.9238553"
"718479","CR-0000102567","1","0","0","0","24-080-0722","False","False","51","3/20/2024 5:55:00 PM","No Pedestrians Involved","Dry","No Unusual Conditions","Daylight","Violation Driver 1","Controls Functioning","Clear","Sideswipe","Non-Related","Other Vehicle","Not Applicable","Not Applicable","South Of","","False","False","96722","OAK ST","VINE ST","37.32019352","-121.8845799"
"682428","CR-0000091991","0","0","0","0","22-116-0570","False","False","48","4/26/2022 2:52:00 PM","No Pedestrians Involved","Dry","No Unusual Conditions","Daylight","Violation Driver 1","No Controls Present/Factor","Clear","Other","Related","Parked Vehicle","Not Applicable","Not Applicable","South Of","","False","False","96722","OAK ST","VINE ST","37.32019352","-121.8845799"
"682139","CR-0000091638","0","0","0","0","22-031-9709","False","True","51","1/30/2022 10:00:00 PM","No Pedestrians Involved","Dry","No Unusual Conditions","Dark - Street Light","Unknown","Controls Functioning","Clear","Sideswipe","Non-Related","Parked Vehicle","Not Applicable","Not Applicable","West Of","","False","False","96722","OAK ST","VINE ST","37.32019352","-121.8845799"
"699337","CR-0000100664","0","0","0","0","23-179-4005","False","True","","6/28/2023 9:10:00 PM","No Pedestrians Involved","Unknown","Unknown","Unknown","Unknown","Unknown","Unknown","Other","Related","Parked Vehicle","Not Applicable","Not Applicable","Unknown","","False","False","74546","HUMBOLDT ST","MASTIC ST","37.31730827","-121.8785009"
"722259","CR-0000103526","0","0","0","0","24-084-4004","False","True","51","3/24/2024 12:05:00 PM","No Pedestrians Involved","Unknown","Unknown","Unknown","Unknown","Unknown","Unknown","Rear End","Non-Related","Parked Vehicle","Not Applicable","Not Applicable","South Of","","False","False","74546","HUMBOLDT ST","MASTIC ST","37.31730827","-121.8785009"
"716007","CR-0000101774","0","0","0","0","23-223-9710","False","False","0","8/8/2023 12:00:00 AM","No Pedestrians Involved","Dry","No Unusual Conditions","Dark - Street Light","Violation Driver 1","No Controls Present/Factor","Clear","Sideswipe","Intersection","Parked Vehicle","Not Applicable","Not Applicable","At","","False","True","14310","BASSETT ST","TERRAINE ST","37.34001438","-121.897958"
"711649","CR-0000101280","0","0","0","0","23-223-9720","False","True","0","8/8/2023 12:00:00 AM","No Pedestrians Involved","Dry","No Unusual Conditions","Dark - Street Light","Unknown","No Controls Present/Factor","Clear","Sideswipe","Intersection","Parked Vehicle","Not Applicable","Not Applicable","East Of","","False","True","14310","BASSETT ST","TERRAINE ST","37.34001438","-121.897958"
"684957","CR-0000093598","0","0","0","0","22-233-0961","False","False","51","8/21/2022 10:31:00 PM","No Pedestrians Involved","Dry","No Unusual Conditions","Dark - Street Light","Violation Driver 1","Controls Functioning","Clear","Hit Object","Non-Related","Fixed Object","Not Applicable","Not Applicable","East Of","PD - EMERGENCY VEHICLE INVOLVED","False","False","14310","BASSETT ST","TERRAINE ST","37.34001438","-121.897958"
"692456","CR-0000097743","3","0","0","0","23-085-0413","False","False","202","3/26/2023 12:40:00 PM","No Pedestrians Involved","Dry","No Unusual Conditions","Daylight","Violation Driver 1","Controls Functioning","Clear","Rear End","Non-Related","Other Vehicle","Not Applicable","Not Applicable","East Of","","False","False","105830","SAN ANTONIO ST","ACCESS ST","37.35473153","-121.8424253"
"681357","CR-0000090745","0","0","0","0","22-016-0622","False","False","243","1/16/2022 6:00:00 PM","No Pedestrians Involved","Dry","No Unusual Conditions","Dark - Street Light","Violation Driver 1","Unknown","Clear","Broadside","Non-Related","Other Vehicle","Not Applicable","Not Applicable","South Of","","False","False","16939","BERKELEY WY","JACKSON AV","37.35357459","-121.838824"
"719571","CR-0000102718","0","1","0","0","24-078-0371","False","False","0","3/18/2024 11:14:00 AM","Crossing In Crosswalk - At Intersection","Dry","No Unusual Conditions","Daylight","Violation Driver 1","No Controls Present/Factor","Clear","Vehicle/Pedestrian","Intersection","Wheelchair","South","North","At","PED(WC)","False","False","16939","BERKELEY WY","JACKSON AV","37.35357459","-121.838824"
"717423","CR-0000102438","0","0","0","0","23-048-9740","False","True","0","2/15/2023 1:00:00 PM","No Pedestrians Involved","Dry","No Unusual Conditions","Daylight","Unknown","Unknown","Clear","Broadside","Intersection","Other Vehicle","Not Applicable","Not Applicable","At","","False","False","49180","DE ROSE WY","LEIGH AV","37.30385017","-121.9225267"
"681514","CR-0000090906","0","1","0","0","22-037-0439","False","False","0","2/6/2022 6:44:00 PM","Crossing - Not In Crosswalk","Dry","No Unusual Conditions","Daylight","Violation Driver 1","No Controls Present/Factor","Clear","Vehicle/Pedestrian","Intersection","Pedestrian","South","North","At","PEDESTRIAN","False","False","49180","DE ROSE WY","LEIGH AV","37.30385017","-121.9225267"
"682129","CR-0000091650","0","0","0","0","22-067-9704","False","True","","3/1/2022 9:15:00 PM","No Pedestrians Involved","Dry","No Unusual Conditions","Dark - Street Light","Unknown","No Controls Present/Factor","Clear","Sideswipe","Related","Parked Vehicle","Not Applicable","Not Applicable","East Of","","False","False","49180","DE ROSE WY","LEIGH AV","37.30385017","-121.9225267"
"688939","CR-0000094797","0","0","0","0","22-267-0581","False","True","0","9/24/2022 3:20:00 PM","No Pedestrians Involved","Unknown","Unknown","Unknown","Unknown","Unknown","Unknown","Broadside","Intersection","Other Vehicle","Not Applicable","Not Applicable","At","","False","False","49180","DE ROSE WY","LEIGH AV","37.30385017","-121.9225267"
"689882","CR-0000095909","1","0","0","0","22-253-0722","False","False","200","9/10/2022 5:53:00 PM","No Pedestrians Involved","Dry","No Unusual Conditions","Daylight","Violation Driver 1","No Controls Present/Factor","Clear","Sideswipe","Non-Related","Other Vehicle","Not Applicable","Not Applicable","North Of","","False","False","49180","DE ROSE WY","LEIGH AV","37.30385017","-121.9225267"
"694063","CR-0000098133","0","1","0","0","23-128-0471","False","False","510","5/8/2023 2:17:00 PM","No Pedestrians Involved","Dry","No Unusual Conditions","Daylight","Bike At Fault","No Controls Present/Factor","Clear","Vehicle/Bike","Non-Related","Bike","Not Applicable","Not Applicable","South Of","BIKE","False","False","49180","DE ROSE WY","LEIGH AV","37.30385017","-121.9225267"
"694459","CR-0000098424","3","0","1","0","23-161-0786","False","False","160","6/10/2023 8:13:00 PM","No Pedestrians Involved","Dry","No Unusual Conditions","Daylight","Violation Driver 1","Controls Functioning","Clear","Sideswipe","Non-Related","Other Vehicle","Not Applicable","Not Applicable","West Of","","False","False","49180","DE ROSE WY","LEIGH AV","37.30385017","-121.9225267"
"699383","CR-0000100710","0","0","0","0","23-188-0782","False","False","228","7/7/2023 7:36:00 PM","No Pedestrians Involved","Dry","No Unusual Conditions","Daylight","Violation Driver 1","No Controls Present/Factor","Clear","Rear End","Non-Related","Other Vehicle","Not Applicable","Not Applicable","North Of","","False","True","49180","DE ROSE WY","LEIGH AV","37.30385017","-121.9225267"