"CrashFactId","Name","MinorInjuries","ModerateInjuries","SevereInjuries","FatalInjuries","TcrNumber","CityDamageFlag","ShortFormFlag","Distance","CrashDateTime","PedestrianAction","RoadwaySurface","RoadwayCondition","Lighting","PrimaryCollisionFactor","TrafficControl","Weather","CollisionType","ProximityToIntersection","VehicleInvolvedWith","PedestrianDirectionFrom","PedestrianDirectionTo","DirectionFromIntersection","Comment","SpeedingFlag","HitAndRunFlag","IntersectionNumber","AStreetName","BStreetName","Latitude","Longitude"
"698699","CR-0000099948","0","1","0","0","23-317-0062","False","False","0","11/13/2023 1:48:00 AM","No Pedestrians Involved","Dry","No Unusual Conditions","Dark - Street Light","Violation Driver 1","Controls Functioning","Clear","Vehicle/Bike","Intersection","Scooter Motorized","Not Applicable","Not Applicable","At","E.SCOOTER","True","True","82906","LEIGH AV","PARKMOOR AV","37.31728322","-121.9237933"
"711611","CR-0000101019","0","0","0","0","23-261-0026","False","False","29","9/18/2023 12:27:00 AM","No Pedestrians Involved","Dry","No Unusual Conditions","Dark - Street Light","Violation Driver 1","Controls Functioning","Clear","Rear End","Related","Parked Vehicle","Not Applicable","Not Applicable","East Of","","True","False","82906","LEIGH AV","PARKMOOR AV","37.31728322","-121.9237933"
"682345","CR-0000091908","1","0","0","0","22-099-0851","False","False","33","4/9/2022 9:57:00 PM","No Pedestrians Involved","Dry","No Unusual Conditions","Dark - Street Light","Violation Driver 1","Controls Functioning","Clear","Rear End","Related","Other Vehicle","Not Applicable","Not Applicable","East Of","","True","False","82906","LEIGH AV","PARKMOOR AV","37.31728322","-121.9237933"
"683065","CR-0000092604","1","0","0","0","22-101-0548","False","False","0","4/11/2022 3:56:00 PM","No Pedestrians Involved","Dry","No Unusual Conditions","Daylight","Violation Driver 1","Controls Functioning","Clear","Broadside","Intersection","Other Vehicle","Not Applicable","Not Applicable","At","","False","False","82906","LEIGH AV","PARKMOOR AV","37.31728322","-121.9237933"
"681343","CR-0000090732","0","0","0","0","22-014-0748","False","False","0","1/14/2022 9:23:00 PM","No Pedestrians Involved","Dry","No Unusual Conditions","Dark - Street Light","Violation Driver 1","Controls Functioning","Clear","Broadside","Intersection","Other Vehicle","Not Applicable","Not Applicable","At","","False","False","82906","LEIGH AV","PARKMOOR AV","37.31728322","-121.9237933"
"689861","CR-0000095887","1","0","0","0","22-345-0493","False","False","0","12/11/2022 4:07:00 PM","No Pedestrians Involved","Wet","No Unusual Conditions","Dusk - Dawn","Violation Driver 1","Controls Functioning","Rain","Broadside","Intersection","Other Vehicle","Not Applicable","Not Applicable","At","","False","False","82906","LEIGH AV","PARKMOOR AV","37.31728322","-121.9237933"
"683539","CR-0000093137","2","0","0","0","22-206-0826","False","False","0","7/25/2022 7:30:00 PM","No Pedestrians Involved","Dry","No Unusual Conditions","Daylight","Violation Driver 1","Controls Functioning","Clear","Broadside","Intersection","Other Vehicle","Not Applicable","Not Applicable","At","","False","False","82906","LEIGH AV","PARKMOOR AV","37.31728322","-121.9237933"
"685068","CR-0000093716","2","0","0","0","22-240-0853","False","False","0","8/28/2022 8:12:00 PM","No Pedestrians Involved","Dry","No Unusual Conditions","Dark - Street Light","Violation Driver 1","Controls Functioning","Clear","Broadside","Intersection","Other Vehicle","Not Applicable","Not Applicable","At","","False","False","82906","LEIGH AV","PARKMOOR AV","37.31728322","-121.9237933"
"722517","CR-0000103840","2","0","0","0","24-107-0055","False","False","0","4/16/2024 1:26:00 AM","No Pedestrians Involved","Dry","No Unusual Conditions","Dark - Street Light","Violation Driver 1","Controls Functioning","Clear","Broadside","Intersection","Other Vehicle","Not Applicable","Not Applicable","At","","False","False","82906","LEIGH AV","PARKMOOR AV","37.31728322","-121.9237933"
"722427","CR-0000103722","0","0","0","0","24-097-0939","False","False","0","4/6/2024 11:55:00 PM","No Pedestrians Involved","Wet","No Unusual Conditions","Dark - Street Light","Violation Driver 1","Controls Functioning","Clear","Broadside","Intersection","Other Vehicle","Not Applicable","Not Applicable","At","","False","True","82906","LEIGH AV","PARKMOOR AV","37.31728322","-121.9237933"
"726516","CR-0000105050","0","0","0","0","24-175-0416","False","False","32","6/23/2024 11:57:00 AM","No Pedestrians Involved","Dry","No Unusual Conditions","Daylight","Violation Driver 1","Controls Functioning","Clear","Broadside","Related","Parked Vehicle","Not Applicable","Not Applicable","North Of","","False","False","82906","LEIGH AV","PARKMOOR AV","37.31728322","-121.9237933"
"699087","CR-0000100402","0","0","0","0","23-162-4003","False","True","51","6/10/2023 9:30:00 PM","No Pedestrians Involved","Unknown","Unknown","Unknown","Unknown","Unknown","Unknown","Other","Non-Related","Other Vehicle","Not Applicable","Not Applicable","Unknown","","False","False","40490","CLIFTON AV","PARKMOOR AV","37.31727347","-121.9248779"
"691349","CR-0000097597","0","0","0","0","23-065-9705","False","True","0","3/2/2023 9:10:00 AM","No Pedestrians Involved","Dry","No Unusual Conditions","Daylight","Unknown","No Controls Present/Factor","Clear","Sideswipe","Intersection","Other Vehicle","Not Applicable","Not Applicable","At","","False","False","40490","CLIFTON AV","PARKMOOR AV","37.31727347","-121.9248779"
"689120","CR-0000095001","0","0","0","0","22-316-0164","False","False","195","11/12/2022 5:38:00 AM","No Pedestrians Involved","Slippery (Muddy Oily etc.)","No Unusual Conditions","Daylight","Violation Driver 1","No Controls Present/Factor","Clear","Rear End","Non-Related","Parked Vehicle","Not Applicable","Not Applicable","South Of","","True","False","143875","HAGA DR","HAGA WY","37.28711993","-121.8360397"
"722411","CR-0000103706","0","0","0","0","24-101-4002","False","True","51","4/3/2024 11:15:00 PM","No Pedestrians Involved","Unknown","Unknown","Unknown","Unknown","Unknown","Unknown","Rear End","Non-Related","Other Vehicle","Not Applicable","Not Applicable","East Of","","False","False","38246","CHESBRO AV","SHADOWCREST WY","37.25327541","-121.8438673"
"722513","CR-0000103828","0","0","0","0","24-110-9702","False","True","0","4/14/2024 6:50:00 AM","No Pedestrians Involved","Dry","No Unusual Conditions","Dark - No Street Light","Unknown","No Controls Present/Factor","Clear","Sideswipe","Intersection","Parked Vehicle","Not Applicable","Not Applicable","At","","False","False","17973","BESWICK DR","PENTZ WY","37.24664471","-121.8069349"
"683354","CR-0000092943","0","0","0","0","22-176-1000","False","False","90","6/25/2022 10:51:00 PM","No Pedestrians Involved","Dry","No Unusual Conditions","Dark - Street Light","Violation Driver 1","No Controls Present/Factor","Unknown","Sideswipe","Non-Related","Parked Vehicle","Not Applicable","Not Applicable","South Of","","True","False","17973","BESWICK DR","PENTZ WY","37.24664471","-121.8069349"
"682795","CR-0000092373","0","0","0","0","22-169-0137","True","False","29","6/18/2022 3:00:00 AM","No Pedestrians Involved","Dry","No Unusual Conditions","Dark - Street Light","Violation Driver 1","No Controls Present/Factor","Clear","Head On","Related","Fixed Object","Not Applicable","Not Applicable","East Of","TREE, CITY LIGHT POLE","True","False","17973","BESWICK DR","PENTZ WY","37.24664471","-121.8069349"
"682571","CR-0000092138","0","0","0","0","22-125-0650","False","False","0","5/5/2022 5:14:00 PM","No Pedestrians Involved","Dry","No Unusual Conditions","Daylight","Violation Driver 1","Controls Functioning","Clear","Broadside","Intersection","Other Vehicle","Not Applicable","Not Applicable","At","","False","False","74931","HUSTED AV","MERIDIAN AV","37.27450725","-121.9083216"
"692555","CR-0000097846","1","0","0","0","23-096-0365","False","False","0","4/6/2023 11:17:00 AM","No Pedestrians Involved","Dry","No Unusual Conditions","Daylight","Violation Driver 1","Controls Functioning","Clear","Broadside","Intersection","Other Vehicle","Not Applicable","Not Applicable","At","","False","False","74931","HUSTED AV","MERIDIAN AV","37.27450725","-121.9083216"
"722475","CR-0000103771","1","1","1","0","24-100-0726","False","False","0","4/9/2024 7:19:00 PM","No Pedestrians Involved","Dry","Unknown","Daylight","Violation Driver 1","No Controls Present/Factor","Clear","Broadside","Intersection","Other Vehicle","Not Applicable","Not Applicable","At","","False","False","74931","HUSTED AV","MERIDIAN AV","37.27450725","-121.9083216"
"683034","CR-0000092606","0","0","0","0","22-109-9705","False","True","50","4/18/2022 12:00:00 AM","No Pedestrians Involved","Dry","No Unusual Conditions","Dark - Street Light","Unknown","No Controls Present/Factor","Clear","Sideswipe","Related","Parked Vehicle","Not Applicable","Not Applicable","East Of","","False","False","76658","JARVIS AV","LANSING AV","37.25326189","-121.8857882"
"694772","CR-0000098809","1","0","0","0","23-233-0070","True","False","778","8/21/2023 2:13:00 AM","No Pedestrians Involved","Dry","No Unusual Conditions","Dark - Street Light","Violation Driver 1","Controls Functioning","Clear","Sideswipe","Non-Related","Parked Vehicle","Not Applicable","Not Applicable","North Of","TREESx2","True","False","30249","CAMDEN AV","NORA WY","37.24355135","-121.9062565"
"681586","CR-0000090983","0","0","0","0","22-044-0145","True","False","23","2/13/2022 4:56:00 AM","No Pedestrians Involved","Dry","No Unusual Conditions","Dark - Street Light","Violation Driver 1","No Controls Present/Factor","Clear","Head On","Related","Fixed Object","Not Applicable","Not Applicable","South Of","CURB/BUSH","True","False","109284","SILVERWOOD DR","WOODFORD DR","37.26190151","-121.9119349"
"681648","CR-0000091045","1","1","0","0","22-077-0667","False","False","0","3/18/2022 4:56:00 PM","No Pedestrians Involved","Dry","No Unusual Conditions","Daylight","Violation Driver 1","Controls Functioning","Clear","Broadside","Intersection","Other Vehicle","Not Applicable","Not Applicable","At","","False","False","73017","HILLSDALE AV","KIRK RD","37.26681532","-121.9082708"
"696480","CR-0000099658","2","0","0","0","23-320-0609","False","False","220","11/16/2023 5:36:00 PM","No Pedestrians Involved","Dry","No Unusual Conditions","Dark - Street Light","Violation Driver 1","No Controls Present/Factor","Clear","Broadside","Non-Related","Other Vehicle","Not Applicable","Not Applicable","North Of","","False","False","73017","HILLSDALE AV","KIRK RD","37.26681532","-121.9082708"
"722445","CR-0000103764","1","0","0","0","24-102-9705","False","True","0","4/10/2024 5:30:00 PM","No Pedestrians Involved","Dry","No Unusual Conditions","Daylight","Unknown","Controls Functioning","Clear","Rear End","Intersection","Other Vehicle","Not Applicable","Not Applicable","At","","False","False","73017","HILLSDALE AV","KIRK RD","37.26681532","-121.9082708"
"682806","CR-0000092370","1","0","0","0","22-156-0150","True","False","410","6/5/2022 2:54:00 AM","No Pedestrians Involved","Dry","No Unusual Conditions","Dark - Street Light","Violation Driver 1","No Controls Present/Factor","Clear","Hit Object","Non-Related","Fixed Object","Not Applicable","Not Applicable","North Of","SIGN","False","False","30535","CAMDEN AV","VISTA LOOP","37.22756009","-121.9041404"
"684859","CR-0000093501","0","0","0","0","22-195-0010","False","False","0","7/14/2022 12:02:00 AM","No Pedestrians Involved","Dry","No Unusual Conditions","Dark - Street Light","Violation Driver 1","No Controls Present/Factor","Clear","Sideswipe","Intersection","Other Vehicle","Not Applicable","Not Applicable","At","","False","True","30535","CAMDEN AV","VISTA LOOP","37.22756009","-121.9041404"
"689410","CR-0000095353","0","0","0","0","22-333-0742","False","False","20","11/29/2022 6:14:00 PM","No Pedestrians Involved","Dry","No Unusual Conditions","Dusk - Dawn","Violation Driver 1","Controls Functioning","Clear","Rear End","Related","Other Vehicle","Not Applicable","Not Applicable","West Of","","False","False","29963","CAMDEN AV","HICKS RD","37.22654321","-121.9039175"
"682333","CR-0000091896","0","0","0","0","22-099-0038","False","False","51","4/9/2022 12:33:00 AM","No Pedestrians Involved","Dry","No Unusual Conditions","Dark - Street Light","Violation Driver 1","No Controls Present/Factor","Clear","Broadside","Non-Related","Other Vehicle","Not Applicable","Not Applicable","North Of","","True","False","29963","CAMDEN AV","HICKS RD","37.22654321","-121.9039175"
"698935","CR-0000100237","1","0","0","0","23-333-0186","False","False","120","11/29/2023 8:10:00 AM","No Pedestrians Involved","Wet","No Unusual Conditions","Daylight","Violation Driver 1","No Controls Present/Factor","Rain","Sideswipe","Non-Related","Other Vehicle","Not Applicable","Not Applicable","East Of","","False","False","47630","CURTNER AV","TIOGA WY","37.27618173","-121.9216485"
"683483","CR-0000093079","0","0","0","0","22-215-4001","False","True","51","8/3/2022 3:15:00 PM","No Pedestrians Involved","Unknown","Unknown","Daylight","Unknown","Unknown","Unknown","Broadside","Non-Related","Other Vehicle","Not Applicable","Not Applicable","West Of","","False","False","28820","CALLE BONITA","CORTE BONITA","37.22460084","-121.8869025"
"726989","CR-0000105527","0","0","0","0","24-203-0098","True","False","255","7/21/2024 2:09:00 AM","No Pedestrians Involved","Dry","No Unusual Conditions","Dark - Street Light","Violation Driver 1","No Controls Present/Factor","Clear","Hit Object","Non-Related","Fixed Object","Not Applicable","Not Applicable","South Of","LIGHT POLE","False","False","28820","CALLE BONITA","CORTE BONITA","37.22460084","-121.8869025"
"684747","CR-0000093399","0","0","0","0","22-192-4003","False","True","51","7/6/2022 6:34:00 PM","No Pedestrians Involved","Unknown","Unknown","Unknown","Unknown","Unknown","Unknown","Other","Non-Related","Fixed Object","Not Applicable","Not Applicable","East Of","LIGHTPOLE","False","False","28819","CALLE BONITA","CERRO VERDE","37.22195129","-121.8877688"
"685114","CR-0000093787","0","0","0","0","22-230-0776","False","False","60","8/18/2022 5:56:00 PM","No Pedestrians Involved","Dry","No Unusual Conditions","Daylight","Violation Driver 1","No Controls Present/Factor","Clear","Vehicle/Bike","Non-Related","Bike","Not Applicable","Not Applicable","West Of","","False","False","41238","COIT DR","CURTNER AV","37.27535909","-121.9242661"
"682771","CR-0000092313","1","0","0","0","22-154-0526","False","False","216","6/3/2022 2:45:00 PM","No Pedestrians Involved","Dry","No Unusual Conditions","Daylight","Violation Driver 1","No Controls Present/Factor","Clear","Broadside","Non-Related","Motorcycle","Not Applicable","Not Applicable","East Of","","False","True","41238","COIT DR","CURTNER AV","37.27535909","-121.9242661"
"698954","CR-0000100256","0","1","0","0","23-311-0251","False","False","140","11/7/2023 9:05:00 AM","No Pedestrians Involved","Dry","No Unusual Conditions","Daylight","Violation Driver 1","No Controls Present/Factor","Clear","Broadside","Non-Related","Other Vehicle","Not Applicable","Not Applicable","West Of","","False","False","47332","CURTNER AV","GUNAR DR","37.27530366","-121.9244424"
"683346","CR-0000092934","0","0","0","0","22-143-0030","False","False","215","5/23/2022 12:25:00 AM","No Pedestrians Involved","Dry","No Unusual Conditions","Dark - Street Light","Violation Driver 1","No Controls Present/Factor","Clear","Rear End","Non-Related","Parked Vehicle","Not Applicable","Not Applicable","West Of","","True","False","19986","BLOSSOM HILL RD","DEL ORO DR","37.23620007","-121.920721"
"726781","CR-0000105321","0","0","0","0","24-189-4003","False","True","0","7/6/2024 4:10:00 PM","No Pedestrians Involved","Unknown","Unknown","Unknown","Unknown","Unknown","Unknown","Broadside","Intersection","Other Vehicle","Not Applicable","Not Applicable","At","","False","False","75217","ILIKAI AV/CORTE DE PONS","MERIDIAN AV","37.25754125","-121.8998612"
"699090","CR-0000100405","0","0","0","0","23-163-4001","False","True","","6/11/2023 12:00:00 PM","No Pedestrians Involved","Unknown","Unknown","Unknown","Unknown","Unknown","Unknown","Sideswipe","Related","Parked Vehicle","Not Applicable","Not Applicable","North Of","","False","False","92620","MONTELEGRE DR","MONTEVERDE DR","37.22677414","-121.8952358"
"683043","CR-0000092665","0","0","0","0","22-139-0928","False","False","55","5/19/2022 7:37:00 PM","No Pedestrians Involved","Dry","No Unusual Conditions","Daylight","Violation Driver 1","No Controls Present/Factor","Clear","Rear End","Non-Related","Parked Vehicle","Not Applicable","Not Applicable","South Of","","False","True","58827","FARM DR","PEARL AV","37.27987369","-121.8721495"
"723990","CR-0000104386","0","0","0","0","24-150-9710","False","True","51","5/23/2024 12:37:00 PM","No Pedestrians Involved","Dry","Unknown","Daylight","Unknown","No Controls Present/Factor","Clear","Other","Non-Related","Other Vehicle","Not Applicable","Not Applicable","East Of","","False","False","58827","FARM DR","PEARL AV","37.27987369","-121.8721495"
"722544","CR-0000103878","0","0","0","0","24-109-1016","False","False","122","4/18/2024 11:30:00 PM","No Pedestrians Involved","Dry","No Unusual Conditions","Dark - Street Light","Violation Driver 1","Controls Functioning","Clear","Sideswipe","Non-Related","Parked Vehicle","Not Applicable","Not Applicable","West Of","","False","False","20470","BLOSSOM HILL RD","SUNNY OAKS DR","37.25046905","-121.8501495"
"722425","CR-0000103720","0","0","0","0","24-097-0870","False","False","52","4/6/2024 10:43:00 PM","No Pedestrians Involved","Dry","No Unusual Conditions","Dark - Street Light","Violation Driver 1","No Controls Present/Factor","Clear","Hit Object","Non-Related","Fixed Object","Not Applicable","Not Applicable","East Of","FENCE and SHED","False","False","47244","CURTNER AV","CUSTER DR","37.27656571","-121.9205231"
"712177","CR-0000101608","0","0","0","0","23-355-0004","False","False","126","12/21/2023 12:05:00 AM","No Pedestrians Involved","Dry","No Unusual Conditions","Dark - Street Light","Violation Driver 1","No Controls Present/Factor","Clear","Rear End","Non-Related","Parked Vehicle","Not Applicable","Not Applicable","South Of","","True","False","82279","LAURINDA DR","LEIGH AV","37.24708728","-121.9226758"
"723959","CR-0000104355","0","0","0","0","24-130-4007","False","True","51","5/9/2024 4:40:00 PM","No Pedestrians Involved","Unknown","Unknown","Unknown","Unknown","Unknown","Unknown","Sideswipe","Non-Related","Other Vehicle","Not Applicable","Not Applicable","North Of","","False","False","82279","LAURINDA DR","LEIGH AV","37.24708728","-121.9226758"
"712234","CR-0000101678","0","0","0","0","23-133-0803","False","False","639","5/13/2023 8:18:00 PM","No Pedestrians Involved","Dry","No Unusual Conditions","Dusk - Dawn","Violation Driver 1","No Controls Present/Factor","Clear","Head On","Non-Related","Parked Vehicle","Not Applicable","Not Applicable","West Of","","False","True","11615","AYRSHIRE DR","DENTWOOD DR","37.25119728","-121.8830999"
"725397","CR-0000104893","0","0","0","0","24-137-4005","False","True","","5/16/2024 12:58:00 PM","No Pedestrians Involved","Unknown","Unknown","Unknown","Unknown","Unknown","Unknown","Sideswipe","Related","Other Vehicle","Not Applicable","Not Applicable","East Of","","False","False","20350","BLOSSOM HILL RD","PLAZA WY","37.25049406","-121.8777606"
"724174","CR-0000104574","0","0","0","0","24-072-0766","False","False","160","3/12/2024 6:10:00 PM","No Pedestrians Involved","Dry","No Unusual Conditions","Daylight","Violation Driver 1","Unknown","Clear","Hit Object","Non-Related","Fixed Object","Not Applicable","Not Applicable","West Of","","True","False","20350","BLOSSOM HILL RD","PLAZA WY","37.25049406","-121.8777606"
"682406","CR-0000091970","0","0","0","0","22-113-0950","False","False","51","4/23/2022 11:25:00 PM","No Pedestrians Involved","Dry","No Unusual Conditions","Dark - Street Light","Violation Driver 1","Controls Functioning","Clear","Sideswipe","Non-Related","Other Vehicle","Not Applicable","Not Applicable","West Of","","False","True","20350","BLOSSOM HILL RD","PLAZA WY","37.25049406","-121.8777606"
"682195","CR-0000091717","0","0","0","0","22-066-0298","False","False","62","3/7/2022 9:21:00 AM","No Pedestrians Involved","Dry","No Unusual Conditions","Daylight","Violation Driver 1","Controls Functioning","Clear","Rear End","Non-Related","Motor Vehicle On Other Roadway","Not Applicable","Not Applicable","East Of","","True","False","20350","BLOSSOM HILL RD","PLAZA WY","37.25049406","-121.8777606"
"698720","CR-0000099969","0","0","0","0","23-148-0708","False","False","0","5/28/2023 7:20:00 PM","No Pedestrians Involved","Dry","No Unusual Conditions","Daylight","Violation Driver 1","Controls Functioning","Clear","Rear End","Intersection","Other Vehicle","Not Applicable","Not Applicable","At","","True","True","20350","BLOSSOM HILL RD","PLAZA WY","37.25049406","-121.8777606"
"711809","CR-0000100998","0","0","0","0","23-259-0768","False","False","0","9/16/2023 8:24:00 PM","No Pedestrians Involved","Dry","No Unusual Conditions","Dark - Street Light","Violation Driver 1","Controls Functioning","Clear","Head On","Intersection","Other Vehicle","Not Applicable","Not Applicable","At","","False","False","20350","BLOSSOM HILL RD","PLAZA WY","37.25049406","-121.8777606"
"696382","CR-0000099540","0","0","0","0","23-138-4001","False","True","","5/17/2023 10:35:00 PM","No Pedestrians Involved","Unknown","Unknown","Unknown","Unknown","Unknown","Unknown","Sideswipe","Related","Other Vehicle","Not Applicable","Not Applicable","East Of","","False","False","20350","BLOSSOM HILL RD","PLAZA WY","37.25049406","-121.8777606"
"690675","CR-0000096809","1","0","0","0","23-020-0381","False","False","0","1/20/2023 12:21:00 PM","No Pedestrians Involved","Dry","No Unusual Conditions","Daylight","Violation Driver 1","Controls Not Functioning","Clear","Head On","Intersection","Other Vehicle","Not Applicable","Not Applicable","At","","False","False","20350","BLOSSOM HILL RD","PLAZA WY","37.25049406","-121.8777606"
"690522","CR-0000096653","0","0","0","0","22-364-9703","False","True","0","12/28/2022 1:30:00 PM","No Pedestrians Involved","Dry","No Unusual Conditions","Daylight","Unknown","Controls Functioning","Clear","Rear End","Intersection","Other Vehicle","Not Applicable","Not Applicable","At","","False","False","20350","BLOSSOM HILL RD","PLAZA WY","37.25049406","-121.8777606"
"685197","CR-0000093875","0","1","0","0","22-243-0617","False","False","0","8/31/2022 4:34:00 PM","No Pedestrians Involved","Dry","No Unusual Conditions","Daylight","Violation Driver 1","Controls Functioning","Clear","Vehicle/Bike","Intersection","Bike","Not Applicable","Not Applicable","At","BIKE","False","False","20063","BLOSSOM HILL RD","GALLUP DR","37.25002955","-121.8790529"
"712041","CR-0000100841","0","0","0","0","23-205-4005","False","True","0","7/24/2023 4:00:00 PM","No Pedestrians Involved","Unknown","Unknown","Unknown","Unknown","Unknown","Unknown","Other","Intersection","Other Vehicle","Not Applicable","Not Applicable","At","","False","True","20063","BLOSSOM HILL RD","GALLUP DR","37.25002955","-121.8790529"
"716390","CR-0000102389","1","1","0","0","24-040-0731","False","False","0","2/9/2024 7:01:00 PM","No Pedestrians Involved","Dry","No Unusual Conditions","Dark - Street Light","Violation Driver 1","No Controls Present/Factor","Clear","Broadside","Intersection","Other Vehicle","Not Applicable","Not Applicable","At","","False","False","20063","BLOSSOM HILL RD","GALLUP DR","37.25002955","-121.8790529"
"684931","CR-0000093605","1","0","0","0","22-215-0897","False","False","0","8/3/2022 9:35:00 PM","No Pedestrians Involved","Dry","No Unusual Conditions","Dark - Street Light","Violation Driver 1","Controls Functioning","Clear","Broadside","Intersection","Other Vehicle","Not Applicable","Not Applicable","At","","False","False","73127","HILLSDALE AV","ROSS AV","37.26360487","-121.9167678"
"688799","CR-0000094645","0","0","0","0","22-303-4005","False","True","51","10/23/2022 4:00:00 PM","No Pedestrians Involved","Unknown","Unknown","Daylight","Unknown","Unknown","Unknown","Rear End","Non-Related","Other Vehicle","Not Applicable","Not Applicable","West Of","","False","False","73127","HILLSDALE AV","ROSS AV","37.26360487","-121.9167678"
"682230","CR-0000091786","0","1","0","0","22-103-0439","False","False","505","4/13/2022 2:29:00 PM","No Pedestrians Involved","Dry","No Unusual Conditions","Daylight","Violation Driver 1","Controls Obscured","Clear","Vehicle/Bike","Non-Related","Bike","Not Applicable","Not Applicable","East Of","Bike","False","False","73127","HILLSDALE AV","ROSS AV","37.26360487","-121.9167678"
"682055","CR-0000091591","1","0","0","0","22-069-0307","True","False","195","3/10/2022 10:46:00 AM","No Pedestrians Involved","Dry","No Unusual Conditions","Daylight","Violation Driver 1","No Controls Present/Factor","Clear","Head On","Non-Related","Other Object","Not Applicable","Not Applicable","North Of","tree","False","False","73127","HILLSDALE AV","ROSS AV","37.26360487","-121.9167678"
"682011","CR-0000091520","1","0","0","0","22-075-0804","False","False","0","3/16/2022 7:30:00 PM","No Pedestrians Involved","Dry","No Unusual Conditions","Dusk - Dawn","Violation Driver 1","Controls Functioning","Clear","Rear End","Intersection","Other Vehicle","Not Applicable","Not Applicable","At","","True","False","73127","HILLSDALE AV","ROSS AV","37.26360487","-121.9167678"
"682282","CR-0000091823","0","0","0","0","22-101-0614","False","False","0","4/11/2022 5:02:00 PM","No Pedestrians Involved","Dry","No Unusual Conditions","Daylight","Violation Driver 1","Unknown","Clear","Sideswipe","Intersection","Other Vehicle","Not Applicable","Not Applicable","At","CITY OF SAN JOSE DOT VEHICLE","False","False","73127","HILLSDALE AV","ROSS AV","37.26360487","-121.9167678"
"682894","CR-0000092506","1","0","0","0","22-181-0711","False","False","69","6/30/2022 5:14:00 PM","No Pedestrians Involved","Dry","No Unusual Conditions","Daylight","Violation Driver 1","Controls Functioning","Clear","Rear End","Non-Related","Other Vehicle","Not Applicable","Not Applicable","North Of","","True","False","73127","HILLSDALE AV","ROSS AV","37.26360487","-121.9167678"
"683373","CR-0000092964","0","0","0","0","22-178-0672","False","False","","6/27/2022 5:12:00 PM","No Pedestrians Involved","Dry","No Unusual Conditions","Daylight","Violation Driver 1","Controls Functioning","Clear","Sideswipe","Related","Other Vehicle","Not Applicable","Not Applicable","West Of","","True","True","73127","HILLSDALE AV","ROSS AV","37.26360487","-121.9167678"
"692478","CR-0000097766","0","1","0","0","23-074-0631","False","False","0","3/15/2023 3:23:00 PM","No Pedestrians Involved","Dry","No Unusual Conditions","Daylight","Violation Driver 1","Controls Not Functioning","Clear","Broadside","Intersection","Other Vehicle","Not Applicable","Not Applicable","At","","False","False","73127","HILLSDALE AV","ROSS AV","37.26360487","-121.9167678"
"694100","CR-0000098093","0","0","1","0","23-111-0801","False","False","0","4/21/2023 8:32:00 PM","No Pedestrians Involved","Dry","No Unusual Conditions","Dark - Street Light","Bike At Fault","Controls Functioning","Clear","Vehicle/Bike","Related","Bike","Not Applicable","Not Applicable","At","BIKE","False","False","73127","HILLSDALE AV","ROSS AV","37.26360487","-121.9167678"
"682199","CR-0000091771","2","0","0","0","22-066-0781","False","False","20","3/7/2022 5:00:00 PM","No Pedestrians Involved","Dry","No Unusual Conditions","Daylight","Violation Driver 1","Controls Functioning","Clear","Broadside","Related","Other Vehicle","Not Applicable","Not Applicable","East Of","","False","False","64921","GATEWOOD LN","KOOSER RD","37.24350428","-121.8963971"
"689725","CR-0000095737","2","0","0","0","22-351-0824","False","False","42","12/17/2022 9:43:00 PM","No Pedestrians Involved","Dry","No Unusual Conditions","Dark - Street Light","Violation Driver 1","Controls Functioning","Clear","Rear End","Related","Other Vehicle","Not Applicable","Not Applicable","North Of","","True","False","30128","CAMDEN AV","MERRILL DR/MERRILL LP","37.24285746","-121.9057671"
"690448","CR-0000096552","0","0","0","0","22-286-9702","False","True","0","10/12/2022 4:00:00 PM","No Pedestrians Involved","Dry","Unknown","Daylight","Unknown","Controls Functioning","Clear","Rear End","Intersection","Other Vehicle","Not Applicable","Not Applicable","At","","False","True","30128","CAMDEN AV","MERRILL DR/MERRILL LP","37.24285746","-121.9057671"
"715852","CR-0000101746","0","0","0","0","23-240-0221","True","False","0","8/28/2023 2:00:00 AM","No Pedestrians Involved","Dry","No Unusual Conditions","Dark - Street Light","Violation Driver 1","No Controls Present/Factor","Clear","Hit Object","Intersection","Fixed Object","Not Applicable","Not Applicable","At","STREETSIGN","True","True","14410","BATON ROUGE DR","CEDARVILLE LN","37.3756241","-121.8509405"
"712043","CR-0000101045","1","0","0","1","24-007-0750","False","False","0","1/7/2024 10:44:00 PM","No Pedestrians Involved","Dry","No Unusual Conditions","Dark - Street Light","Violation Driver 1","Controls Functioning","Clear","Sideswipe","Intersection","Other Vehicle","Not Applicable","Not Applicable","At","","False","False","63580","FRANCIS DR","MCKEE RD","37.37375738","-121.8375903"
"711941","CR-0000101385","0","0","0","0","23-315-0893","False","False","0","11/11/2023 11:35:00 PM","No Pedestrians Involved","Dry","Unknown","Dark - Street Light","Violation Driver 1","Controls Functioning","Clear","Hit Object","Intersection","Fixed Object","Not Applicable","Not Applicable","At","MEDIAN","False","True","63580","FRANCIS DR","MCKEE RD","37.37375738","-121.8375903"
"717427","CR-0000102442","0","0","1","1","24-181-0121","False","False","120","6/29/2024 2:26:00 AM","No Pedestrians Involved","Dry","No Unusual Conditions","Dark - Street Light","Violation Driver 1","Controls Functioning","Clear","Hit Object","Non-Related","Fixed Object","Not Applicable","Not Applicable","West Of","PASSENGER FATALITY
CURB, FENCE, and RESIDENCE STRUCK","True","False","63580","FRANCIS DR","MCKEE RD","37.37375738","-121.8375903"