"CrashFactId","Name","MinorInjuries","ModerateInjuries","SevereInjuries","FatalInjuries","TcrNumber","CityDamageFlag","ShortFormFlag","Distance","CrashDateTime","PedestrianAction","RoadwaySurface","RoadwayCondition","Lighting","PrimaryCollisionFactor","TrafficControl","Weather","CollisionType","ProximityToIntersection","VehicleInvolvedWith","PedestrianDirectionFrom","PedestrianDirectionTo","DirectionFromIntersection","Comment","SpeedingFlag","HitAndRunFlag","IntersectionNumber","AStreetName","BStreetName","Latitude","Longitude"
"726705","CR-0000105243","0","0","0","0","24-184-9707","False","True","51","7/1/2024 11:06:00 PM","No Pedestrians Involved","Dry","Unknown","Dark - Street Light","Unknown","Unknown","Clear","Sideswipe","Non-Related","Other Vehicle","Not Applicable","Not Applicable","Unknown","","False","False","47497","CURTNER AV/TULLY RD","MONTEREY RD","37.30359396","-121.8611779"
"725255","CR-0000104736","0","0","0","0","24-164-0639","False","False","318","6/12/2024 4:00:00 PM","No Pedestrians Involved","Dry","No Unusual Conditions","Daylight","Violation Driver 1","Unknown","Clear","Sideswipe","Non-Related","Other Vehicle","Not Applicable","Not Applicable","East Of","","True","True","47497","CURTNER AV/TULLY RD","MONTEREY RD","37.30359396","-121.8611779"
"725330","CR-0000104822","1","0","0","0","24-168-0771","False","False","113","6/16/2024 8:59:00 PM","No Pedestrians Involved","Dry","No Unusual Conditions","Dark - Street Light","Violation Driver 1","Controls Functioning","Clear","Rear End","Non-Related","Other Vehicle","Not Applicable","Not Applicable","West Of","","False","False","47497","CURTNER AV/TULLY RD","MONTEREY RD","37.30359396","-121.8611779"
"725290","CR-0000104771","0","0","0","0","24-167-9704","False","True","","6/14/2024 5:50:00 PM","No Pedestrians Involved","Dry","No Unusual Conditions","Daylight","Unknown","Unknown","Clear","Sideswipe","Related","Other Vehicle","Not Applicable","Not Applicable","South Of","","False","False","47497","CURTNER AV/TULLY RD","MONTEREY RD","37.30359396","-121.8611779"
"724126","CR-0000104518","0","1","0","0","24-151-0395","False","False","0","5/30/2024 11:40:00 AM","No Pedestrians Involved","Dry","No Unusual Conditions","Daylight","Violation Driver 1","Controls Functioning","Clear","Sideswipe","Intersection","Other Vehicle","Not Applicable","Not Applicable","At","","False","False","47497","CURTNER AV/TULLY RD","MONTEREY RD","37.30359396","-121.8611779"
"724213","CR-0000104632","0","0","0","0","24-162-4011","False","True","0","6/6/2024 10:40:00 PM","No Pedestrians Involved","Unknown","Unknown","Unknown","Unknown","Unknown","Unknown","Broadside","Intersection","Other Vehicle","Not Applicable","Not Applicable","At","","False","False","47497","CURTNER AV/TULLY RD","MONTEREY RD","37.30359396","-121.8611779"
"725332","CR-0000104824","0","0","0","0","24-168-4008","False","True","51","6/16/2024 10:20:00 PM","No Pedestrians Involved","Unknown","Unknown","Unknown","Unknown","Unknown","Unknown","Other","Non-Related","Other Vehicle","Not Applicable","Not Applicable","Unknown","","False","False","47497","CURTNER AV/TULLY RD","MONTEREY RD","37.30359396","-121.8611779"
"723599","CR-0000103991","0","0","0","0","24-115-9712","False","True","51","4/21/2024 3:41:00 PM","No Pedestrians Involved","Dry","No Unusual Conditions","Daylight","Unknown","Controls Functioning","Clear","Rear End","Non-Related","Other Vehicle","Not Applicable","Not Applicable","West Of","","False","False","47497","CURTNER AV/TULLY RD","MONTEREY RD","37.30359396","-121.8611779"
"722506","CR-0000103820","0","0","0","0","24-108-0612","False","False","170","4/17/2024 4:35:00 PM","No Pedestrians Involved","Dry","No Unusual Conditions","Daylight","Violation Driver 1","No Controls Present/Factor","Clear","Rear End","Non-Related","Other Vehicle","Not Applicable","Not Applicable","East Of","","True","False","47497","CURTNER AV/TULLY RD","MONTEREY RD","37.30359396","-121.8611779"
"722189","CR-0000103455","0","0","0","0","24-085-4006","False","True","51","3/16/2024 6:30:00 PM","No Pedestrians Involved","Unknown","Unknown","Unknown","Unknown","Unknown","Unknown","Rear End","Non-Related","Other Vehicle","Not Applicable","Not Applicable","Unknown","","False","False","47497","CURTNER AV/TULLY RD","MONTEREY RD","37.30359396","-121.8611779"
"719815","CR-0000102988","0","0","0","0","24-037-9702","False","True","0","2/5/2024 5:15:00 PM","No Pedestrians Involved","Wet","No Unusual Conditions","Daylight","Unknown","Controls Not Functioning","Clear","Rear End","Intersection","Other Vehicle","Not Applicable","Not Applicable","At","","False","False","47497","CURTNER AV/TULLY RD","MONTEREY RD","37.30359396","-121.8611779"
"719769","CR-0000102942","2","0","0","0","24-023-0708","False","False","33","1/23/2024 5:41:00 PM","No Pedestrians Involved","Unknown","No Unusual Conditions","Dark - Street Light","Violation Driver 1","Controls Functioning","Clear","Rear End","Related","Other Vehicle","Not Applicable","Not Applicable","North Of","","False","False","47497","CURTNER AV/TULLY RD","MONTEREY RD","37.30359396","-121.8611779"
"719796","CR-0000102969","0","0","0","0","24-024-4002","False","True","51","1/24/2024 2:00:00 PM","No Pedestrians Involved","Unknown","Unknown","Unknown","Unknown","Unknown","Unknown","Rear End","Non-Related","Other Vehicle","Not Applicable","Not Applicable","South Of","","False","False","47497","CURTNER AV/TULLY RD","MONTEREY RD","37.30359396","-121.8611779"
"716261","CR-0000102220","1","0","0","0","24-053-0950","False","False","0","2/22/2024 11:42:00 PM","No Pedestrians Involved","Dry","No Unusual Conditions","Dark - Street Light","Violation Driver 1","Controls Functioning","Clear","Rear End","Intersection","Other Vehicle","Not Applicable","Not Applicable","At","","True","True","47497","CURTNER AV/TULLY RD","MONTEREY RD","37.30359396","-121.8611779"
"711896","CR-0000100851","0","0","0","0","23-183-0283","True","False","22","7/2/2023 6:44:00 AM","No Pedestrians Involved","Dry","No Unusual Conditions","Dusk - Dawn","Violation Driver 1","Controls Functioning","Clear","Hit Object","Related","Fixed Object","Not Applicable","Not Applicable","South Of","LIGHT POLE","True","True","47497","CURTNER AV/TULLY RD","MONTEREY RD","37.30359396","-121.8611779"
"715839","CR-0000101895","3","0","0","0","23-343-0633","False","False","","12/9/2023 5:14:00 PM","No Pedestrians Involved","Dry","No Unusual Conditions","Dark - Street Light","Violation Driver 1","No Controls Present/Factor","Clear","Rear End","Related","Other Vehicle","Not Applicable","Not Applicable","Unknown","","True","False","47497","CURTNER AV/TULLY RD","MONTEREY RD","37.30359396","-121.8611779"
"712227","CR-0000101670","0","0","0","0","23-325-0051","False","False","28","11/21/2023 1:30:00 AM","No Pedestrians Involved","Dry","No Unusual Conditions","Dark - Street Light","Violation Driver 1","Controls Functioning","Clear","Rear End","Related","Other Vehicle","Not Applicable","Not Applicable","North Of","","True","True","47497","CURTNER AV/TULLY RD","MONTEREY RD","37.30359396","-121.8611779"
"696312","CR-0000099468","0","1","0","0","23-277-0506","False","False","0","10/4/2023 2:42:00 PM","Crossing In Crosswalk - Not At Intersection","Dry","No Unusual Conditions","Daylight","Violation Driver 1","Controls Functioning","Clear","Vehicle/Pedestrian","Intersection","Pedestrian","West","East","At","PED(SOOTER)","True","False","47497","CURTNER AV/TULLY RD","MONTEREY RD","37.30359396","-121.8611779"
"696061","CR-0000099196","0","0","0","0","23-029-4004","False","True","0","1/27/2023 4:07:00 PM","No Pedestrians Involved","Unknown","Unknown","Daylight","Unknown","Unknown","Unknown","Sideswipe","Intersection","Other Vehicle","Not Applicable","Not Applicable","At","","False","False","47497","CURTNER AV/TULLY RD","MONTEREY RD","37.30359396","-121.8611779"
"695996","CR-0000099131","0","0","0","0","23-216-9702","False","True","51","8/3/2023 2:00:00 PM","No Pedestrians Involved","Dry","No Unusual Conditions","Daylight","Unknown","Controls Functioning","Clear","Rear End","Non-Related","Other Vehicle","Not Applicable","Not Applicable","South Of","","False","False","47497","CURTNER AV/TULLY RD","MONTEREY RD","37.30359396","-121.8611779"
"695859","CR-0000098924","0","0","0","0","23-101-4004","False","True","51","4/7/2023 12:10:00 PM","No Pedestrians Involved","Unknown","Unknown","Unknown","Unknown","Unknown","Unknown","Rear End","Non-Related","Other Vehicle","Not Applicable","Not Applicable","Unknown","","False","False","47497","CURTNER AV/TULLY RD","MONTEREY RD","37.30359396","-121.8611779"
"695803","CR-0000098868","2","0","0","0","23-271-0792","False","False","462","9/28/2023 7:27:00 PM","No Pedestrians Involved","Dry","No Unusual Conditions","Dark - Street Light","Violation Driver 1","Controls Functioning","Clear","Rear End","Non-Related","Other Vehicle","Not Applicable","Not Applicable","West Of","","True","True","47497","CURTNER AV/TULLY RD","MONTEREY RD","37.30359396","-121.8611779"
"699041","CR-0000100347","0","1","0","0","23-189-0011","False","False","32","7/8/2023 12:06:00 AM","In Road - Includes Shoulder","Dry","No Unusual Conditions","Dark - Street Light","Violation Driver 1","No Controls Present/Factor","Clear","Vehicle/Pedestrian","Related","Pedestrian","No Direction (Not Walking)","No Direction (Not Walking)","South Of","PED","False","False","47497","CURTNER AV/TULLY RD","MONTEREY RD","37.30359396","-121.8611779"
"699006","CR-0000100310","1","0","0","0","23-326-0596","False","False","325","11/22/2023 3:23:00 PM","No Pedestrians Involved","Dry","No Unusual Conditions","Daylight","Violation Driver 1","No Controls Present/Factor","Clear","Broadside","Non-Related","Other Vehicle","Not Applicable","Not Applicable","West Of","","False","False","47497","CURTNER AV/TULLY RD","MONTEREY RD","37.30359396","-121.8611779"
"698799","CR-0000100080","1","1","0","0","23-351-0026","False","False","0","12/17/2023 12:23:00 AM","No Pedestrians Involved","Dry","No Unusual Conditions","Dark - Street Light","Violation Driver 1","Unknown","Clear","Broadside","Intersection","Other Vehicle","Not Applicable","Not Applicable","At","","True","True","47497","CURTNER AV/TULLY RD","MONTEREY RD","37.30359396","-121.8611779"
"698812","CR-0000100094","3","0","0","0","23-341-0138","False","False","71","12/7/2023 6:23:00 AM","No Pedestrians Involved","Wet","No Unusual Conditions","Daylight","Violation Driver 1","No Controls Present/Factor","Clear","Broadside","Non-Related","Other Vehicle","Not Applicable","Not Applicable","South Of","","False","False","47497","CURTNER AV/TULLY RD","MONTEREY RD","37.30359396","-121.8611779"
"711666","CR-0000100833","0","0","0","0","23-188-0453","False","False","42","7/7/2023 1:47:00 PM","No Pedestrians Involved","Dry","Obstruction On Roadway","Daylight","Violation Driver 1","Controls Functioning","Clear","Rear End","Related","Other Vehicle","Not Applicable","Not Applicable","West Of","","True","True","47497","CURTNER AV/TULLY RD","MONTEREY RD","37.30359396","-121.8611779"
"711848","CR-0000101141","0","0","0","0","23-310-9701","False","True","0","10/23/2023 4:45:00 AM","No Pedestrians Involved","Dry","No Unusual Conditions","Dusk - Dawn","Unknown","Controls Functioning","Clear","Sideswipe","Intersection","Other Vehicle","Not Applicable","Not Applicable","At","","False","False","47497","CURTNER AV/TULLY RD","MONTEREY RD","37.30359396","-121.8611779"
"711817","CR-0000100834","0","0","0","0","23-183-0807","False","False","118","7/2/2023 8:08:00 PM","No Pedestrians Involved","Dry","No Unusual Conditions","Daylight","Violation Driver 1","Controls Functioning","Clear","Hit Object","Non-Related","Fixed Object","Not Applicable","Not Applicable","West Of","","True","True","47497","CURTNER AV/TULLY RD","MONTEREY RD","37.30359396","-121.8611779"
"699378","CR-0000100705","0","0","0","0","23-194-4010","False","True","51","7/11/2023 7:41:00 AM","No Pedestrians Involved","Unknown","Unknown","Unknown","Unknown","Unknown","Unknown","Sideswipe","Non-Related","Other Vehicle","Not Applicable","Not Applicable","Unknown","","False","False","47497","CURTNER AV/TULLY RD","MONTEREY RD","37.30359396","-121.8611779"
"699324","CR-0000100651","0","0","0","0","23-163-9706","False","True","51","6/9/2023 5:00:00 PM","No Pedestrians Involved","Dry","No Unusual Conditions","Daylight","Unknown","Controls Functioning","Cloudy","Rear End","Non-Related","Other Vehicle","Not Applicable","Not Applicable","Unknown","","False","False","47497","CURTNER AV/TULLY RD","MONTEREY RD","37.30359396","-121.8611779"
"699279","CR-0000100603","0","0","0","0","23-157-9702","False","True","0","6/5/2023 2:00:00 PM","No Pedestrians Involved","Dry","No Unusual Conditions","Daylight","Unknown","Controls Functioning","Clear","Rear End","Intersection","Other Vehicle","Not Applicable","Not Applicable","At","","False","False","47497","CURTNER AV/TULLY RD","MONTEREY RD","37.30359396","-121.8611779"
"694138","CR-0000098121","1","0","0","0","23-125-0579","True","False","90","5/5/2023 3:54:00 PM","No Pedestrians Involved","Wet","No Unusual Conditions","Daylight","Violation Driver 1","Controls Functioning","Rain","Head On","Non-Related","Other Vehicle","Not Applicable","Not Applicable","North Of","MEDIAN FENCE","True","False","47497","CURTNER AV/TULLY RD","MONTEREY RD","37.30359396","-121.8611779"
"694112","CR-0000097894","1","0","0","0","23-118-0687","True","False","0","4/28/2023 6:07:00 PM","No Pedestrians Involved","Dry","No Unusual Conditions","Daylight","Violation Driver 1","Controls Functioning","Clear","Broadside","Intersection","Other Vehicle","Not Applicable","Not Applicable","At","SAN JOSE POLICE DEPARTMENT","False","False","47497","CURTNER AV/TULLY RD","MONTEREY RD","37.30359396","-121.8611779"
"694293","CR-0000098201","2","0","0","0","23-145-0910","False","False","144","5/25/2023 9:47:00 PM","No Pedestrians Involved","Dry","No Unusual Conditions","Dark - Street Light","Violation Driver 1","Controls Functioning","Clear","Broadside","Non-Related","Motorcycle","Not Applicable","Not Applicable","West Of","","False","False","47497","CURTNER AV/TULLY RD","MONTEREY RD","37.30359396","-121.8611779"
"692380","CR-0000097662","3","0","0","0","23-066-0738","False","False","","3/7/2023 6:45:00 PM","No Pedestrians Involved","Dry","No Unusual Conditions","Dark - Street Light","Violation Driver 1","Controls Functioning","Clear","Sideswipe","Related","Other Vehicle","Not Applicable","Not Applicable","East Of","PGE power pole","False","False","47497","CURTNER AV/TULLY RD","MONTEREY RD","37.30359396","-121.8611779"
"691357","CR-0000097606","0","0","1","0","23-085-0891","False","False","","3/26/2023 11:10:00 PM","No Pedestrians Involved","Dry","No Unusual Conditions","Dark - Street Light","Violation Driver 1","Controls Functioning","Clear","Rear End","Related","Motorcycle","Not Applicable","Not Applicable","North Of","","True","True","47497","CURTNER AV/TULLY RD","MONTEREY RD","37.30359396","-121.8611779"
"689907","CR-0000095935","0","1","0","0","22-362-0820","False","False","51","12/28/2022 10:01:00 PM","No Pedestrians Involved","Wet","No Unusual Conditions","Dark - Street Light","Violation Driver 1","Controls Functioning","Cloudy","Sideswipe","Non-Related","Parked Vehicle","Not Applicable","Not Applicable","East Of","","True","False","47497","CURTNER AV/TULLY RD","MONTEREY RD","37.30359396","-121.8611779"
"690108","CR-0000096185","0","0","0","0","22-356-0445","False","False","","12/22/2022 1:20:00 PM","No Pedestrians Involved","Dry","No Unusual Conditions","Daylight","Violation Driver 1","Controls Functioning","Clear","Sideswipe","Related","Other Vehicle","Not Applicable","Not Applicable","West Of","","True","False","47497","CURTNER AV/TULLY RD","MONTEREY RD","37.30359396","-121.8611779"
"690271","CR-0000096363","0","0","0","0","22-263-4007","False","True","0","9/20/2022 7:36:00 PM","No Pedestrians Involved","Unknown","Unknown","Unknown","Unknown","Unknown","Unknown","Rear End","Intersection","Other Vehicle","Not Applicable","Not Applicable","At","","False","False","47497","CURTNER AV/TULLY RD","MONTEREY RD","37.30359396","-121.8611779"
"690478","CR-0000096588","0","0","0","0","22-345-9705","False","True","0","12/11/2022 11:00:00 AM","No Pedestrians Involved","Wet","No Unusual Conditions","Daylight","Unknown","Controls Functioning","Clear","Rear End","Intersection","Other Vehicle","Not Applicable","Not Applicable","At","","False","False","47497","CURTNER AV/TULLY RD","MONTEREY RD","37.30359396","-121.8611779"
"690687","CR-0000096822","1","0","1","0","23-016-0107","False","False","121","1/16/2023 3:06:00 AM","No Pedestrians Involved","Dry","No Unusual Conditions","Daylight","Violation Driver 1","No Controls Present/Factor","Clear","Hit Object","Non-Related","Fixed Object","Not Applicable","Not Applicable","South Of","FENCE","True","False","47497","CURTNER AV/TULLY RD","MONTEREY RD","37.30359396","-121.8611779"
"690850","CR-0000096991","1","0","0","0","23-023-0203","False","False","0","1/23/2023 7:33:00 AM","No Pedestrians Involved","Dry","No Unusual Conditions","Daylight","Violation Driver 1","Controls Functioning","Clear","Other","Intersection","Other Vehicle","Not Applicable","Not Applicable","At","","False","False","47497","CURTNER AV/TULLY RD","MONTEREY RD","37.30359396","-121.8611779"
"690792","CR-0000096930","0","0","0","0","23-028-9702","False","True","51","1/19/2023 6:35:00 AM","No Pedestrians Involved","Dry","No Unusual Conditions","Dark - Street Light","Unknown","Controls Functioning","Clear","Sideswipe","Non-Related","Other Vehicle","Not Applicable","Not Applicable","Unknown","","False","False","47497","CURTNER AV/TULLY RD","MONTEREY RD","37.30359396","-121.8611779"
"690748","CR-0000096885","1","0","0","0","23-003-0910","False","False","0","1/3/2023 10:59:00 PM","No Pedestrians Involved","Dry","No Unusual Conditions","Dark - Street Light","Violation Driver 1","Controls Functioning","Clear","Head On","Intersection","Motor Vehicle On Other Roadway","Not Applicable","Not Applicable","At","","False","False","47497","CURTNER AV/TULLY RD","MONTEREY RD","37.30359396","-121.8611779"
"683098","CR-0000092711","0","0","0","0","22-045-9705","False","True","0","2/14/2022 9:50:00 PM","No Pedestrians Involved","Dry","No Unusual Conditions","Daylight","Unknown","Controls Functioning","Clear","Sideswipe","Intersection","Other Vehicle","Not Applicable","Not Applicable","At","","False","False","47497","CURTNER AV/TULLY RD","MONTEREY RD","37.30359396","-121.8611779"
"683181","CR-0000092746","0","0","0","0","22-185-4002","False","True","51","5/4/2022 5:20:00 PM","No Pedestrians Involved","Unknown","Unknown","Daylight","Unknown","Unknown","Unknown","Rear End","Non-Related","Other Vehicle","Not Applicable","Not Applicable","West Of","","False","False","47497","CURTNER AV/TULLY RD","MONTEREY RD","37.30359396","-121.8611779"
"681559","CR-0000090956","1","0","0","0","22-041-0354","False","False","0","2/10/2022 10:33:00 AM","No Pedestrians Involved","Dry","No Unusual Conditions","Daylight","Violation Driver 1","No Controls Present/Factor","Clear","Rear End","Intersection","Other Vehicle","Not Applicable","Not Applicable","At","","False","False","47497","CURTNER AV/TULLY RD","MONTEREY RD","37.30359396","-121.8611779"
"681487","CR-0000090877","2","0","0","0","22-034-0844","False","False","50","2/3/2022 6:34:00 PM","No Pedestrians Involved","Dry","No Unusual Conditions","Dark - Street Light","Violation Driver 1","Controls Functioning","Clear","Sideswipe","Related","Other Vehicle","Not Applicable","Not Applicable","South Of","","True","False","47497","CURTNER AV/TULLY RD","MONTEREY RD","37.30359396","-121.8611779"
"682040","CR-0000091551","0","0","0","0","22-007-0685","False","False","51","1/7/2022 6:52:00 PM","No Pedestrians Involved","Dry","No Unusual Conditions","Dark - Street Light","Violation Driver 1","No Controls Present/Factor","Clear","Rear End","Non-Related","Other Vehicle","Not Applicable","Not Applicable","West Of","","True","False","47497","CURTNER AV/TULLY RD","MONTEREY RD","37.30359396","-121.8611779"
"682073","CR-0000091565","2","0","0","0","22-065-0565","False","False","88","3/6/2022 1:57:00 PM","No Pedestrians Involved","Dry","No Unusual Conditions","Daylight","Violation Driver 1","Controls Functioning","Clear","Head On","Non-Related","Other Vehicle","Not Applicable","Not Applicable","West Of","","True","False","47497","CURTNER AV/TULLY RD","MONTEREY RD","37.30359396","-121.8611779"
"681842","CR-0000091260","0","0","0","0","22-074-9707","False","True","51","3/12/2022 2:00:00 PM","No Pedestrians Involved","Dry","Unknown","Dusk - Dawn","Unknown","Controls Functioning","Clear","Broadside","Non-Related","Other Vehicle","Not Applicable","Not Applicable","South Of","","False","False","47497","CURTNER AV/TULLY RD","MONTEREY RD","37.30359396","-121.8611779"
"689763","CR-0000095784","1","0","0","0","22-170-0218","False","False","0","6/19/2022 4:30:00 AM","No Pedestrians Involved","Dry","No Unusual Conditions","Dark - Street Light","Violation Driver 1","No Controls Present/Factor","Clear","Broadside","Intersection","Other Vehicle","Not Applicable","Not Applicable","At","","False","True","47497","CURTNER AV/TULLY RD","MONTEREY RD","37.30359396","-121.8611779"
"689538","CR-0000095515","1","0","0","0","22-343-0928","False","False","833","12/10/2022 7:15:00 AM","No Pedestrians Involved","Dry","No Unusual Conditions","Dark - Street Light","Violation Driver 1","No Controls Present/Factor","Cloudy","Vehicle/Bike","Non-Related","Bike","Not Applicable","Not Applicable","East Of","BIKE","False","True","47497","CURTNER AV/TULLY RD","MONTEREY RD","37.30359396","-121.8611779"
"689605","CR-0000095586","2","0","0","0","22-124-0665","False","False","490","5/4/2022 5:30:00 PM","No Pedestrians Involved","Dry","No Unusual Conditions","Daylight","Violation Driver 1","No Controls Present/Factor","Clear","Rear End","Non-Related","Other Vehicle","Not Applicable","Not Applicable","West Of","","True","True","47497","CURTNER AV/TULLY RD","MONTEREY RD","37.30359396","-121.8611779"
"688950","CR-0000094809","0","1","0","0","22-286-0457","False","False","93","10/13/2022 1:24:00 PM","No Pedestrians Involved","Dry","No Unusual Conditions","Daylight","Violation Driver 1","No Controls Present/Factor","Clear","Vehicle/Bike","Non-Related","Bike","Not Applicable","Not Applicable","South Of","BICYCLIST","True","False","47497","CURTNER AV/TULLY RD","MONTEREY RD","37.30359396","-121.8611779"
"688834","CR-0000094689","0","0","0","0","22-292-0033","True","False","680","10/19/2022 12:53:00 AM","No Pedestrians Involved","Dry","No Unusual Conditions","Dark - Street Light","Violation Driver 1","No Controls Present/Factor","Clear","Hit Object","Non-Related","Fixed Object","Not Applicable","Not Applicable","East Of","STREETLIGHT","False","False","47497","CURTNER AV/TULLY RD","MONTEREY RD","37.30359396","-121.8611779"
"689213","CR-0000095116","0","1","0","0","22-304-0872","True","False","325","10/31/2022 8:26:00 PM","No Pedestrians Involved","Dry","No Unusual Conditions","Dark - Street Light","Violation Driver 1","No Controls Present/Factor","Clear","Hit Object","Non-Related","Fixed Object","Not Applicable","Not Applicable","West Of","CENTER MEDIAN","False","False","47497","CURTNER AV/TULLY RD","MONTEREY RD","37.30359396","-121.8611779"
"689273","CR-0000095225","0","0","0","0","22-295-0345","False","False","0","10/22/2022 11:52:00 AM","No Pedestrians Involved","Dry","No Unusual Conditions","Daylight","Violation Driver 1","Controls Functioning","Clear","Broadside","Intersection","Other Vehicle","Not Applicable","Not Applicable","At","","False","True","47497","CURTNER AV/TULLY RD","MONTEREY RD","37.30359396","-121.8611779"
"683568","CR-0000093174","0","0","0","0","22-207-0089","False","False","27","7/26/2022 2:37:00 AM","No Pedestrians Involved","Dry","No Unusual Conditions","Dark - Street Light","Violation Driver 1","Controls Functioning","Clear","Head On","Related","Fixed Object","Not Applicable","Not Applicable","North Of","Signal Pole","False","True","47497","CURTNER AV/TULLY RD","MONTEREY RD","37.30359396","-121.8611779"
"684865","CR-0000093548","0","0","0","0","22-202-0228","False","False","245","7/21/2022 8:00:00 AM","No Pedestrians Involved","Dry","No Unusual Conditions","Daylight","Violation Driver 1","No Controls Present/Factor","Clear","Rear End","Non-Related","Other Vehicle","Not Applicable","Not Applicable","South Of","","False","False","47497","CURTNER AV/TULLY RD","MONTEREY RD","37.30359396","-121.8611779"
"684688","CR-0000093316","0","0","0","0","22-172-9709","False","True","51","6/20/2022 7:03:00 AM","No Pedestrians Involved","Dry","No Unusual Conditions","Daylight","Unknown","Controls Functioning","Clear","Sideswipe","Non-Related","Motor Vehicle On Other Roadway","Not Applicable","Not Applicable","East Of","","False","False","123540","CURTNER AV","GUADALUPE FR/UNIFIED WY","37.29512049","-121.8724806"
"685223","CR-0000093902","0","0","0","0","22-269-0941","False","False","150","9/26/2022 10:46:00 PM","No Pedestrians Involved","Dry","Construction - Repair Zone","Dusk - Dawn","Violation Driver 1","Controls Functioning","Clear","Rear End","Non-Related","Other Vehicle","Not Applicable","Not Applicable","East Of","","False","True","123540","CURTNER AV","GUADALUPE FR/UNIFIED WY","37.29512049","-121.8724806"
"687434","CR-0000094213","0","0","0","0","22-268-0126","False","False","92","9/25/2022 2:04:00 AM","No Pedestrians Involved","Dry","No Unusual Conditions","Dark - Street Light","Violation Driver 1","Controls Functioning","Clear","Hit Object","Non-Related","Fixed Object","Not Applicable","Not Applicable","West Of","SAND BARREL","True","True","123540","CURTNER AV","GUADALUPE FR/UNIFIED WY","37.29512049","-121.8724806"
"689046","CR-0000094925","0","0","1","0","22-311-0638","False","False","600","11/7/2022 4:16:00 PM","No Pedestrians Involved","Wet","No Unusual Conditions","Daylight","Violation Driver 1","No Controls Present/Factor","Clear","Broadside","Non-Related","Other Vehicle","Not Applicable","Not Applicable","North Of","","False","False","123540","CURTNER AV","GUADALUPE FR/UNIFIED WY","37.29512049","-121.8724806"
"689507","CR-0000095484","0","0","0","0","22-361-4010","False","False","","12/27/2022 5:30:00 PM","No Pedestrians Involved","Unknown","Unknown","Unknown","Unknown","Unknown","Unknown","Sideswipe","Related","Other Vehicle","Not Applicable","Not Applicable","Unknown","","False","False","123540","CURTNER AV","GUADALUPE FR/UNIFIED WY","37.29512049","-121.8724806"
"689505","CR-0000095482","0","0","0","0","22-362-4000","False","True","","12/27/2022 7:40:00 PM","No Pedestrians Involved","Unknown","Unknown","Unknown","Unknown","Unknown","Unknown","Sideswipe","Related","Other Vehicle","Not Applicable","Not Applicable","East Of","","False","False","123540","CURTNER AV","GUADALUPE FR/UNIFIED WY","37.29512049","-121.8724806"
"689408","CR-0000095387","1","0","0","0","22-307-0027","False","False","62","11/2/2022 11:30:00 PM","No Pedestrians Involved","Dry","No Unusual Conditions","Dark - Street Light","Violation Driver 1","Controls Functioning","Clear","Hit Object","Non-Related","Fixed Object","Not Applicable","Not Applicable","North Of","dirt berm","False","False","123540","CURTNER AV","GUADALUPE FR/UNIFIED WY","37.29512049","-121.8724806"
"681878","CR-0000091359","2","0","0","0","22-036-0076","False","False","31","2/5/2022 1:18:00 AM","No Pedestrians Involved","Dry","No Unusual Conditions","Dark - Street Light","Violation Driver 1","Controls Functioning","Clear","Rear End","Related","Motorcycle","Not Applicable","Not Applicable","East Of","","True","True","123540","CURTNER AV","GUADALUPE FR/UNIFIED WY","37.29512049","-121.8724806"
"681772","CR-0000091172","1","1","0","0","22-043-0488","False","False","0","2/12/2022 2:23:00 PM","No Pedestrians Involved","Dry","Unknown","Daylight","Violation Driver 1","Controls Functioning","Clear","Rear End","Intersection","Other Vehicle","Not Applicable","Not Applicable","At","","False","False","123540","CURTNER AV","GUADALUPE FR/UNIFIED WY","37.29512049","-121.8724806"
"681268","CR-0000090654","4","1","0","0","22-007-0788","False","False","585","1/7/2022 9:00:00 PM","No Pedestrians Involved","Dry","No Unusual Conditions","Dark - Street Light","Violation Driver 1","Controls Functioning","Clear","Rear End","Non-Related","Other Vehicle","Not Applicable","Not Applicable","East Of","","True","False","123540","CURTNER AV","GUADALUPE FR/UNIFIED WY","37.29512049","-121.8724806"
"682461","CR-0000092026","0","0","0","0","22-111-0841","False","False","0","4/21/2022 10:38:00 PM","No Pedestrians Involved","Dry","No Unusual Conditions","Dark - Street Light","Violation Driver 1","Controls Functioning","Clear","Rear End","Intersection","Motor Vehicle On Other Roadway","Not Applicable","Not Applicable","At","","True","True","123540","CURTNER AV","GUADALUPE FR/UNIFIED WY","37.29512049","-121.8724806"
"682488","CR-0000092055","1","0","0","0","22-091-0734","False","False","0","4/1/2022 6:40:00 PM","No Pedestrians Involved","Dry","No Unusual Conditions","Daylight","Violation Driver 1","Controls Functioning","Clear","Vehicle/Bike","Intersection","Bike","Not Applicable","Not Applicable","At","BIKE","False","False","123540","CURTNER AV","GUADALUPE FR/UNIFIED WY","37.29512049","-121.8724806"
"690425","CR-0000096525","0","0","0","0","22-284-4005","False","True","50","10/8/2022 2:00:00 AM","No Pedestrians Involved","Unknown","Unknown","Unknown","Unknown","Unknown","Unknown","Rear End","Related","Other Vehicle","Not Applicable","Not Applicable","South Of","","False","False","123540","CURTNER AV","GUADALUPE FR/UNIFIED WY","37.29512049","-121.8724806"
"690045","CR-0000096105","0","0","0","0","22-018-4003","False","True","0","1/17/2022 1:20:00 PM","No Pedestrians Involved","Unknown","Unknown","Unknown","Unknown","Unknown","Unknown","Rear End","Intersection","Other Vehicle","Not Applicable","Not Applicable","At","","False","True","123540","CURTNER AV","GUADALUPE FR/UNIFIED WY","37.29512049","-121.8724806"
"694204","CR-0000098016","0","0","1","0","23-106-0170","False","False","39","4/16/2023 3:30:00 AM","Crossing - Not In Crosswalk","Dry","No Unusual Conditions","Dark - No Street Light","Pedestrian At Fault","Controls Functioning","Clear","Vehicle/Pedestrian","Related","Pedestrian","South","North","South Of","PEDESTRIAN","False","False","123540","CURTNER AV","GUADALUPE FR/UNIFIED WY","37.29512049","-121.8724806"