"CrashFactId","Name","MinorInjuries","ModerateInjuries","SevereInjuries","FatalInjuries","TcrNumber","CityDamageFlag","ShortFormFlag","Distance","CrashDateTime","PedestrianAction","RoadwaySurface","RoadwayCondition","Lighting","PrimaryCollisionFactor","TrafficControl","Weather","CollisionType","ProximityToIntersection","VehicleInvolvedWith","PedestrianDirectionFrom","PedestrianDirectionTo","DirectionFromIntersection","Comment","SpeedingFlag","HitAndRunFlag","IntersectionNumber","AStreetName","BStreetName","Latitude","Longitude"
"711667","CR-0000100846","0","0","0","0","23-182-0452","False","False","0","7/1/2023 12:31:00 PM","No Pedestrians Involved","Dry","No Unusual Conditions","Daylight","Unknown","No Controls Present/Factor","Clear","Rear End","Intersection","Other Vehicle","Not Applicable","Not Applicable","At","","False","True","123540","CURTNER AV","GUADALUPE FR/UNIFIED WY","37.29512049","-121.8724806"
"698930","CR-0000100232","2","0","0","0","23-321-0682","False","False","0","11/17/2023 6:03:00 PM","No Pedestrians Involved","Wet","No Unusual Conditions","Dusk - Dawn","Violation Driver 1","Controls Functioning","Rain","Head On","Intersection","Other Vehicle","Not Applicable","Not Applicable","At","","False","False","123540","CURTNER AV","GUADALUPE FR/UNIFIED WY","37.29512049","-121.8724806"
"698881","CR-0000100177","1","0","0","0","23-308-0690","False","False","0","11/4/2023 7:21:00 PM","No Pedestrians Involved","Dry","No Unusual Conditions","Dark - Street Light","Violation Driver 1","Controls Functioning","Clear","Rear End","Intersection","Other Vehicle","Not Applicable","Not Applicable","At","","False","True","123540","CURTNER AV","GUADALUPE FR/UNIFIED WY","37.29512049","-121.8724806"
"715893","CR-0000101979","0","0","1","0","24-005-0108","False","False","0","1/5/2024 3:59:00 AM","No Pedestrians Involved","Dry","No Unusual Conditions","Dark - Street Light","Bike At Fault","Controls Functioning","Clear","Vehicle/Bike","Intersection","Bike","Not Applicable","Not Applicable","At","BIKE","False","False","123540","CURTNER AV","GUADALUPE FR/UNIFIED WY","37.29512049","-121.8724806"
"719601","CR-0000102758","0","0","0","0","24-003-0935","False","False","56","1/3/2024 10:15:00 PM","No Pedestrians Involved","Dry","No Unusual Conditions","Dark - Street Light","Violation Driver 1","Controls Functioning","Cloudy","Rear End","Non-Related","Other Vehicle","Not Applicable","Not Applicable","East Of","","True","True","123540","CURTNER AV","GUADALUPE FR/UNIFIED WY","37.29512049","-121.8724806"
"725200","CR-0000104681","1","0","0","0","24-161-0691","False","False","87","6/9/2024 6:39:00 PM","No Pedestrians Involved","Dry","No Unusual Conditions","Daylight","Violation Driver 1","Controls Functioning","Clear","Rear End","Non-Related","Other Vehicle","Not Applicable","Not Applicable","East Of","","True","False","123540","CURTNER AV","GUADALUPE FR/UNIFIED WY","37.29512049","-121.8724806"
"726904","CR-0000105445","2","0","0","0","24-200-1002","False","False","0","7/18/2024 11:29:00 PM","No Pedestrians Involved","Dry","No Unusual Conditions","Dark - Street Light","Violation Driver 1","Controls Functioning","Clear","Broadside","Intersection","Other Vehicle","Not Applicable","Not Applicable","At","","False","False","18677","BIRD AV","MINNESOTA AV","37.30733597","-121.8912764"
"722218","CR-0000103484","0","0","0","0","24-081-0628","False","False","0","3/21/2024 3:19:00 PM","No Pedestrians Involved","Dry","No Unusual Conditions","Daylight","Violation Driver 1","Controls Functioning","Clear","Broadside","Intersection","Other Vehicle","Not Applicable","Not Applicable","At","","False","True","18677","BIRD AV","MINNESOTA AV","37.30733597","-121.8912764"
"715849","CR-0000101904","0","0","0","0","23-321-0807","False","False","0","11/17/2023 6:35:00 PM","No Pedestrians Involved","Wet","No Unusual Conditions","Dark - Street Light","Violation Driver 1","Controls Functioning","Rain","Sideswipe","Intersection","Other Vehicle","Not Applicable","Not Applicable","North Of","","True","True","18677","BIRD AV","MINNESOTA AV","37.30733597","-121.8912764"
"716231","CR-0000102174","1","0","0","0","24-037-0812","False","False","0","2/6/2024 6:57:00 PM","No Pedestrians Involved","Dry","No Unusual Conditions","Dark - Street Light","Violation Driver 1","Controls Functioning","Clear","Head On","Intersection","Other Vehicle","Not Applicable","Not Applicable","At","","False","False","18677","BIRD AV","MINNESOTA AV","37.30733597","-121.8912764"
"687547","CR-0000094337","0","1","0","0","22-259-0247","False","False","152","9/16/2022 8:51:00 AM","No Pedestrians Involved","Dry","No Unusual Conditions","Daylight","Violation Driver 1","Controls Functioning","Clear","Broadside","Non-Related","Other Vehicle","Not Applicable","Not Applicable","West Of","","False","False","18677","BIRD AV","MINNESOTA AV","37.30733597","-121.8912764"
"683587","CR-0000093193","3","0","0","0","22-175-0440","False","False","0","6/24/2022 11:40:00 AM","No Pedestrians Involved","Dry","No Unusual Conditions","Daylight","Violation Driver 1","Controls Functioning","Clear","Broadside","Intersection","Other Vehicle","Not Applicable","Not Applicable","At","","False","False","18677","BIRD AV","MINNESOTA AV","37.30733597","-121.8912764"
"684852","CR-0000093495","0","0","0","0","22-192-0786","False","False","125","7/11/2022 5:50:00 PM","No Pedestrians Involved","Dry","No Unusual Conditions","Daylight","Violation Driver 1","Controls Functioning","Clear","Head On","Non-Related","Other Vehicle","Not Applicable","Not Applicable","East Of","","True","True","45760","CRISTINA AV","MINNESOTA AV","37.30662767","-121.8923871"
"698946","CR-0000100248","1","0","0","0","23-315-0707","False","False","117","11/11/2023 7:55:00 PM","Crossing - Not In Crosswalk","Dry","No Unusual Conditions","Dark - No Street Light","Violation Driver 1","No Controls Present/Factor","Clear","Vehicle/Pedestrian","Non-Related","Pedestrian","North","South","West Of","PED","True","False","45760","CRISTINA AV","MINNESOTA AV","37.30662767","-121.8923871"
"722254","CR-0000103521","0","0","0","0","24-084-0396","False","False","105","3/24/2024 12:52:00 PM","No Pedestrians Involved","Dry","No Unusual Conditions","Daylight","Violation Driver 1","Controls Functioning","Clear","Rear End","Non-Related","Other Vehicle","Not Applicable","Not Applicable","East Of","","False","False","45760","CRISTINA AV","MINNESOTA AV","37.30662767","-121.8923871"
"725297","CR-0000104778","0","4","0","0","24-167-0721","False","False","21","6/15/2024 6:45:00 PM","No Pedestrians Involved","Dry","No Unusual Conditions","Daylight","Violation Driver 1","No Controls Present/Factor","Clear","Sideswipe","Related","Other Vehicle","Not Applicable","Not Applicable","West Of","","False","False","45760","CRISTINA AV","MINNESOTA AV","37.30662767","-121.8923871"
"722132","CR-0000103397","0","0","0","0","24-071-0926","False","False","75","3/11/2024 9:30:00 PM","No Pedestrians Involved","Wet","No Unusual Conditions","Dark - Street Light","Violation Driver 1","No Controls Present/Factor","Cloudy","Rear End","Non-Related","Other Vehicle","Not Applicable","Not Applicable","West Of","Both drivers at fault","False","False","5532","ALMADEN RD","WILLOW GLEN WY","37.30383982","-121.878735"
"717502","CR-0000102544","1","1","0","0","24-076-0362","False","False","112","3/16/2024 11:08:00 AM","No Pedestrians Involved","Dry","No Unusual Conditions","Daylight","Violation Driver 1","No Controls Present/Factor","Clear","Sideswipe","Non-Related","Motor Vehicle On Other Roadway","Not Applicable","Not Applicable","South Of","","False","False","5532","ALMADEN RD","WILLOW GLEN WY","37.30383982","-121.878735"
"682783","CR-0000092362","1","0","0","0","22-143-0350","False","False","0","5/23/2022 10:04:00 AM","No Pedestrians Involved","Dry","Unknown","Daylight","Violation Driver 1","Controls Functioning","Clear","Sideswipe","Intersection","Other Vehicle","Not Applicable","Not Applicable","At","","False","False","5532","ALMADEN RD","WILLOW GLEN WY","37.30383982","-121.878735"
"726603","CR-0000105137","0","0","0","0","24-178-0115","False","False","145","6/26/2024 4:17:00 AM","No Pedestrians Involved","Dry","No Unusual Conditions","Dark - Street Light","Unknown","No Controls Present/Factor","Clear","Sideswipe","Non-Related","Fixed Object","Not Applicable","Not Applicable","East Of","DUMPSTER","False","True","46067","CROSS WY","WILLOW GLEN WY","37.30401191","-121.8799496"
"689510","CR-0000095487","0","0","0","0","22-358-0220","False","False","0","12/24/2022 6:51:00 AM","No Pedestrians Involved","Dry","No Unusual Conditions","Dark - Street Light","Violation Driver 1","Controls Functioning","Clear","Sideswipe","Intersection","Parked Vehicle","Not Applicable","Not Applicable","At","","False","True","7325","ANGELA ST","LANO ST","37.30539222","-121.877978"
"727051","CR-0000105636","1","1","0","0","24-201-0609","False","False","0","7/19/2024 4:57:00 PM","No Pedestrians Involved","Dry","No Unusual Conditions","Daylight","Violation Driver 1","Controls Not Functioning","Clear","Broadside","Intersection","Other Vehicle","Not Applicable","Not Applicable","At","","False","False","117193","SENTER RD","WOOL CREEK DR","37.31260019","-121.8525728"
"722419","CR-0000103714","0","0","0","0","24-097-0587","False","False","0","4/6/2024 5:13:00 PM","No Pedestrians Involved","Dry","No Unusual Conditions","Daylight","Violation Driver 1","No Controls Present/Factor","Clear","Broadside","Intersection","Other Vehicle","Not Applicable","Not Applicable","At","","False","True","41799","COLLEGE DR","LEIGH AV","37.30783994","-121.9221218"
"681246","CR-0000090631","0","0","0","0","22-006-0081","False","False","45","1/6/2022 2:38:00 AM","No Pedestrians Involved","Dry","No Unusual Conditions","Dark - Street Light","Violation Driver 1","No Controls Present/Factor","Clear","Rear End","Related","Parked Vehicle","Not Applicable","Not Applicable","South Of","","False","False","41799","COLLEGE DR","LEIGH AV","37.30783994","-121.9221218"
"699266","CR-0000100589","0","0","0","0","23-170-4007","False","True","51","6/19/2023 2:00:00 AM","No Pedestrians Involved","Unknown","Unknown","Unknown","Unknown","Unknown","Unknown","Other","Non-Related","Parked Vehicle","Not Applicable","Not Applicable","East Of","","False","False","41799","COLLEGE DR","LEIGH AV","37.30783994","-121.9221218"
"685260","CR-0000093940","1","0","0","0","22-180-0751","False","False","42","6/29/2022 6:23:00 PM","No Pedestrians Involved","Dry","No Unusual Conditions","Daylight","Violation Driver 1","Controls Functioning","Clear","Head On","Related","Parked Vehicle","Not Applicable","Not Applicable","East Of","","False","False","59950","FIFTH ST","VIRGINIA ST","37.32607353","-121.877313"
"684833","CR-0000093418","0","0","0","0","22-184-4000","False","True","","7/3/2022 12:00:00 PM","No Pedestrians Involved","Unknown","Unknown","Unknown","Unknown","Unknown","Unknown","Broadside","Related","Other Vehicle","Not Applicable","Not Applicable","Unknown","","False","False","110318","ST JAMES ST","THIRD ST","37.3401052","-121.8906471"
"682076","CR-0000091582","0","0","0","0","22-087-4001","False","True","51","3/27/2022 1:00:00 AM","No Pedestrians Involved","Unknown","Unknown","Unknown","Unknown","Unknown","Unknown","Sideswipe","Non-Related","Other Vehicle","Not Applicable","Not Applicable","South Of","","False","False","110318","ST JAMES ST","THIRD ST","37.3401052","-121.8906471"
"694425","CR-0000098388","1","0","0","0","23-157-0911","False","False","0","6/6/2023 9:10:00 PM","No Pedestrians Involved","Dry","No Unusual Conditions","Dark - Street Light","Violation Driver 1","Controls Functioning","Clear","Broadside","Intersection","Other Vehicle","Not Applicable","Not Applicable","At","","False","False","110318","ST JAMES ST","THIRD ST","37.3401052","-121.8906471"
"719685","CR-0000102856","0","0","0","0","24-016-0938","False","False","200","1/16/2024 11:17:00 PM","No Pedestrians Involved","Wet","No Unusual Conditions","Dark - Street Light","Violation Driver 1","No Controls Present/Factor","Rain","Hit Object","Non-Related","Fixed Object","Not Applicable","Not Applicable","East Of","WOODEN POWER POLE","False","False","110318","ST JAMES ST","THIRD ST","37.3401052","-121.8906471"
"719836","CR-0000103009","0","0","0","0","24-058-9706","False","False","51","2/7/2024 8:00:00 PM","No Pedestrians Involved","Unknown","Unknown","Unknown","Unknown","Unknown","Unknown","Other","Non-Related","Other Vehicle","Not Applicable","Not Applicable","Unknown","","False","False","110318","ST JAMES ST","THIRD ST","37.3401052","-121.8906471"
"720924","CR-0000103159","0","0","0","0","24-046-4008","False","True","51","2/15/2024 3:00:00 PM","No Pedestrians Involved","Unknown","Unknown","Unknown","Unknown","Unknown","Unknown","Rear End","Non-Related","Other Vehicle","Not Applicable","Not Applicable","West Of","","False","False","110318","ST JAMES ST","THIRD ST","37.3401052","-121.8906471"
"720920","CR-0000103155","0","0","0","0","24-047-4001","False","True","51","2/15/2024 3:00:00 PM","No Pedestrians Involved","Unknown","Unknown","Unknown","Unknown","Unknown","Unknown","Rear End","Non-Related","Other Vehicle","Not Applicable","Not Applicable","Unknown","","False","False","110318","ST JAMES ST","THIRD ST","37.3401052","-121.8906471"
"689953","CR-0000095960","1","0","0","0","22-067-1058","False","False","0","3/8/2022 11:47:00 PM","No Pedestrians Involved","Dry","No Unusual Conditions","Dark - Street Light","Violation Driver 1","Controls Functioning","Clear","Sideswipe","Intersection","Other Vehicle","Not Applicable","Not Applicable","At","","False","True","63018","FOURTH ST","ST JAMES ST","37.34060524","-121.8895961"
"683337","CR-0000092915","1","0","0","0","22-182-0256","False","False","118","7/1/2022 9:17:00 AM","No Pedestrians Involved","Dry","No Unusual Conditions","Daylight","Violation Driver 1","No Controls Present/Factor","Clear","Broadside","Non-Related","Other Vehicle","Not Applicable","Not Applicable","East Of","","False","False","63018","FOURTH ST","ST JAMES ST","37.34060524","-121.8895961"
"683254","CR-0000092840","0","0","0","0","22-131-0549","False","False","95","5/11/2022 2:45:00 PM","No Pedestrians Involved","Dry","No Unusual Conditions","Daylight","Violation Driver 1","Controls Functioning","Clear","Rear End","Non-Related","Other Vehicle","Not Applicable","Not Applicable","North Of","","True","True","59080","FELIPE AV/VIA FERRARI","STORY RD","37.33419365","-121.8514613"
"681404","CR-0000090794","1","0","0","0","22-023-0574","False","False","300","1/23/2022 4:50:00 PM","No Pedestrians Involved","Dry","No Unusual Conditions","Daylight","Violation Driver 1","No Controls Present/Factor","Clear","Sideswipe","Non-Related","Other Vehicle","Not Applicable","Not Applicable","East Of","","False","False","59080","FELIPE AV/VIA FERRARI","STORY RD","37.33419365","-121.8514613"
"687495","CR-0000094283","1","0","0","0","20-076-0032","False","False","0","3/16/2022 12:39:00 AM","No Pedestrians Involved","Wet","No Unusual Conditions","Dark - Street Light","Violation Driver 1","Controls Functioning","Rain","Sideswipe","Intersection","Other Vehicle","Not Applicable","Not Applicable","At","","False","True","59080","FELIPE AV/VIA FERRARI","STORY RD","37.33419365","-121.8514613"
"689389","CR-0000095386","2","0","0","0","22-311-0657","False","False","0","11/7/2022 4:52:00 PM","No Pedestrians Involved","Wet","No Unusual Conditions","Dark - Street Light","Violation Driver 1","Controls Functioning","Cloudy","Rear End","Intersection","Other Vehicle","Not Applicable","Not Applicable","At","","True","False","59080","FELIPE AV/VIA FERRARI","STORY RD","37.33419365","-121.8514613"
"690458","CR-0000096567","0","0","0","0","22-273-0919","False","False","0","9/30/2022 7:20:00 PM","No Pedestrians Involved","Dry","No Unusual Conditions","Dusk - Dawn","Violation Driver 1","Controls Functioning","Clear","Sideswipe","Intersection","Other Vehicle","Not Applicable","Not Applicable","At","","False","True","59080","FELIPE AV/VIA FERRARI","STORY RD","37.33419365","-121.8514613"
"694550","CR-0000098544","0","1","0","0","23-198-0395","False","False","0","7/17/2023 11:00:00 AM","No Pedestrians Involved","Dry","No Unusual Conditions","Daylight","Bike At Fault","Unknown","Clear","Vehicle/Bike","Intersection","Bike","Not Applicable","Not Applicable","At","BIKE","False","False","59080","FELIPE AV/VIA FERRARI","STORY RD","37.33419365","-121.8514613"
"691394","CR-0000097643","1","0","1","0","23-064-0797","False","False","39","3/5/2023 11:16:00 PM","No Pedestrians Involved","Dry","No Unusual Conditions","Dark - Street Light","Violation Driver 1","Controls Functioning","Clear","Rear End","Related","Other Vehicle","Not Applicable","Not Applicable","East Of","","True","False","59080","FELIPE AV/VIA FERRARI","STORY RD","37.33419365","-121.8514613"
"699078","CR-0000100384","0","0","0","0","23-238-9710","False","False","0","8/23/2023 8:00:00 AM","No Pedestrians Involved","Dry","No Unusual Conditions","Daylight","Unknown","Controls Functioning","Clear","Sideswipe","Intersection","Other Vehicle","Not Applicable","Not Applicable","At","","False","False","59080","FELIPE AV/VIA FERRARI","STORY RD","37.33419365","-121.8514613"
"694578","CR-0000098602","1","0","0","0","23-183-0881","False","False","0","7/2/2023 9:34:00 PM","No Pedestrians Involved","Dry","No Unusual Conditions","Dark - Street Light","Violation Driver 1","Controls Functioning","Clear","Broadside","Intersection","Other Vehicle","Not Applicable","Not Applicable","At","","False","True","59080","FELIPE AV/VIA FERRARI","STORY RD","37.33419365","-121.8514613"
"695874","CR-0000098939","0","0","0","0","23-091-0268","False","False","0","4/1/2023 10:08:00 AM","No Pedestrians Involved","Dry","No Unusual Conditions","Daylight","Violation Driver 1","Controls Functioning","Clear","Broadside","Intersection","Other Vehicle","Not Applicable","Not Applicable","At","","False","True","59080","FELIPE AV/VIA FERRARI","STORY RD","37.33419365","-121.8514613"
"722584","CR-0000103894","1","0","0","0","24-103-0698","False","False","242","4/12/2024 9:02:00 PM","No Pedestrians Involved","Dry","No Unusual Conditions","Dusk - Dawn","Violation Driver 1","No Controls Present/Factor","Clear","Rear End","Non-Related","Other Vehicle","Not Applicable","Not Applicable","West Of","","True","False","59080","FELIPE AV/VIA FERRARI","STORY RD","37.33419365","-121.8514613"
"715870","CR-0000101884","1","0","0","0","23-325-0324","False","False","25","11/21/2023 11:00:00 AM","Not In Road","Dry","No Unusual Conditions","Daylight","Unknown","No Controls Present/Factor","Clear","Vehicle/Pedestrian","Related","Wheelchair","West","East","West Of","M.WHEELCHAIR","False","False","59080","FELIPE AV/VIA FERRARI","STORY RD","37.33419365","-121.8514613"
"712135","CR-0000101538","0","0","0","0","23-342-0808","False","False","0","12/8/2023 7:52:00 PM","No Pedestrians Involved","Dry","No Unusual Conditions","Dark - Street Light","Violation Driver 1","No Controls Present/Factor","Clear","Rear End","Intersection","Other Vehicle","Not Applicable","Not Applicable","At","","True","True","59080","FELIPE AV/VIA FERRARI","STORY RD","37.33419365","-121.8514613"
"726625","CR-0000105159","0","0","0","0","24-179-0849","False","False","27","6/27/2024 10:06:00 PM","No Pedestrians Involved","Dry","No Unusual Conditions","Dark - Street Light Not Functioning","Violation Driver 1","Controls Functioning","Clear","Sideswipe","Related","Other Vehicle","Not Applicable","Not Applicable","South Of","","False","True","59080","FELIPE AV/VIA FERRARI","STORY RD","37.33419365","-121.8514613"
"724208","CR-0000104582","2","0","0","0","24-133-9703","False","True","0","5/12/2024 1:40:00 AM","No Pedestrians Involved","Dry","No Unusual Conditions","Dark - Street Light","Unknown","Controls Functioning","Clear","Rear End","Intersection","Other Vehicle","Not Applicable","Not Applicable","At","","False","False","59080","FELIPE AV/VIA FERRARI","STORY RD","37.33419365","-121.8514613"
"725379","CR-0000104873","0","0","0","0","24-139-4010","False","True","","5/18/2024 5:26:00 PM","No Pedestrians Involved","Unknown","Unknown","Unknown","Unknown","Unknown","Unknown","Other","Related","Unknown","Not Applicable","Not Applicable","East Of","","False","False","59080","FELIPE AV/VIA FERRARI","STORY RD","37.33419365","-121.8514613"
"723762","CR-0000104159","0","0","0","0","24-124-9716","False","True","0","5/2/2024 11:40:00 PM","No Pedestrians Involved","Dry","No Unusual Conditions","Dark - Street Light","Unknown","Controls Functioning","Clear","Broadside","Intersection","Other Vehicle","Not Applicable","Not Applicable","At","","False","False","59080","FELIPE AV/VIA FERRARI","STORY RD","37.33419365","-121.8514613"
"723693","CR-0000104085","0","0","0","0","24-120-0584","False","False","83","4/29/2024 3:13:00 PM","No Pedestrians Involved","Dry","No Unusual Conditions","Daylight","Violation Driver 1","Controls Functioning","Clear","Sideswipe","Non-Related","Other Vehicle","Not Applicable","Not Applicable","West Of","","False","True","59080","FELIPE AV/VIA FERRARI","STORY RD","37.33419365","-121.8514613"
"694322","CR-0000098266","0","1","0","0","23-180-0844","False","False","241","6/29/2023 10:05:00 PM","No Pedestrians Involved","Dry","No Unusual Conditions","Dark - Street Light","Violation Driver 1","Controls Functioning","Clear","Sideswipe","Non-Related","Other Vehicle","Not Applicable","Not Applicable","South Of","","True","False","96172","NORDALE AV","SENTER RD","37.31770251","-121.8580021"
"694046","CR-0000098012","1","0","0","0","23-100-0976","False","False","0","4/10/2023 8:51:00 PM","No Pedestrians Involved","Dry","No Unusual Conditions","Dark - Street Light","Violation Driver 1","Controls Functioning","Clear","Sideswipe","Intersection","Other Vehicle","Not Applicable","Not Applicable","At","","False","True","82994","LEIGH AV","SOUTHWEST EX","37.30668567","-121.9218358"
"689800","CR-0000095826","2","0","0","0","22-195-9707","False","False","","7/1/2022 11:00:00 PM","No Pedestrians Involved","Dry","No Unusual Conditions","Dark - Street Light","Unknown","Controls Functioning","Clear","Rear End","Related","Other Vehicle","Not Applicable","Not Applicable","North Of","","False","False","82994","LEIGH AV","SOUTHWEST EX","37.30668567","-121.9218358"
"688893","CR-0000094751","1","0","0","0","22-276-0922","False","False","0","10/3/2022 9:30:00 PM","No Pedestrians Involved","Dry","No Unusual Conditions","Dark - Street Light","Violation Driver 1","Controls Functioning","Clear","Vehicle/Bike","Intersection","Bike","Not Applicable","Not Applicable","At","BIKE","False","True","82994","LEIGH AV","SOUTHWEST EX","37.30668567","-121.9218358"
"683488","CR-0000093087","1","0","0","0","22-162-0898","True","False","450","6/11/2022 9:50:00 PM","No Pedestrians Involved","Dry","No Unusual Conditions","Dark - Street Light","Violation Driver 1","No Controls Present/Factor","Clear","Hit Object","Non-Related","Fixed Object","Not Applicable","Not Applicable","South Of","Light Pole","False","False","82994","LEIGH AV","SOUTHWEST EX","37.30668567","-121.9218358"
"681241","CR-0000090626","0","0","0","0","22-019-4002","False","True","51","1/18/2022 2:30:00 AM","No Pedestrians Involved","Unknown","Unknown","Unknown","Unknown","Unknown","Unknown","Sideswipe","Non-Related","Other Vehicle","Not Applicable","Not Applicable","Unknown","","False","False","82994","LEIGH AV","SOUTHWEST EX","37.30668567","-121.9218358"
"681555","CR-0000090951","1","0","0","0","22-040-0511","False","False","0","2/9/2022 1:31:00 PM","No Pedestrians Involved","Dry","No Unusual Conditions","Daylight","Violation Driver 1","Controls Functioning","Clear","Head On","Intersection","Other Vehicle","Not Applicable","Not Applicable","At","","False","False","82994","LEIGH AV","SOUTHWEST EX","37.30668567","-121.9218358"
"681694","CR-0000091091","2","1","0","0","22-072-0334","False","False","0","3/13/2022 12:01:00 PM","No Pedestrians Involved","Dry","No Unusual Conditions","Daylight","Violation Driver 1","Controls Functioning","Clear","Rear End","Intersection","Other Vehicle","Not Applicable","Not Applicable","At","","False","False","82994","LEIGH AV","SOUTHWEST EX","37.30668567","-121.9218358"
"723779","CR-0000104175","1","0","0","0","24-124-1116","False","False","0","5/3/2024 11:35:00 PM","No Pedestrians Involved","Dry","No Unusual Conditions","Dark - Street Light","Violation Driver 1","Controls Functioning","Clear","Head On","Intersection","Other Vehicle","Not Applicable","Not Applicable","At","","False","False","82994","LEIGH AV","SOUTHWEST EX","37.30668567","-121.9218358"
"716300","CR-0000102296","0","1","0","0","24-047-0618","False","False","0","2/16/2024 4:41:00 PM","No Pedestrians Involved","Dry","No Unusual Conditions","Daylight","Violation Driver 1","Controls Functioning","Clear","Broadside","Intersection","Motorcycle","Not Applicable","Not Applicable","At","","False","False","82994","LEIGH AV","SOUTHWEST EX","37.30668567","-121.9218358"
"722323","CR-0000103617","0","0","0","0","24-091-0072","False","False","0","3/31/2024 1:32:00 AM","No Pedestrians Involved","Wet","No Unusual Conditions","Dark - Street Light","Violation Driver 1","Controls Functioning","Clear","Head On","Intersection","Other Vehicle","Not Applicable","Not Applicable","At","","False","True","82994","LEIGH AV","SOUTHWEST EX","37.30668567","-121.9218358"
"720935","CR-0000103170","0","0","0","0","24-047-0643","False","False","0","2/16/2024 5:06:00 PM","No Pedestrians Involved","Dry","No Unusual Conditions","Daylight","Violation Driver 1","Unknown","Clear","Vehicle/Bike","Intersection","Bike","Not Applicable","Not Applicable","At","BIKE","False","True","82994","LEIGH AV","SOUTHWEST EX","37.30668567","-121.9218358"
"683212","CR-0000092784","0","0","0","0","22-093-9708","False","True","51","4/3/2022 10:53:00 AM","No Pedestrians Involved","Dry","No Unusual Conditions","Daylight","Unknown","No Controls Present/Factor","Clear","Other","Non-Related","Parked Vehicle","Not Applicable","Not Applicable","South Of","","False","False","79860","KINGMAN AV","NEVIN WY","37.31333146","-121.9176075"
"682965","CR-0000092565","0","0","0","0","22-166-0716","False","False","215","6/15/2022 5:59:00 PM","No Pedestrians Involved","Dry","No Unusual Conditions","Daylight","Violation Driver 1","No Controls Present/Factor","Clear","Broadside","Non-Related","Other Vehicle","Not Applicable","Not Applicable","North Of","","False","True","49906","DELAND AV","NEVIN WY","37.31183683","-121.9175095"
"688941","CR-0000094799","0","0","0","0","22-281-0440","False","False","121","10/8/2022 8:00:00 AM","No Pedestrians Involved","Dry","No Unusual Conditions","Dusk - Dawn","Violation Driver 1","No Controls Present/Factor","Clear","Sideswipe","Non-Related","Parked Vehicle","Not Applicable","Not Applicable","North Of","","False","True","49906","DELAND AV","NEVIN WY","37.31183683","-121.9175095"
"712132","CR-0000101018","0","0","0","0","23-246-0673","False","False","281","9/3/2023 6:30:00 PM","No Pedestrians Involved","Dry","No Unusual Conditions","Daylight","Violation Driver 1","No Controls Present/Factor","Clear","Hit Object","Non-Related","Fixed Object","Not Applicable","Not Applicable","East Of","Building","False","True","49906","DELAND AV","NEVIN WY","37.31183683","-121.9175095"
"722241","CR-0000103507","0","0","0","0","24-083-4000","False","True","51","3/23/2024 3:50:00 AM","No Pedestrians Involved","Unknown","Unknown","Unknown","Unknown","Unknown","Unknown","Other","Non-Related","Parked Vehicle","Not Applicable","Not Applicable","East Of","","False","False","2420","ALAMEDA","EMORY ST","37.3388262","-121.9207409"
"725274","CR-0000104755","2","0","0","0","24-165-0677","False","False","211","6/13/2024 5:42:00 PM","No Pedestrians Involved","Dry","No Unusual Conditions","Daylight","Violation Driver 1","Controls Functioning","Clear","Rear End","Non-Related","Other Vehicle","Not Applicable","Not Applicable","South Of","","True","False","2420","ALAMEDA","EMORY ST","37.3388262","-121.9207409"
"683474","CR-0000093070","0","0","0","0","22-219-4004","False","True","51","8/7/2022 8:15:00 PM","No Pedestrians Involved","Unknown","Unknown","Unknown","Unknown","Unknown","Unknown","Rear End","Non-Related","Parked Vehicle","Not Applicable","Not Applicable","South Of","","False","True","2420","ALAMEDA","EMORY ST","37.3388262","-121.9207409"
"684738","CR-0000093377","0","1","0","0","22-182-0645","False","False","111","7/1/2022 4:55:00 PM","No Pedestrians Involved","Dry","No Unusual Conditions","Daylight","Bike At Fault","Controls Functioning","Clear","Vehicle/Bike","Non-Related","Bike","Not Applicable","Not Applicable","South Of","BIKE","True","False","2420","ALAMEDA","EMORY ST","37.3388262","-121.9207409"
"687618","CR-0000094411","0","0","0","0","22-271-0656","False","False","0","9/28/2022 4:50:00 PM","No Pedestrians Involved","Dry","No Unusual Conditions","Daylight","Unknown","No Controls Present/Factor","Clear","Sideswipe","Intersection","Other Vehicle","Not Applicable","Not Applicable","At","","False","False","2420","ALAMEDA","EMORY ST","37.3388262","-121.9207409"
"689927","CR-0000095951","1","0","0","0","22-096-0835","False","False","40","4/6/2022 7:08:00 PM","No Pedestrians Involved","Dry","No Unusual Conditions","Daylight","Violation Driver 1","No Controls Present/Factor","Clear","Broadside","Related","Other Vehicle","Not Applicable","Not Applicable","South Of","","False","True","2530","ALAMEDA","MCKENDRIE ST","37.3417047","-121.924149"
"722315","CR-0000103609","0","0","0","0","24-090-0707","False","False","51","3/30/2024 7:28:00 PM","No Pedestrians Involved","Wet","No Unusual Conditions","Dark - Street Light","Violation Driver 1","No Controls Present/Factor","Clear","Sideswipe","Non-Related","Other Vehicle","Not Applicable","Not Applicable","North Of","","True","True","2530","ALAMEDA","MCKENDRIE ST","37.3417047","-121.924149"