"CrashFactId","Name","MinorInjuries","ModerateInjuries","SevereInjuries","FatalInjuries","TcrNumber","CityDamageFlag","ShortFormFlag","Distance","CrashDateTime","PedestrianAction","RoadwaySurface","RoadwayCondition","Lighting","PrimaryCollisionFactor","TrafficControl","Weather","CollisionType","ProximityToIntersection","VehicleInvolvedWith","PedestrianDirectionFrom","PedestrianDirectionTo","DirectionFromIntersection","Comment","SpeedingFlag","HitAndRunFlag","IntersectionNumber","AStreetName","BStreetName","Latitude","Longitude"
"689271","CR-0000095241","0","0","0","0","22-302-0436","False","False","192","10/29/2022 1:10:00 PM","No Pedestrians Involved","Dry","No Unusual Conditions","Daylight","Violation Driver 1","Controls Functioning","Clear","Broadside","Non-Related","Motorcycle","Not Applicable","Not Applicable","North Of","","False","False","69750","HAMILTON AV","MERIDIAN AV","37.29444127","-121.9135364"
"699198","CR-0000100518","0","0","0","0","23-175-0214","False","False","102","6/24/2023 7:50:00 AM","No Pedestrians Involved","Dry","No Unusual Conditions","Unknown","Violation Driver 1","No Controls Present/Factor","Clear","Rear End","Non-Related","Parked Vehicle","Not Applicable","Not Applicable","East Of","","False","True","27774","CADIZ DR","CALERO AV","37.24346089","-121.8510948"
"690348","CR-0000096442","0","0","0","0","22-139-4000","False","True","0","5/7/2022 1:00:00 PM","No Pedestrians Involved","Unknown","Unknown","Unknown","Unknown","Unknown","Unknown","Sideswipe","Intersection","Parked Vehicle","Not Applicable","Not Applicable","At","","False","True","50380","DENALI WY","TOLBERT DR","37.32111645","-121.8328186"
"683223","CR-0000092791","0","0","0","0","22-107-4002","False","True","0","4/12/2022 11:55:00 AM","No Pedestrians Involved","Unknown","Unknown","Daylight","Unknown","Unknown","Unknown","Other","Intersection","Parked Vehicle","Not Applicable","Not Applicable","At","","False","False","50380","DENALI WY","TOLBERT DR","37.32111645","-121.8328186"
"683177","CR-0000092748","0","0","0","0","22-040-9708","False","True","51","2/7/2022 3:37:00 PM","No Pedestrians Involved","Dry","No Unusual Conditions","Daylight","Unknown","Controls Functioning","Clear","Other","Non-Related","Parked Vehicle","Not Applicable","Not Applicable","East Of","","False","False","46705","CUNNINGHAM AV","LANAI AV","37.32643744","-121.8345621"
"689528","CR-0000095505","0","0","0","0","22-357-0846","True","False","100","12/23/2022 9:06:00 PM","No Pedestrians Involved","Dry","No Unusual Conditions","Dark - Street Light","Violation Driver 1","No Controls Present/Factor","Clear","Sideswipe","Non-Related","Other Vehicle","Not Applicable","Not Applicable","West Of","BUSH","True","True","46705","CUNNINGHAM AV","LANAI AV","37.32643744","-121.8345621"
"684929","CR-0000093641","0","0","0","0","22-218-0823","False","False","44","8/6/2022 7:43:00 PM","No Pedestrians Involved","Dry","No Unusual Conditions","Dusk - Dawn","Violation Driver 1","No Controls Present/Factor","Clear","Rear End","Related","Motorcycle","Not Applicable","Not Applicable","East Of","","True","True","46705","CUNNINGHAM AV","LANAI AV","37.32643744","-121.8345621"
"698690","CR-0000099938","1","0","0","0","23-292-0193","False","False","60","10/25/2023 8:30:00 AM","No Pedestrians Involved","Dry","No Unusual Conditions","Daylight","Violation Driver 1","No Controls Present/Factor","Clear","Rear End","Non-Related","Other Vehicle","Not Applicable","Not Applicable","South Of","","True","False","46705","CUNNINGHAM AV","LANAI AV","37.32643744","-121.8345621"
"690337","CR-0000096431","0","0","0","0","22-140-4001","False","True","0","5/18/2022 3:50:00 AM","No Pedestrians Involved","Unknown","Unknown","Unknown","Unknown","Unknown","Unknown","Rear End","Intersection","Other Vehicle","Not Applicable","Not Applicable","At","","False","True","110780","STEVENS LN","WHITE RD","37.32006556","-121.7953171"
"689785","CR-0000095811","1","0","0","0","22-091-0280","False","False","0","4/1/2022 10:52:00 AM","No Pedestrians Involved","Dry","No Unusual Conditions","Daylight","Violation Driver 1","Controls Functioning","Clear","Sideswipe","Intersection","Motor Vehicle On Other Roadway","Not Applicable","Not Applicable","At","","True","False","110780","STEVENS LN","WHITE RD","37.32006556","-121.7953171"
"682599","CR-0000092166","1","0","0","0","22-129-0920","False","False","81","5/9/2022 11:06:00 AM","No Pedestrians Involved","Unknown","No Unusual Conditions","Dark - Street Light","Violation Driver 1","No Controls Present/Factor","Clear","Head On","Non-Related","Parked Vehicle","Not Applicable","Not Applicable","North Of","","False","False","113420","WESTGROVE LN","WHITE RD","37.31765321","-121.7938213"
"682014","CR-0000091523","0","0","0","0","22-076-0953","False","False","278","3/17/2022 8:08:00 PM","No Pedestrians Involved","Dry","No Unusual Conditions","Dark - Street Light","Violation Driver 1","No Controls Present/Factor","Clear","Sideswipe","Non-Related","Parked Vehicle","Not Applicable","Not Applicable","North Of","","False","False","113420","WESTGROVE LN","WHITE RD","37.31765321","-121.7938213"
"699047","CR-0000100353","1","0","0","0","23-195-0725","False","False","0","7/14/2023 6:47:00 PM","No Pedestrians Involved","Dry","No Unusual Conditions","Daylight","Violation Driver 1","No Controls Present/Factor","Clear","Head On","Intersection","Other Vehicle","Not Applicable","Not Applicable","At","","True","True","113420","WESTGROVE LN","WHITE RD","37.31765321","-121.7938213"
"689350","CR-0000095315","0","0","0","0","22-328-0620","False","False","0","11/24/2022 8:58:00 PM","No Pedestrians Involved","Dry","No Unusual Conditions","Dark - Street Light","Violation Driver 1","No Controls Present/Factor","Clear","Hit Object","Intersection","Fixed Object","Not Applicable","Not Applicable","At","Trees & fences","False","True","103597","REMINGTON WY","S WHITE RD","37.32263446","-121.7962526"
"691160","CR-0000097362","0","0","1","0","23-046-0930","False","False","51","2/15/2023 8:53:00 PM","No Pedestrians Involved","Dry","Unknown","Dark - Street Light","Violation Driver 1","Controls Obscured","Clear","Hit Object","Non-Related","Other Object","Not Applicable","Not Applicable","North Of","Dirt berm","True","False","111077","STUTZ WY","WHITE RD","37.32124429","-121.7957229"
"690002","CR-0000096019","0","2","0","0","22-229-0290","False","False","0","8/17/2022 9:19:00 AM","No Pedestrians Involved","Dry","No Unusual Conditions","Daylight","Violation Driver 1","No Controls Present/Factor","Clear","Broadside","Intersection","Other Vehicle","Not Applicable","Not Applicable","At","","False","False","8425","ARAMIS DR","PARK PLEASANT CI","37.35751316","-121.8097173"
"695886","CR-0000099005","0","0","0","0","23-214-0101","False","False","135","8/2/2023 3:23:00 AM","No Pedestrians Involved","Dry","No Unusual Conditions","Daylight","Violation Driver 1","No Controls Present/Factor","Clear","Other","Non-Related","Animal","Not Applicable","Not Applicable","East Of","DOG","True","True","88329","MARTEN AV","RUBION DR","37.34939057","-121.7992024"
"690008","CR-0000096042","0","0","1","0","22-310-0368","False","False","350","11/6/2022 12:04:00 PM","No Pedestrians Involved","Dry","No Unusual Conditions","Daylight","Violation Driver 1","No Controls Present/Factor","Cloudy","Sideswipe","Non-Related","Motorcycle","Not Applicable","Not Applicable","West Of","","False","True","110945","STONEHEDGE WY","STORY RD","37.35560652","-121.8199411"
"692572","CR-0000097863","1","1","1","0","23-042-0489","False","False","30","2/11/2023 3:50:00 PM","No Pedestrians Involved","Dry","No Unusual Conditions","Daylight","Violation Driver 1","Controls Functioning","Clear","Sideswipe","Related","Other Vehicle","Not Applicable","Not Applicable","East Of","","False","False","110945","STONEHEDGE WY","STORY RD","37.35560652","-121.8199411"
"682211","CR-0000091761","1","0","0","0","22-071-0746","False","False","102","3/12/2022 6:55:00 PM","No Pedestrians Involved","Dry","No Unusual Conditions","Daylight","Violation Driver 1","No Controls Present/Factor","Clear","Rear End","Non-Related","Other Vehicle","Not Applicable","Not Applicable","West Of","","True","False","110945","STONEHEDGE WY","STORY RD","37.35560652","-121.8199411"
"681169","CR-0000090542","2","0","0","0","22-015-0290","False","False","0","1/15/2022 11:26:00 AM","No Pedestrians Involved","Dry","No Unusual Conditions","Daylight","Violation Driver 1","Controls Functioning","Clear","Broadside","Intersection","Other Vehicle","Not Applicable","Not Applicable","At","","False","False","110945","STONEHEDGE WY","STORY RD","37.35560652","-121.8199411"
"725433","CR-0000104929","1","1","0","0","24-172-0750","False","False","55","6/20/2024 7:12:00 PM","No Pedestrians Involved","Dry","No Unusual Conditions","Daylight","Violation Driver 1","No Controls Present/Factor","Clear","Broadside","Non-Related","Other Vehicle","Not Applicable","Not Applicable","West Of","","False","False","110945","STONEHEDGE WY","STORY RD","37.35560652","-121.8199411"
"722078","CR-0000103332","0","0","0","0","24-064-4007","False","False","51","3/4/2024 9:30:00 PM","No Pedestrians Involved","Unknown","Unknown","Unknown","Unknown","Unknown","Unknown","Broadside","Non-Related","Other Vehicle","Not Applicable","Not Applicable","West Of","","False","False","110945","STONEHEDGE WY","STORY RD","37.35560652","-121.8199411"
"712050","CR-0000100949","0","0","0","0","23-198-4003","False","True","51","7/17/2023 10:05:00 AM","No Pedestrians Involved","Unknown","Unknown","Unknown","Unknown","Unknown","Unknown","Rear End","Non-Related","Unknown","Not Applicable","Not Applicable","East Of","","False","False","110945","STONEHEDGE WY","STORY RD","37.35560652","-121.8199411"
"722384","CR-0000103678","0","0","0","0","24-096-0443","False","False","0","4/5/2024 2:47:00 PM","No Pedestrians Involved","Dry","No Unusual Conditions","Daylight","Violation Driver 1","No Controls Present/Factor","Clear","Vehicle/Bike","Intersection","Bike","Not Applicable","Not Applicable","At","BIKE","False","True","94380","MT PRIETA DR","MT RUSHMORE DR","37.34871096","-121.8022695"
"689340","CR-0000095316","1","0","0","0","22-329-0053","False","False","37","11/25/2022 1:14:00 AM","No Pedestrians Involved","Dry","No Unusual Conditions","Dark - Street Light","Violation Driver 1","No Controls Present/Factor","Clear","Rear End","Related","Parked Vehicle","Not Applicable","Not Applicable","West Of","mail box and hydrant","False","False","88296","MARTEN AV","MT KENYA DR","37.35000757","-121.7980069"
"694053","CR-0000098105","1","0","0","0","23-113-0738","False","False","0","4/23/2023 7:48:00 PM","No Pedestrians Involved","Dry","No Unusual Conditions","Dark - Street Light","Violation Driver 1","Controls Functioning","Clear","Rear End","Intersection","Other Vehicle","Not Applicable","Not Applicable","At","","True","False","13969","BASCOM AV","NAGLEE AV","37.32780556","-121.9320333"
"694321","CR-0000098265","1","0","0","0","23-179-0432","False","False","18","6/28/2023 12:52:00 PM","No Pedestrians Involved","Dry","No Unusual Conditions","Daylight","Violation Driver 1","Controls Functioning","Clear","Sideswipe","Related","Other Vehicle","Not Applicable","Not Applicable","South Of","","False","False","13969","BASCOM AV","NAGLEE AV","37.32780556","-121.9320333"
"690529","CR-0000096658","0","0","0","0","22-350-4003","False","True","","12/16/2022 9:35:00 PM","No Pedestrians Involved","Unknown","Unknown","Unknown","Unknown","Unknown","Unknown","Sideswipe","Related","Other Vehicle","Not Applicable","Not Applicable","South Of","","False","False","13969","BASCOM AV","NAGLEE AV","37.32780556","-121.9320333"
"717421","CR-0000102435","0","0","0","0","23-048-4003","False","True","0","2/15/2023 8:57:00 AM","No Pedestrians Involved","Unknown","Unknown","Unknown","Unknown","Unknown","Unknown","Rear End","Intersection","Other Vehicle","Not Applicable","Not Applicable","At","","False","False","13969","BASCOM AV","NAGLEE AV","37.32780556","-121.9320333"
"723728","CR-0000104123","1","0","0","0","24-122-0234","False","False","","5/1/2024 9:01:00 AM","No Pedestrians Involved","Dry","No Unusual Conditions","Daylight","Violation Driver 1","Controls Functioning","Clear","Rear End","Related","Other Vehicle","Not Applicable","Not Applicable","North Of","","True","False","13969","BASCOM AV","NAGLEE AV","37.32780556","-121.9320333"
"723793","CR-0000104189","0","0","0","0","24-131-4001","False","True","51","5/3/2024 2:35:00 PM","No Pedestrians Involved","Unknown","Unknown","Unknown","Unknown","Unknown","Unknown","Sideswipe","Non-Related","Other Vehicle","Not Applicable","Not Applicable","North Of","","False","False","16070","BELLEROSE DR","CLARMAR WY","37.32630814","-121.9359816"
"690343","CR-0000096437","0","0","0","0","22-139-4002","False","True","51","5/18/2022 12:00:00 AM","No Pedestrians Involved","Unknown","Unknown","Unknown","Unknown","Unknown","Unknown","Head On","Non-Related","Parked Vehicle","Not Applicable","Not Applicable","East Of","","False","True","16070","BELLEROSE DR","CLARMAR WY","37.32630814","-121.9359816"
"689143","CR-0000094986","0","0","0","0","22-308-0991","True","False","53","11/4/2022 11:20:00 PM","No Pedestrians Involved","Dry","No Unusual Conditions","Dark - Street Light","Violation Driver 1","No Controls Present/Factor","Clear","Hit Object","Non-Related","Fixed Object","Not Applicable","Not Applicable","East Of","TREE","False","False","73699","HONOLULU DR","SYLVANDALE AV","37.28791969","-121.8232565"
"689301","CR-0000095266","0","0","0","0","22-306-0758","False","True","0","11/2/2022 5:57:00 PM","No Pedestrians Involved","Unknown","Unknown","Unknown","Unknown","Unknown","Unknown","Rear End","Intersection","Other Vehicle","Not Applicable","Not Applicable","At","","False","False","24200","BRANHAM LN","SNELL AV","37.26597956","-121.8310874"
"689723","CR-0000095735","1","0","0","0","22-362-0568","False","False","225","12/28/2022 4:08:00 PM","Crossing In Crosswalk - Not At Intersection","Dry","No Unusual Conditions","Daylight","Violation Driver 1","No Controls Present/Factor","Clear","Vehicle/Pedestrian","Non-Related","Pedestrian","West","East","West Of","","False","False","24200","BRANHAM LN","SNELL AV","37.26597956","-121.8310874"
"684899","CR-0000093516","1","0","0","0","22-183-0751","False","False","0","7/2/2022 7:13:00 PM","No Pedestrians Involved","Dry","No Unusual Conditions","Daylight","Violation Driver 1","Controls Functioning","Clear","Rear End","Intersection","Motorcycle","Not Applicable","Not Applicable","At","","False","False","24200","BRANHAM LN","SNELL AV","37.26597956","-121.8310874"
"683588","CR-0000093194","0","0","0","0","22-190-0720","False","False","0","7/9/2022 6:16:00 PM","No Pedestrians Involved","Dry","No Unusual Conditions","Daylight","Violation Driver 1","Controls Functioning","Clear","Sideswipe","Intersection","Other Vehicle","Not Applicable","Not Applicable","At","","False","False","24200","BRANHAM LN","SNELL AV","37.26597956","-121.8310874"
"683462","CR-0000093058","2","2","0","0","22-083-0546","False","False","0","3/24/2022 2:22:00 PM","No Pedestrians Involved","Dry","No Unusual Conditions","Daylight","Violation Driver 1","Controls Functioning","Clear","Broadside","Intersection","Other Vehicle","Not Applicable","Not Applicable","At","","False","False","24200","BRANHAM LN","SNELL AV","37.26597956","-121.8310874"
"681490","CR-0000090880","0","1","0","0","22-035-0219","False","False","95","2/4/2022 9:56:00 AM","No Pedestrians Involved","Dry","No Unusual Conditions","Daylight","Violation Driver 1","Controls Functioning","Clear","Hit Object","Non-Related","Fixed Object","Not Applicable","Not Applicable","North Of","PG&E POLE","False","False","24200","BRANHAM LN","SNELL AV","37.26597956","-121.8310874"
"681552","CR-0000090948","0","0","0","0","22-040-9703","False","True","","2/8/2022 1:15:00 PM","No Pedestrians Involved","Dry","No Unusual Conditions","Daylight","Unknown","Controls Functioning","Clear","Rear End","Related","Other Vehicle","Not Applicable","Not Applicable","North Of","","False","False","24200","BRANHAM LN","SNELL AV","37.26597956","-121.8310874"
"681576","CR-0000090973","0","0","0","0","22-043-0232","True","False","0","2/12/2022 8:49:00 AM","No Pedestrians Involved","Dry","No Unusual Conditions","Daylight","Violation Driver 1","Controls Functioning","Clear","Hit Object","Intersection","Fixed Object","Not Applicable","Not Applicable","At","LIGHT POLE","False","False","24200","BRANHAM LN","SNELL AV","37.26597956","-121.8310874"
"690214","CR-0000096303","0","0","0","0","22-247-4002","False","True","0","9/4/2022 9:30:00 PM","No Pedestrians Involved","Unknown","Unknown","Unknown","Unknown","Unknown","Unknown","Other","Intersection","Other Vehicle","Not Applicable","Not Applicable","At","","False","False","24200","BRANHAM LN","SNELL AV","37.26597956","-121.8310874"
"690642","CR-0000096764","1","0","0","0","23-025-0575","False","False","18","1/25/2023 2:52:00 PM","No Pedestrians Involved","Dry","Unknown","Daylight","Violation Driver 1","Controls Functioning","Clear","Rear End","Related","Other Vehicle","Not Applicable","Not Applicable","South Of","","False","False","24200","BRANHAM LN","SNELL AV","37.26597956","-121.8310874"
"699072","CR-0000100378","0","0","0","0","23-221-4002","False","True","51","8/9/2023 8:02:00 AM","No Pedestrians Involved","Unknown","Unknown","Unknown","Unknown","Unknown","Unknown","Sideswipe","Non-Related","Other Vehicle","Not Applicable","Not Applicable","Unknown","","False","False","24200","BRANHAM LN","SNELL AV","37.26597956","-121.8310874"
"723917","CR-0000104313","0","0","0","0","24-144-9704","False","True","51","5/22/2024 7:00:00 AM","No Pedestrians Involved","Dry","Unknown","Daylight","Unknown","Controls Functioning","Clear","Rear End","Non-Related","Other Vehicle","Not Applicable","Not Applicable","Unknown","","False","False","24200","BRANHAM LN","SNELL AV","37.26597956","-121.8310874"
"725247","CR-0000104728","0","0","0","0","24-163-4008","False","True","0","6/11/2024 5:30:00 PM","No Pedestrians Involved","Unknown","Unknown","Unknown","Unknown","Unknown","Unknown","Other","Intersection","Other Vehicle","Not Applicable","Not Applicable","At","","False","False","24200","BRANHAM LN","SNELL AV","37.26597956","-121.8310874"
"717493","CR-0000102535","1","0","0","0","24-061-0464","False","False","0","3/1/2024 2:50:00 PM","Crossing In Crosswalk - At Intersection","Wet","No Unusual Conditions","Daylight","Pedestrian At Fault","Controls Functioning","Rain","Vehicle/Pedestrian","Intersection","Pedestrian","West","East","At","M. SCOOTER WHEELCHAIR (PED)","False","False","24200","BRANHAM LN","SNELL AV","37.26597956","-121.8310874"
"715963","CR-0000101924","0","0","0","0","23-361-9703","False","True","0","12/24/2023 7:20:00 AM","No Pedestrians Involved","Dry","No Unusual Conditions","Daylight","Unknown","Controls Functioning","Clear","Broadside","Intersection","Other Vehicle","Not Applicable","Not Applicable","At","","False","False","24200","BRANHAM LN","SNELL AV","37.26597956","-121.8310874"
"694492","CR-0000098486","0","1","0","0","23-181-0721","False","False","384","6/30/2023 6:56:00 PM","No Pedestrians Involved","Dry","No Unusual Conditions","Daylight","Violation Driver 1","No Controls Present/Factor","Clear","Vehicle/Bike","Non-Related","Bike","Not Applicable","Not Applicable","West Of","BICYCLIST","True","False","121274","QUAIL CREEK CI","QUAIL COVE WY","37.20486457","-121.849625"
"682620","CR-0000092186","1","0","0","1","22-129-0862","False","False","247","5/9/2022 9:06:00 PM","No Pedestrians Involved","Dry","No Unusual Conditions","Dark - Street Light","Violation Driver 1","No Controls Present/Factor","Clear","Rear End","Non-Related","Other Vehicle","Not Applicable","Not Applicable","East Of","","False","False","107469","SANTA TERESA BL","TAORMINO AV","37.24019846","-121.8569136"
"689853","CR-0000095879","1","1","0","0","22-246-0940","False","False","0","9/3/2022 11:10:00 PM","No Pedestrians Involved","Dry","No Unusual Conditions","Dark - Street Light","Violation Driver 1","No Controls Present/Factor","Clear","Sideswipe","Intersection","Motor Vehicle On Other Roadway","Not Applicable","Not Applicable","At","","True","False","79529","KING RD","PENSACOLA DR","37.32682889","-121.8303054"
"694054","CR-0000098119","2","0","0","0","23-125-0559","False","False","0","5/5/2023 4:41:00 PM","No Pedestrians Involved","Dry","No Unusual Conditions","Daylight","Violation Driver 1","No Controls Present/Factor","Clear","Broadside","Intersection","Other Vehicle","Not Applicable","Not Applicable","At","","False","False","79529","KING RD","PENSACOLA DR","37.32682889","-121.8303054"
"689027","CR-0000094887","0","0","0","0","22-288-0174","False","False","0","10/15/2022 4:30:00 AM","No Pedestrians Involved","Dry","No Unusual Conditions","Dark - Street Light Not Functioning","Violation Driver 1","No Controls Present/Factor","Clear","Head On","Intersection","Parked Vehicle","Not Applicable","Not Applicable","At","","False","False","99637","PEAK DR","RENRAW DR","37.36259816","-121.802541"
"689023","CR-0000094883","0","0","0","0","22-285-0237","False","False","311","10/12/2022 2:54:00 AM","No Pedestrians Involved","Dry","No Unusual Conditions","Dark - Street Light","Violation Driver 1","No Controls Present/Factor","Clear","Sideswipe","Non-Related","Parked Vehicle","Not Applicable","Not Applicable","East Of","","False","True","99637","PEAK DR","RENRAW DR","37.36259816","-121.802541"
"681494","CR-0000090884","0","0","0","0","22-035-0230","False","False","94","2/4/2022 9:18:00 AM","No Pedestrians Involved","Dry","No Unusual Conditions","Daylight","Violation Driver 1","Controls Functioning","Clear","Vehicle/Bike","Non-Related","Bike","Not Applicable","Not Applicable","North Of","BIKE","False","False","67891","GRANADA WY","LUCRETIA AV","37.32011026","-121.8475085"
"691092","CR-0000097265","0","0","0","0","23-056-0150","True","False","0","2/25/2023 5:15:00 AM","No Pedestrians Involved","Dry","No Unusual Conditions","Dark - Street Light","Unknown","No Controls Present/Factor","Clear","Hit Object","Intersection","Fixed Object","Not Applicable","Not Applicable","At","MEDIAN","False","False","67891","GRANADA WY","LUCRETIA AV","37.32011026","-121.8475085"
"692469","CR-0000097757","0","1","0","0","23-073-0943","False","False","0","3/14/2023 9:19:00 PM","Crossing In Crosswalk - Not At Intersection","Wet","Unknown","Dark - Street Light","Violation Driver 1","Unknown","Cloudy","Vehicle/Pedestrian","Intersection","Pedestrian","East","West","At","PED","False","True","67891","GRANADA WY","LUCRETIA AV","37.32011026","-121.8475085"
"690819","CR-0000096958","0","1","0","0","23-010-0465","False","False","0","1/10/2023 10:37:00 AM","Crossing In Crosswalk - Not At Intersection","Wet","No Unusual Conditions","Daylight","Violation Driver 1","No Controls Present/Factor","Rain","Vehicle/Pedestrian","Intersection","Pedestrian","East","West","At","PED","False","False","67891","GRANADA WY","LUCRETIA AV","37.32011026","-121.8475085"
"717405","CR-0000102417","0","0","0","0","23-056-0180","True","False","0","2/25/2023 6:25:00 AM","No Pedestrians Involved","Dry","No Unusual Conditions","Dark - Street Light","Unknown","No Controls Present/Factor","Clear","Hit Object","Intersection","Fixed Object","Not Applicable","Not Applicable","At","LIGHTPOLE","False","False","67891","GRANADA WY","LUCRETIA AV","37.32011026","-121.8475085"
"722412","CR-0000103707","0","0","0","1","24-254-0127","False","False","0","9/10/2024 6:24:00 AM","No Pedestrians Involved","Dry","No Unusual Conditions","Dark - Street Light","Violation Driver 1","Controls Functioning","Cloudy","Broadside","Intersection","Motorcycle","Not Applicable","Not Applicable","At","","False","False","67891","GRANADA WY","LUCRETIA AV","37.32011026","-121.8475085"
"727066","CR-0000105622","1","0","0","0","24-134-0561","False","False","51","5/13/2024 3:17:00 PM","No Pedestrians Involved","Dry","No Unusual Conditions","Daylight","Violation Driver 1","No Controls Present/Factor","Clear","Head On","Non-Related","Other Vehicle","Not Applicable","Not Applicable","North Of","","False","False","73666","HONEYSUCKLE DR","LANAI AV","37.3232748","-121.8317016"
"690439","CR-0000096543","0","0","0","0","22-242-9702","False","True","","8/18/2022 8:00:00 AM","Crossing - Not In Crosswalk","Unknown","Unknown","Daylight","Unknown","Unknown","Unknown","Vehicle/Pedestrian","Related","Pedestrian","Unknown","Unknown","Unknown","PED","False","False","73666","HONEYSUCKLE DR","LANAI AV","37.3232748","-121.8317016"
"720931","CR-0000103166","0","0","0","0","24-047-0121","False","False","58","2/16/2024 6:18:00 AM","No Pedestrians Involved","Dry","No Unusual Conditions","Dusk - Dawn","Violation Driver 1","No Controls Present/Factor","Cloudy","Head On","Non-Related","Parked Vehicle","Not Applicable","Not Applicable","West Of","","True","True","20900","BLUEBELL AV","HONEYSUCKLE DR","37.32374333","-121.8309677"
"692424","CR-0000097707","0","0","0","0","23-083-9702","False","True","","3/22/2023 5:15:00 AM","No Pedestrians Involved","Dry","No Unusual Conditions","Dark - Street Light","Unknown","No Controls Present/Factor","Clear","Broadside","Related","Parked Vehicle","Not Applicable","Not Applicable","North Of","","False","False","81410","LANAI AV","TOLBERT DR","37.32241653","-121.8308475"
"689326","CR-0000095283","0","0","0","0","22-328-0520","False","False","30","11/24/2022 6:12:00 PM","No Pedestrians Involved","Dry","No Unusual Conditions","Dark - Street Light","Violation Driver 1","No Controls Present/Factor","Clear","Sideswipe","Related","Parked Vehicle","Not Applicable","Not Applicable","South Of","","False","False","135101","ARABELLE WY","SIERRA RD","37.39893901","-121.848772"
"689934","CR-0000095967","0","0","0","0","22-363-4003","False","True","51","12/29/2022 2:00:00 PM","No Pedestrians Involved","Unknown","Unknown","Daylight","Unknown","Unknown","Unknown","Sideswipe","Non-Related","Parked Vehicle","Not Applicable","Not Applicable","South Of","","False","False","9426","ARROYO DE PLATINA","CHECKERS DR","37.35834764","-121.8556955"
"696132","CR-0000099274","0","0","0","0","23-213-0321","False","False","277","8/1/2023 10:00:00 AM","No Pedestrians Involved","Dry","No Unusual Conditions","Daylight","Violation Driver 1","Controls Functioning","Clear","Sideswipe","Non-Related","Parked Vehicle","Not Applicable","Not Applicable","North Of","","False","True","81399","LANAI AV","PENSACOLA DR","37.32506587","-121.8332334"
"681351","CR-0000090738","0","0","0","0","22-015-4001","False","False","","1/15/2022 12:40:00 AM","No Pedestrians Involved","Unknown","Unknown","Unknown","Unknown","Unknown","Unknown","Other","Related","Parked Vehicle","Not Applicable","Not Applicable","Unknown","","False","False","81399","LANAI AV","PENSACOLA DR","37.32506587","-121.8332334"
"682657","CR-0000092233","0","0","0","0","22-136-0954","False","False","20","5/16/2022 10:05:00 PM","No Pedestrians Involved","Dry","No Unusual Conditions","Dark - Street Light","Violation Driver 1","Controls Functioning","Clear","Broadside","Related","Other Vehicle","Not Applicable","Not Applicable","East Of","","False","True","81399","LANAI AV","PENSACOLA DR","37.32506587","-121.8332334"
"726594","CR-0000105128","0","0","0","0","24-156-0896","False","False","68","6/4/2024 9:26:00 PM","No Pedestrians Involved","Dry","No Unusual Conditions","Dark - Street Light","Violation Driver 1","No Controls Present/Factor","Clear","Sideswipe","Non-Related","Parked Vehicle","Not Applicable","Not Applicable","North Of","","False","True","81399","LANAI AV","PENSACOLA DR","37.32506587","-121.8332334"
"689280","CR-0000095220","0","0","0","0","22-299-0061","False","False","405","10/26/2022 2:13:00 AM","No Pedestrians Involved","Dry","No Unusual Conditions","Dark - Street Light","Violation Driver 1","No Controls Present/Factor","Clear","Rear End","Non-Related","Parked Vehicle","Not Applicable","Not Applicable","North Of","","False","False","47992","DAFFODIL WY","WILLIAMS RD","37.30827349","-121.9711354"
"694659","CR-0000098692","0","1","0","0","23-229-0327","False","False","380","8/17/2023 4:30:00 AM","In Road - Includes Shoulder","Dry","No Unusual Conditions","Dusk - Dawn","Violation Driver 1","No Controls Present/Factor","Clear","Vehicle/Pedestrian","Non-Related","Pedestrian","North","South","North Of","PED","True","True","47992","DAFFODIL WY","WILLIAMS RD","37.30827349","-121.9711354"
"695879","CR-0000098971","0","0","0","0","23-104-0377","False","False","73","4/14/2023 12:21:00 PM","No Pedestrians Involved","Dry","No Unusual Conditions","Daylight","Bike At Fault","Controls Functioning","Clear","Vehicle/Bike","Non-Related","Scooter Motorized","Not Applicable","Not Applicable","South Of","E.SCOOTER","False","False","95138","NEAL AV","WINCHESTER BL","37.31156631","-121.9500663"
"696475","CR-0000099652","0","0","0","0","23-324-0178","False","False","271","11/20/2023 6:00:00 AM","No Pedestrians Involved","Dry","No Unusual Conditions","Dark - Street Light","Violation Driver 1","No Controls Present/Factor","Clear","Broadside","Non-Related","Parked Vehicle","Not Applicable","Not Applicable","East Of","","False","True","95138","NEAL AV","WINCHESTER BL","37.31156631","-121.9500663"
"716186","CR-0000102116","4","1","0","0","24-023-0262","False","False","0","1/23/2024 9:33:00 AM","No Pedestrians Involved","Wet","No Unusual Conditions","Daylight","Violation Driver 1","No Controls Present/Factor","Cloudy","Head On","Intersection","Other Vehicle","Not Applicable","Not Applicable","At","","False","False","95138","NEAL AV","WINCHESTER BL","37.31156631","-121.9500663"
"694723","CR-0000098753","1","0","0","0","23-219-0280","False","False","0","8/7/2023 8:50:00 AM","No Pedestrians Involved","Wet","No Unusual Conditions","Daylight","Violation Driver 1","No Controls Present/Factor","Clear","Broadside","Intersection","Other Vehicle","Not Applicable","Not Applicable","At","","False","False","21560","BOLLINGER RD","WUNDERLICH DR","37.3097937","-121.9981092"