"CrashFactId","Name","MinorInjuries","ModerateInjuries","SevereInjuries","FatalInjuries","TcrNumber","CityDamageFlag","ShortFormFlag","Distance","CrashDateTime","PedestrianAction","RoadwaySurface","RoadwayCondition","Lighting","PrimaryCollisionFactor","TrafficControl","Weather","CollisionType","ProximityToIntersection","VehicleInvolvedWith","PedestrianDirectionFrom","PedestrianDirectionTo","DirectionFromIntersection","Comment","SpeedingFlag","HitAndRunFlag","IntersectionNumber","AStreetName","BStreetName","Latitude","Longitude"
"687492","CR-0000094280","0","0","0","0","22-257-0865","False","False","0","9/14/2022 9:44:00 PM","No Pedestrians Involved","Dry","No Unusual Conditions","Dark - Street Light","Violation Driver 1","No Controls Present/Factor","Clear","Broadside","Intersection","Other Vehicle","Not Applicable","Not Applicable","At","","False","False","33032","CAPITOL EX","TULLY RD","37.33124885","-121.8127559"
"689019","CR-0000094879","0","0","0","0","22-287-9702","False","True","0","10/10/2022 8:00:00 PM","No Pedestrians Involved","Dry","No Unusual Conditions","Dark - Street Light","Violation Driver 1","Controls Functioning","Clear","Sideswipe","Intersection","Other Vehicle","Not Applicable","Not Applicable","At","","False","True","33032","CAPITOL EX","TULLY RD","37.33124885","-121.8127559"
"688980","CR-0000094839","1","0","0","0","22-293-0134","False","False","0","10/20/2022 6:28:00 AM","No Pedestrians Involved","Dry","No Unusual Conditions","Daylight","Violation Driver 1","Controls Functioning","Clear","Broadside","Intersection","Other Vehicle","Not Applicable","Not Applicable","At","","False","False","33032","CAPITOL EX","TULLY RD","37.33124885","-121.8127559"
"688891","CR-0000094749","0","0","0","0","22-276-0744","False","False","56","10/3/2022 5:34:00 PM","No Pedestrians Involved","Dry","No Unusual Conditions","Daylight","Violation Driver 1","No Controls Present/Factor","Clear","Broadside","Non-Related","Parked Vehicle","Not Applicable","Not Applicable","West Of","","False","True","46771","CUNNINGHAM AV","SARASOTA WY","37.32599474","-121.8352601"
"694347","CR-0000098291","1","0","0","0","23-157-0608","False","False","0","6/6/2023 3:58:00 PM","No Pedestrians Involved","Dry","No Unusual Conditions","Daylight","Violation Driver 1","Controls Functioning","Clear","Rear End","Intersection","Other Vehicle","Not Applicable","Not Applicable","At","","True","False","4641","ALMADEN EX","CHARD DR","37.27305448","-121.8785848"
"723605","CR-0000103997","1","0","0","0","24-113-0305","False","False","125","4/22/2024 9:27:00 AM","No Pedestrians Involved","Dry","No Unusual Conditions","Daylight","Violation Driver 1","No Controls Present/Factor","Clear","Rear End","Non-Related","Other Vehicle","Not Applicable","Not Applicable","North Of","","False","False","4641","ALMADEN EX","CHARD DR","37.27305448","-121.8785848"
"723943","CR-0000104339","0","0","0","0","24-117-4003","False","True","220","4/26/2024 3:50:00 PM","No Pedestrians Involved","Unknown","Unknown","Unknown","Unknown","Unknown","Unknown","Rear End","Non-Related","Other Vehicle","Not Applicable","Not Applicable","North Of","","False","False","125333","CAMDEN AV","LITTLE BRANHAM LN/HWY-85","37.24889172","-121.9098568"
"726996","CR-0000105555","0","0","0","0","24-204-9710","False","True","","7/22/2024 12:10:00 PM","No Pedestrians Involved","Dry","No Unusual Conditions","Daylight","Unknown","Controls Functioning","Clear","Sideswipe","Related","Other Vehicle","Not Applicable","Not Applicable","South Of","","False","False","125333","CAMDEN AV","LITTLE BRANHAM LN/HWY-85","37.24889172","-121.9098568"
"716396","CR-0000102395","2","0","0","0","24-047-0658","False","False","21","2/16/2024 5:20:00 PM","No Pedestrians Involved","Dry","No Unusual Conditions","Dark - Street Light","Violation Driver 1","Controls Functioning","Clear","Rear End","Related","Other Vehicle","Not Applicable","Not Applicable","South Of","","True","True","125333","CAMDEN AV","LITTLE BRANHAM LN/HWY-85","37.24889172","-121.9098568"
"689941","CR-0000095982","4","0","0","0","22-311-0532","False","False","30","11/7/2022 2:13:00 PM","No Pedestrians Involved","Dry","No Unusual Conditions","Dusk - Dawn","Violation Driver 1","Controls Functioning","Clear","Rear End","Related","Other Vehicle","Not Applicable","Not Applicable","North Of","","False","False","125333","CAMDEN AV","LITTLE BRANHAM LN/HWY-85","37.24889172","-121.9098568"
"695897","CR-0000099025","0","0","0","0","23-239-4002","False","True","0","8/27/2023 12:25:00 PM","No Pedestrians Involved","Unknown","Unknown","Unknown","Unknown","Unknown","Unknown","Sideswipe","Intersection","Other Vehicle","Not Applicable","Not Applicable","At","","False","False","125333","CAMDEN AV","LITTLE BRANHAM LN/HWY-85","37.24889172","-121.9098568"
"682761","CR-0000092343","0","0","0","0","22-131-4001","False","True","","5/11/2022 2:35:00 PM","No Pedestrians Involved","Unknown","Unknown","Daylight","Unknown","Unknown","Unknown","Rear End","Related","Other Vehicle","Not Applicable","Not Applicable","South Of","","False","False","125333","CAMDEN AV","LITTLE BRANHAM LN/HWY-85","37.24889172","-121.9098568"
"683227","CR-0000092838","0","0","0","0","22-131-0458","False","False","0","5/11/2022 12:30:00 PM","No Pedestrians Involved","Dry","No Unusual Conditions","Daylight","Violation Driver 1","Controls Not Functioning","Clear","Rear End","Intersection","Other Vehicle","Not Applicable","Not Applicable","At","","True","True","125333","CAMDEN AV","LITTLE BRANHAM LN/HWY-85","37.24889172","-121.9098568"
"681672","CR-0000091069","0","0","0","0","22-070-4000","False","True","0","3/10/2022 7:39:00 PM","No Pedestrians Involved","Unknown","Unknown","Unknown","Unknown","Unknown","Unknown","Sideswipe","Intersection","Other Vehicle","Not Applicable","Not Applicable","At","","False","False","23980","BRANHAM LN","PEARL AV","37.26564362","-121.865998"
"694621","CR-0000098654","1","0","0","0","23-207-0849","False","False","0","7/26/2023 7:49:00 PM","No Pedestrians Involved","Dry","No Unusual Conditions","Dusk - Dawn","Violation Driver 1","Controls Functioning","Clear","Broadside","Intersection","Other Vehicle","Not Applicable","Not Applicable","At","","False","False","23980","BRANHAM LN","PEARL AV","37.26564362","-121.865998"
"685241","CR-0000093921","1","0","0","0","22-258-0241","False","False","100","9/15/2022 9:00:00 AM","No Pedestrians Involved","Dry","Unknown","Daylight","Violation Driver 1","Unknown","Clear","Rear End","Non-Related","Other Vehicle","Not Applicable","Not Applicable","South Of","","True","True","32768","CAPITOL EX","CHARD DR","37.27549277","-121.8771483"
"685105","CR-0000093777","0","1","0","0","22-228-0793","False","False","83","8/16/2022 5:36:00 PM","No Pedestrians Involved","Dry","No Unusual Conditions","Daylight","Violation Driver 1","No Controls Present/Factor","Clear","Sideswipe","Non-Related","Motorcycle","Not Applicable","Not Applicable","East Of","","False","False","23781","BRANHAM LN","KIRK RD","37.25319299","-121.90268"
"681994","CR-0000091503","0","1","0","0","22-070-0474","False","False","102","3/11/2022 1:26:00 PM","No Pedestrians Involved","Dry","No Unusual Conditions","Daylight","Violation Driver 1","No Controls Present/Factor","Clear","Broadside","Non-Related","Other Vehicle","Not Applicable","Not Applicable","West Of","","False","False","23781","BRANHAM LN","KIRK RD","37.25319299","-121.90268"
"682475","CR-0000092040","2","0","0","0","22-120-0397","False","False","0","4/30/2022 12:25:00 PM","No Pedestrians Involved","Dry","No Unusual Conditions","Daylight","Violation Driver 1","No Controls Present/Factor","Clear","Broadside","Intersection","Other Vehicle","Not Applicable","Not Applicable","At","","False","False","23781","BRANHAM LN","KIRK RD","37.25319299","-121.90268"
"698864","CR-0000100147","0","2","0","0","23-365-0611","False","False","150","12/31/2023 6:24:00 PM","No Pedestrians Involved","Dry","No Unusual Conditions","Dark - Street Light","Bike At Fault","Controls Functioning","Clear","Vehicle/Bike","Non-Related","Bike","Not Applicable","Not Applicable","East Of","BIKE","False","False","23781","BRANHAM LN","KIRK RD","37.25319299","-121.90268"
"689936","CR-0000095962","2","2","1","0","22-363-0857","False","False","0","12/29/2022 10:35:00 PM","No Pedestrians Involved","Wet","No Unusual Conditions","Dark - Street Light","Violation Driver 1","No Controls Present/Factor","Clear","Vehicle/Pedestrian","Intersection","Pedestrian","North","South","At","PED(3)","False","False","23781","BRANHAM LN","KIRK RD","37.25319299","-121.90268"
"689913","CR-0000095943","0","1","0","0","22-363-0085","False","False","0","12/29/2022 3:51:00 AM","No Pedestrians Involved","Wet","No Unusual Conditions","Dark - Street Light","Violation Driver 1","No Controls Present/Factor","Rain","Rear End","Intersection","Parked Vehicle","Not Applicable","Not Applicable","At","","True","False","23781","BRANHAM LN","KIRK RD","37.25319299","-121.90268"
"690501","CR-0000096600","0","0","0","0","22-301-4000","False","True","0","10/27/2022 7:50:00 AM","Crossing In Crosswalk - At Intersection","Unknown","Unknown","Unknown","Unknown","Unknown","Unknown","Vehicle/Pedestrian","Intersection","Pedestrian","East","West","At","","False","False","23781","BRANHAM LN","KIRK RD","37.25319299","-121.90268"
"692585","CR-0000097873","0","0","0","0","23-044-0387","False","False","37","2/13/2023 12:22:00 PM","No Pedestrians Involved","Dry","No Unusual Conditions","Daylight","Violation Driver 1","Controls Functioning","Clear","Rear End","Related","Other Vehicle","Not Applicable","Not Applicable","North Of","","False","False","23781","BRANHAM LN","KIRK RD","37.25319299","-121.90268"
"691041","CR-0000097212","2","0","0","0","23-027-0516","False","False","172","1/27/2023 2:58:00 PM","No Pedestrians Involved","Dry","No Unusual Conditions","Daylight","Violation Driver 1","Unknown","Clear","Rear End","Non-Related","Other Vehicle","Not Applicable","Not Applicable","East Of","","True","False","23781","BRANHAM LN","KIRK RD","37.25319299","-121.90268"
"723791","CR-0000104187","0","0","0","0","24-124-9704","False","True","0","5/3/2024 8:15:00 AM","No Pedestrians Involved","Dry","No Unusual Conditions","Daylight","Unknown","No Controls Present/Factor","Clear","Vehicle/Bike","Intersection","Bike","Not Applicable","Not Applicable","At","BIKE","False","False","23781","BRANHAM LN","KIRK RD","37.25319299","-121.90268"
"723811","CR-0000104207","0","0","0","0","24-126-4006","False","True","0","5/5/2024 5:00:00 PM","No Pedestrians Involved","Unknown","Unknown","Unknown","Unknown","Unknown","Unknown","Rear End","Intersection","Other Vehicle","Not Applicable","Not Applicable","At","","False","False","115323","CURCI DR","ST ELIZABETH DR","37.30786917","-121.9161426"
"725458","CR-0000104955","0","1","0","0","24-173-0308","False","False","303","6/21/2024 12:39:00 PM","Crossing - Not In Crosswalk","Dry","No Unusual Conditions","Daylight","Violation Driver 1","No Controls Present/Factor","Clear","Vehicle/Pedestrian","Non-Related","Pedestrian","East","West","East Of","PED","True","True","115323","CURCI DR","ST ELIZABETH DR","37.30786917","-121.9161426"
"711897","CR-0000101407","0","0","0","0","23-341-9703","False","True","51","12/7/2023 8:20:00 AM","No Pedestrians Involved","Dry","No Unusual Conditions","Daylight","Unknown","No Controls Present/Factor","Cloudy","Rear End","Non-Related","Parked Vehicle","Not Applicable","Not Applicable","South Of","","False","False","115323","CURCI DR","ST ELIZABETH DR","37.30786917","-121.9161426"
"698739","CR-0000099991","1","0","0","0","23-258-0409","False","False","55","9/15/2023 12:37:00 PM","No Pedestrians Involved","Dry","No Unusual Conditions","Daylight","Violation Driver 1","No Controls Present/Factor","Clear","Other","Non-Related","Other Vehicle","Not Applicable","Not Applicable","West Of","","False","False","116841","QUAIL CREST WY","VALLEY QUAIL CI","37.2007709","-121.8501338"
"695881","CR-0000098973","0","0","0","0","23-109-4003","False","True","","4/17/2023 3:00:00 PM","No Pedestrians Involved","Unknown","Unknown","Unknown","Unknown","Unknown","Unknown","Other","Related","Other Vehicle","Not Applicable","Not Applicable","North Of","","False","False","78550","KEESLING AV","MERIDIAN AV","37.29544743","-121.9135468"
"685288","CR-0000093968","0","1","0","0","22-259-0676","False","False","89","9/16/2022 4:50:00 PM","No Pedestrians Involved","Dry","No Unusual Conditions","Daylight","Violation Driver 1","No Controls Present/Factor","Clear","Broadside","Non-Related","Other Vehicle","Not Applicable","Not Applicable","South Of","","False","False","78550","KEESLING AV","MERIDIAN AV","37.29544743","-121.9135468"
"689160","CR-0000095025","0","0","0","0","22-300-0521","False","False","22","10/27/2022 2:30:00 PM","No Pedestrians Involved","Dry","No Unusual Conditions","Daylight","Violation Driver 1","No Controls Present/Factor","Clear","Rear End","Related","Other Vehicle","Not Applicable","Not Applicable","North Of","","False","True","78550","KEESLING AV","MERIDIAN AV","37.29544743","-121.9135468"
"684860","CR-0000093502","0","0","0","0","22-195-0001","False","False","203","7/14/2022 12:12:00 AM","No Pedestrians Involved","Dry","No Unusual Conditions","Dark - Street Light","Violation Driver 1","No Controls Present/Factor","Clear","Head On","Non-Related","Parked Vehicle","Not Applicable","Not Applicable","South Of","","False","True","49224","DE ROSE WY","WILLOWHAVEN DR","37.30547508","-121.9193549"
"682674","CR-0000092250","1","0","0","0","22-146-1053","False","False","54","5/26/2022 9:37:00 PM","No Pedestrians Involved","Dry","No Unusual Conditions","Dark - Street Light","Violation Driver 1","No Controls Present/Factor","Clear","Rear End","Non-Related","Parked Vehicle","Not Applicable","Not Applicable","West Of","CURB","False","False","16103","BELLEROSE DR","HEDDING ST","37.33038347","-121.9370667"
"689562","CR-0000095539","1","1","0","0","22-357-0414","False","False","0","12/23/2022 1:32:00 PM","No Pedestrians Involved","Dry","No Unusual Conditions","Daylight","Violation Driver 1","Controls Functioning","Clear","Broadside","Intersection","Other Vehicle","Not Applicable","Not Applicable","At","","False","False","39577","CIRO AV","FOREST AV","37.32704337","-121.9382372"
"692372","CR-0000097654","1","0","0","0","23-065-0700","False","False","33","3/6/2023 6:39:00 PM","Crossing - Not In Crosswalk","Wet","No Unusual Conditions","Dark - No Street Light","Pedestrian At Fault","No Controls Present/Factor","Clear","Vehicle/Pedestrian","Related","Pedestrian","North","South","East Of","","False","False","39577","CIRO AV","FOREST AV","37.32704337","-121.9382372"
"694342","CR-0000098286","0","2","0","0","23-156-0726","False","False","0","6/5/2023 4:58:00 PM","No Pedestrians Involved","Dry","No Unusual Conditions","Daylight","Violation Driver 1","No Controls Present/Factor","Clear","Broadside","Intersection","Other Vehicle","Not Applicable","Not Applicable","At","","False","False","39577","CIRO AV","FOREST AV","37.32704337","-121.9382372"
"696448","CR-0000099625","0","0","0","0","23-110-0211","False","False","0","4/20/2023 8:30:00 AM","No Pedestrians Involved","Dry","No Unusual Conditions","Daylight","Violation Driver 1","No Controls Present/Factor","Clear","Sideswipe","Intersection","Other Vehicle","Not Applicable","Not Applicable","At","","False","False","16092","BELLEROSE DR","FOREST AV","37.32708069","-121.9360138"
"696446","CR-0000099623","0","0","0","0","23-110-0989","False","False","420","4/20/2023 11:10:00 PM","No Pedestrians Involved","Dry","No Unusual Conditions","Dusk - Dawn","Violation Driver 1","No Controls Present/Factor","Clear","Sideswipe","Non-Related","Parked Vehicle","Not Applicable","Not Applicable","East Of","","False","True","16092","BELLEROSE DR","FOREST AV","37.32708069","-121.9360138"
"699200","CR-0000100521","0","0","0","0","23-168-0965","True","False","99","6/17/2023 11:10:00 PM","No Pedestrians Involved","Dry","No Unusual Conditions","Dark - Street Light","Violation Driver 1","Controls Functioning","Clear","Head On","Non-Related","Parked Vehicle","Not Applicable","Not Applicable","South Of","SIGN","False","False","16092","BELLEROSE DR","FOREST AV","37.32708069","-121.9360138"
"725208","CR-0000104689","2","1","0","0","24-160-0638","False","False","0","6/8/2024 6:10:00 PM","No Pedestrians Involved","Dry","No Unusual Conditions","Daylight","Violation Driver 1","No Controls Present/Factor","Clear","Broadside","Intersection","Other Vehicle","Not Applicable","Not Applicable","At","","False","False","16092","BELLEROSE DR","FOREST AV","37.32708069","-121.9360138"
"681914","CR-0000091408","0","0","0","0","22-072-0136","False","False","0","3/13/2022 4:27:00 AM","No Pedestrians Involved","Dry","No Unusual Conditions","Dark - No Street Light","Violation Driver 1","Controls Functioning","Clear","Hit Object","Intersection","Fixed Object","Not Applicable","Not Applicable","At","Brick wall","True","False","124167","ARTHUR AV","FORMOSA RIDGE DR","37.35981988","-121.8118103"
"694429","CR-0000098392","1","0","0","0","23-158-0658","False","False","0","6/7/2023 4:04:00 PM","No Pedestrians Involved","Dry","No Unusual Conditions","Daylight","Bike At Fault","Controls Functioning","Clear","Vehicle/Bike","Intersection","Bike","Not Applicable","Not Applicable","At","BIKE","False","False","73160","HILLSDALE AV","SUMMERCREEK DR","37.27911195","-121.8675549"
"691049","CR-0000097222","0","0","0","0","23-059-0627","True","False","0","2/28/2023 5:04:00 PM","No Pedestrians Involved","Wet","No Unusual Conditions","Daylight","Violation Driver 1","No Controls Present/Factor","Rain","Hit Object","Intersection","Fixed Object","Not Applicable","Not Applicable","At","SIGN","True","False","23462","BRANHAM LN","CAPAY DR","37.2596307","-121.8893783"
"692447","CR-0000097732","0","0","0","0","23-083-0876","False","False","99","3/24/2023 9:09:00 PM","No Pedestrians Involved","Dry","No Unusual Conditions","Dark - Street Light","Violation Driver 1","No Controls Present/Factor","Clear","Head On","Non-Related","Parked Vehicle","Not Applicable","Not Applicable","South Of","","True","True","69222","GUMDROP DR","PEANUT BRITTLE DR","37.33021499","-121.7944207"
"691000","CR-0000097170","0","0","0","0","23-036-0788","False","False","40","2/5/2023 9:20:00 PM","No Pedestrians Involved","Dry","No Unusual Conditions","Dark - Street Light","Violation Driver 1","No Controls Present/Factor","Clear","Hit Object","Related","Fixed Object","Not Applicable","Not Applicable","West Of","","True","True","9294","ARQUEADO DR/PEANUT BRITTLE DR","FLINT AV","37.331104","-121.7895946"
"694143","CR-0000098193","0","1","0","0","23-142-0471","False","False","381","5/22/2023 1:08:00 PM","No Pedestrians Involved","Dry","No Unusual Conditions","Daylight","Unknown","No Controls Present/Factor","Clear","Rear End","Non-Related","Parked Vehicle","Not Applicable","Not Applicable","East Of","","False","False","83599","LEYLAND PARK DR","WOODCLIFF DR","37.21965702","-121.8806404"
"689119","CR-0000094979","0","0","0","0","22-215-0928","False","False","112","6/3/2022 10:13:00 PM","No Pedestrians Involved","Dry","No Unusual Conditions","Dark - Street Light","Violation Driver 1","Unknown","Clear","Rear End","Non-Related","Other Vehicle","Not Applicable","Not Applicable","North Of","","True","True","2474","ALAMEDA","ALAMEDA CT/IDAHO ST","37.34392463","-121.9300862"
"683520","CR-0000093118","1","0","0","0","22-202-0716","False","False","0","7/21/2022 5:22:00 PM","No Pedestrians Involved","Dry","No Unusual Conditions","Daylight","Violation Driver 1","No Controls Present/Factor","Clear","Vehicle/Bike","Intersection","Bike","Not Applicable","Not Applicable","At","BICYCLE","False","False","2474","ALAMEDA","ALAMEDA CT/IDAHO ST","37.34392463","-121.9300862"
"687429","CR-0000094208","1","0","0","0","22-251-0256","False","False","0","9/8/2022 9:23:00 AM","No Pedestrians Involved","Dry","No Unusual Conditions","Daylight","Violation Driver 1","No Controls Present/Factor","Clear","Broadside","Intersection","Other Vehicle","Not Applicable","Not Applicable","At","","False","False","2474","ALAMEDA","ALAMEDA CT/IDAHO ST","37.34392463","-121.9300862"
"725231","CR-0000104712","0","0","0","0","24-163-4000","False","True","50","6/10/2024 4:37:00 PM","No Pedestrians Involved","Unknown","Unknown","Unknown","Unknown","Unknown","Snow","Rear End","Related","Other Vehicle","Not Applicable","Not Applicable","South Of","","False","False","2474","ALAMEDA","ALAMEDA CT/IDAHO ST","37.34392463","-121.9300862"
"719731","CR-0000102903","0","0","0","0","24-018-0067","False","False","313","1/18/2024 2:45:00 AM","No Pedestrians Involved","Dry","No Unusual Conditions","Dark - Street Light","Violation Driver 1","No Controls Present/Factor","Clear","Sideswipe","Non-Related","Other Vehicle","Not Applicable","Not Applicable","West Of","","False","True","2474","ALAMEDA","ALAMEDA CT/IDAHO ST","37.34392463","-121.9300862"
"723966","CR-0000104361","0","0","0","0","24-131-9708","False","True","50","5/9/2024 8:10:00 PM","No Pedestrians Involved","Dry","No Unusual Conditions","Daylight","Unknown","Controls Functioning","Clear","Sideswipe","Related","Other Vehicle","Not Applicable","Not Applicable","South Of","","False","True","13980","BASCOM AV","NIMITZ FR","37.33552094","-121.9367352"
"694540","CR-0000098534","2","0","0","0","23-196-0286","False","False","0","7/15/2023 9:07:00 AM","No Pedestrians Involved","Dry","Construction - Repair Zone","Daylight","Violation Driver 1","Controls Not Functioning","Clear","Broadside","Intersection","Other Vehicle","Not Applicable","Not Applicable","At","","False","False","13980","BASCOM AV","NIMITZ FR","37.33552094","-121.9367352"
"691269","CR-0000097514","0","0","0","0","23-089-4005","False","True","0","2/28/2023 8:20:00 AM","No Pedestrians Involved","Unknown","Unknown","Unknown","Unknown","Unknown","Unknown","Broadside","Intersection","Other Vehicle","Not Applicable","Not Applicable","At","","False","False","13749","BASCOM AV","CHERRYSTONE DR","37.33617036","-121.9369308"
"694760","CR-0000098794","1","0","0","0","23-243-0571","False","False","0","8/31/2023 2:19:00 PM","No Pedestrians Involved","Dry","No Unusual Conditions","Daylight","Violation Driver 1","No Controls Present/Factor","Clear","Broadside","Intersection","Other Vehicle","Not Applicable","Not Applicable","At","","False","False","13749","BASCOM AV","CHERRYSTONE DR","37.33617036","-121.9369308"
"683365","CR-0000092955","2","0","0","0","22-177-0633","False","False","30","6/26/2022 5:12:00 PM","No Pedestrians Involved","Dry","No Unusual Conditions","Daylight","Violation Driver 1","No Controls Present/Factor","Clear","Broadside","Related","Other Vehicle","Not Applicable","Not Applicable","North Of","","False","False","13749","BASCOM AV","CHERRYSTONE DR","37.33617036","-121.9369308"
"683335","CR-0000092923","0","0","0","0","22-164-4010","False","True","","6/13/2022 11:48:00 AM","No Pedestrians Involved","Unknown","Unknown","Unknown","Unknown","Unknown","Unknown","Sideswipe","Related","Other Vehicle","Not Applicable","Not Applicable","East Of","","False","False","78165","JUNIPERO SERRA FR/TISCH WY","WINCHESTER BL","37.31728124","-121.9501206"
"685289","CR-0000093969","2","0","0","0","22-259-0968","False","False","0","9/16/2022 8:54:00 PM","No Pedestrians Involved","Unknown","No Unusual Conditions","Daylight","Violation Driver 1","Controls Functioning","Clear","Rear End","Intersection","Other Vehicle","Not Applicable","Not Applicable","At","","True","False","78165","JUNIPERO SERRA FR/TISCH WY","WINCHESTER BL","37.31728124","-121.9501206"
"696529","CR-0000099716","1","0","0","0","23-345-0756","False","False","0","12/11/2023 5:50:00 PM","No Pedestrians Involved","Dry","No Unusual Conditions","Dark - Street Light Not Functioning","Violation Driver 1","Controls Functioning","Clear","Broadside","Intersection","Other Vehicle","Not Applicable","Not Applicable","At","","True","False","78165","JUNIPERO SERRA FR/TISCH WY","WINCHESTER BL","37.31728124","-121.9501206"
"698713","CR-0000099962","0","0","0","0","23-149-4000","False","True","51","5/27/2023 3:39:00 PM","No Pedestrians Involved","Unknown","Unknown","Daylight","Unknown","Unknown","Unknown","Rear End","Non-Related","Other Vehicle","Not Applicable","Not Applicable","North Of","","False","False","78165","JUNIPERO SERRA FR/TISCH WY","WINCHESTER BL","37.31728124","-121.9501206"
"691067","CR-0000097240","1","0","0","0","23-032-0463","False","False","0","2/1/2023 1:04:00 PM","No Pedestrians Involved","Dry","No Unusual Conditions","Daylight","Violation Driver 1","Controls Functioning","Clear","Sideswipe","Intersection","Other Vehicle","Not Applicable","Not Applicable","At","","False","False","78165","JUNIPERO SERRA FR/TISCH WY","WINCHESTER BL","37.31728124","-121.9501206"
"691130","CR-0000097326","1","0","0","0","23-034-9703","False","False","0","2/1/2023 12:45:00 PM","No Pedestrians Involved","Dry","No Unusual Conditions","Daylight","Unknown","Controls Functioning","Clear","Sideswipe","Intersection","Other Vehicle","Not Applicable","Not Applicable","At","","False","False","78165","JUNIPERO SERRA FR/TISCH WY","WINCHESTER BL","37.31728124","-121.9501206"
"692420","CR-0000097703","1","0","0","0","23-081-0540","False","False","0","3/22/2023 3:30:00 PM","No Pedestrians Involved","Dry","No Unusual Conditions","Daylight","Violation Driver 1","Controls Functioning","Cloudy","Broadside","Intersection","Other Vehicle","Not Applicable","Not Applicable","At","","False","False","78165","JUNIPERO SERRA FR/TISCH WY","WINCHESTER BL","37.31728124","-121.9501206"
"694203","CR-0000098044","1","0","0","0","23-110-0283","False","False","87","4/20/2023 10:08:00 AM","No Pedestrians Involved","Dry","No Unusual Conditions","Daylight","Violation Driver 1","Controls Functioning","Clear","Rear End","Non-Related","Other Vehicle","Not Applicable","Not Applicable","South Of","","False","False","78165","JUNIPERO SERRA FR/TISCH WY","WINCHESTER BL","37.31728124","-121.9501206"
"690938","CR-0000097107","1","0","0","0","23-058-0600","False","False","0","2/27/2023 4:39:00 PM","No Pedestrians Involved","Dry","No Unusual Conditions","Daylight","Violation Driver 1","Controls Functioning","Clear","Rear End","Intersection","Other Vehicle","Not Applicable","Not Applicable","At","","True","False","78165","JUNIPERO SERRA FR/TISCH WY","WINCHESTER BL","37.31728124","-121.9501206"
"722454","CR-0000103738","0","0","0","0","24-100-4001","False","True","","4/9/2024 9:25:00 AM","No Pedestrians Involved","Unknown","Unknown","Unknown","Unknown","Unknown","Unknown","Rear End","Non-Related","Other Vehicle","Not Applicable","Not Applicable","South Of","","False","False","78165","JUNIPERO SERRA FR/TISCH WY","WINCHESTER BL","37.31728124","-121.9501206"
"725460","CR-0000104957","1","0","0","0","24-173-0421","False","False","0","6/21/2024 12:40:00 PM","No Pedestrians Involved","Dry","No Unusual Conditions","Daylight","Violation Driver 1","Controls Functioning","Clear","Broadside","Intersection","Other Vehicle","Not Applicable","Not Applicable","At","","False","False","47838","CYPRESS AV","MOORPARK AV","37.31606798","-121.9597885"
"726509","CR-0000105043","0","1","0","0","24-175-0267","False","False","0","6/23/2024 7:54:00 AM","Crossing In Crosswalk - At Intersection","Dry","No Unusual Conditions","Daylight","Violation Driver 1","Controls Functioning","Clear","Vehicle/Pedestrian","Intersection","Pedestrian","North","South","At","PED","False","True","47838","CYPRESS AV","MOORPARK AV","37.31606798","-121.9597885"
"685175","CR-0000093829","1","2","0","0","22-224-0792","False","False","0","8/12/2022 7:05:00 PM","No Pedestrians Involved","Dry","No Unusual Conditions","Daylight","Violation Driver 1","Controls Functioning","Clear","Head On","Intersection","Other Vehicle","Not Applicable","Not Applicable","At","","False","False","47838","CYPRESS AV","MOORPARK AV","37.31606798","-121.9597885"
"688997","CR-0000094857","0","0","0","0","22-272-4001","False","True","51","9/19/2022 8:00:00 PM","No Pedestrians Involved","Unknown","Unknown","Unknown","Unknown","Unknown","Unknown","Other","Non-Related","Parked Vehicle","Not Applicable","Not Applicable","South Of","","False","True","47838","CYPRESS AV","MOORPARK AV","37.31606798","-121.9597885"
"689022","CR-0000094882","0","0","0","0","22-285-0074","True","False","30","10/12/2022 2:23:00 AM","No Pedestrians Involved","Dry","No Unusual Conditions","Dark - Street Light","Violation Driver 1","No Controls Present/Factor","Clear","Hit Object","Related","Fixed Object","Not Applicable","Not Applicable","East Of","SOUNDWALL","False","False","47838","CYPRESS AV","MOORPARK AV","37.31606798","-121.9597885"
"683013","CR-0000092509","0","0","0","0","22-159-0079","False","False","200","6/8/2022 2:00:00 AM","No Pedestrians Involved","Dry","No Unusual Conditions","Dark - Street Light","Violation Driver 1","No Controls Present/Factor","Clear","Hit Object","Non-Related","Other Object","Not Applicable","Not Applicable","East Of","","False","True","53987","EDEN AV","MOORPARK AV","37.31608927","-121.9546648"
"681493","CR-0000090883","0","1","0","0","22-035-0186","False","False","204","2/4/2022 8:23:00 AM","No Pedestrians Involved","Dry","No Unusual Conditions","Daylight","Violation Driver 1","No Controls Present/Factor","Clear","Rear End","Non-Related","Other Vehicle","Not Applicable","Not Applicable","East Of","","True","False","53987","EDEN AV","MOORPARK AV","37.31608927","-121.9546648"
"694403","CR-0000098357","0","1","0","0","23-171-0971","False","False","164","6/20/2023 9:07:00 PM","No Pedestrians Involved","Dry","No Unusual Conditions","Dark - Street Light","Violation Driver 1","No Controls Present/Factor","Clear","Broadside","Non-Related","Motorcycle","Not Applicable","Not Applicable","East Of","","False","False","53987","EDEN AV","MOORPARK AV","37.31608927","-121.9546648"
"696183","CR-0000099327","1","0","0","0","23-211-0539","True","False","271","7/30/2023 3:00:00 PM","No Pedestrians Involved","Dry","No Unusual Conditions","Daylight","Violation Driver 1","Controls Functioning","Clear","Sideswipe","Non-Related","Other Vehicle","Not Applicable","Not Applicable","East Of","LIGHT POLE","False","False","53987","EDEN AV","MOORPARK AV","37.31608927","-121.9546648"