"CrashFactId","Name","MinorInjuries","ModerateInjuries","SevereInjuries","FatalInjuries","TcrNumber","CityDamageFlag","ShortFormFlag","Distance","CrashDateTime","PedestrianAction","RoadwaySurface","RoadwayCondition","Lighting","PrimaryCollisionFactor","TrafficControl","Weather","CollisionType","ProximityToIntersection","VehicleInvolvedWith","PedestrianDirectionFrom","PedestrianDirectionTo","DirectionFromIntersection","Comment","SpeedingFlag","HitAndRunFlag","IntersectionNumber","AStreetName","BStreetName","Latitude","Longitude"
"712206","CR-0000101639","0","0","0","0","23-250-9706","False","True","51","8/25/2023 4:20:00 PM","No Pedestrians Involved","Dry","No Unusual Conditions","Daylight","Unknown","Controls Functioning","Clear","Sideswipe","Non-Related","Other Vehicle","Not Applicable","Not Applicable","West Of","","False","False","64426","GALVESTON AV","TULLY RD","37.31146929","-121.8423157"
"716053","CR-0000102016","1","0","0","0","24-010-9705","False","True","0","1/9/2024 10:45:00 PM","No Pedestrians Involved","Dry","No Unusual Conditions","Dark - Street Light","Unknown","Controls Functioning","Clear","Sideswipe","Intersection","Motor Vehicle On Other Roadway","Not Applicable","Not Applicable","At","","False","True","85910","LUCRETIA AV/SHERLOCK DR","TULLY RD","37.31278717","-121.8402054"
"722310","CR-0000103604","0","0","0","0","24-090-4006","False","True","0","3/29/2024 7:50:00 PM","No Pedestrians Involved","Unknown","Unknown","Unknown","Unknown","Unknown","Unknown","Other","Intersection","Other Vehicle","Not Applicable","Not Applicable","At","","False","False","85910","LUCRETIA AV/SHERLOCK DR","TULLY RD","37.31278717","-121.8402054"
"719709","CR-0000102881","0","0","0","0","24-010-9703","False","True","0","1/8/2024 3:30:00 PM","No Pedestrians Involved","Dry","No Unusual Conditions","Daylight","Unknown","Controls Functioning","Clear","Rear End","Intersection","Other Vehicle","Not Applicable","Not Applicable","At","","False","False","85910","LUCRETIA AV/SHERLOCK DR","TULLY RD","37.31278717","-121.8402054"
"726709","CR-0000105247","0","0","0","0","24-184-0188","True","False","0","7/2/2024 6:45:00 AM","No Pedestrians Involved","Dry","No Unusual Conditions","Daylight","Violation Driver 1","No Controls Present/Factor","Clear","Hit Object","Intersection","Fixed Object","Not Applicable","Not Applicable","At","STOPLIGHT","True","False","85910","LUCRETIA AV/SHERLOCK DR","TULLY RD","37.31278717","-121.8402054"
"723754","CR-0000104150","2","0","0","0","24-123-0534","False","False","620","5/2/2024 2:08:00 PM","No Pedestrians Involved","Unknown","No Unusual Conditions","Dark - Street Light Not Functioning","Violation Driver 1","Controls Functioning","Clear","Rear End","Non-Related","Other Vehicle","Not Applicable","Not Applicable","North Of","","True","False","85910","LUCRETIA AV/SHERLOCK DR","TULLY RD","37.31278717","-121.8402054"
"725412","CR-0000104908","1","0","0","0","24-138-0773","False","False","51","5/17/2024 7:00:00 PM","No Pedestrians Involved","Dry","Unknown","Daylight","Violation Driver 1","No Controls Present/Factor","Clear","Sideswipe","Non-Related","Other Vehicle","Not Applicable","Not Applicable","North Of","","False","True","85910","LUCRETIA AV/SHERLOCK DR","TULLY RD","37.31278717","-121.8402054"
"681497","CR-0000090887","3","0","0","0","22-035-0677","False","False","0","2/4/2022 5:33:00 PM","No Pedestrians Involved","Dry","No Unusual Conditions","Daylight","Violation Driver 1","No Controls Present/Factor","Clear","Rear End","Intersection","Other Vehicle","Not Applicable","Not Applicable","At","","True","False","85910","LUCRETIA AV/SHERLOCK DR","TULLY RD","37.31278717","-121.8402054"
"682878","CR-0000092459","0","0","0","0","22-160-0368","False","False","20","6/9/2022 11:58:00 AM","No Pedestrians Involved","Dry","No Unusual Conditions","Daylight","Violation Driver 1","Controls Functioning","Clear","Rear End","Related","Other Vehicle","Not Applicable","Not Applicable","South Of","","False","False","85910","LUCRETIA AV/SHERLOCK DR","TULLY RD","37.31278717","-121.8402054"
"683076","CR-0000092624","1","0","0","0","22-161-0140","False","False","38","6/10/2022 7:38:00 AM","No Pedestrians Involved","Dry","No Unusual Conditions","Daylight","Violation Driver 1","Controls Functioning","Cloudy","Head On","Related","Other Vehicle","Not Applicable","Not Applicable","South Of","","False","True","85910","LUCRETIA AV/SHERLOCK DR","TULLY RD","37.31278717","-121.8402054"
"682383","CR-0000091946","1","0","0","0","22-105-0599","False","False","20","4/15/2022 4:57:00 PM","No Pedestrians Involved","Dry","No Unusual Conditions","Daylight","Violation Driver 1","Controls Functioning","Clear","Rear End","Related","Other Vehicle","Not Applicable","Not Applicable","West Of","","False","False","85910","LUCRETIA AV/SHERLOCK DR","TULLY RD","37.31278717","-121.8402054"
"682597","CR-0000092164","2","0","0","0","22-128-0619","False","False","55","5/8/2022 4:46:00 PM","No Pedestrians Involved","Dry","No Unusual Conditions","Daylight","Violation Driver 1","Controls Functioning","Clear","Rear End","Non-Related","Other Vehicle","Not Applicable","Not Applicable","East Of","","False","False","85910","LUCRETIA AV/SHERLOCK DR","TULLY RD","37.31278717","-121.8402054"
"687601","CR-0000094394","1","0","0","0","22-266-0154","False","False","40","9/23/2022 7:00:00 AM","In Road - Includes Shoulder","Dry","No Unusual Conditions","Dark - Street Light","Violation Driver 1","Controls Functioning","Clear","Vehicle/Pedestrian","Related","Pedestrian","East","West","West Of","PED","True","False","85910","LUCRETIA AV/SHERLOCK DR","TULLY RD","37.31278717","-121.8402054"
"685103","CR-0000093775","0","1","0","0","22-226-0952","False","False","584","8/14/2022 10:45:00 PM","No Pedestrians Involved","Dry","No Unusual Conditions","Dark - Street Light","Violation Driver 1","Controls Functioning","Clear","Head On","Non-Related","Other Vehicle","Not Applicable","Not Applicable","North Of","","False","False","85910","LUCRETIA AV/SHERLOCK DR","TULLY RD","37.31278717","-121.8402054"
"684714","CR-0000093350","0","0","0","0","22-182-0297","False","False","373","7/1/2022 10:01:00 AM","No Pedestrians Involved","Dry","No Unusual Conditions","Daylight","Violation Driver 1","No Controls Present/Factor","Clear","Rear End","Non-Related","Other Vehicle","Not Applicable","Not Applicable","East Of","","True","True","85910","LUCRETIA AV/SHERLOCK DR","TULLY RD","37.31278717","-121.8402054"
"689338","CR-0000095309","0","0","0","0","22-312-0544","False","False","0","11/8/2022 3:12:00 PM","No Pedestrians Involved","Dry","No Unusual Conditions","Daylight","Violation Driver 1","No Controls Present/Factor","Clear","Sideswipe","Intersection","Other Vehicle","Not Applicable","Not Applicable","At","","False","True","85910","LUCRETIA AV/SHERLOCK DR","TULLY RD","37.31278717","-121.8402054"
"688930","CR-0000094788","1","0","0","0","22-280-0253","False","False","0","10/7/2022 8:38:00 AM","No Pedestrians Involved","Dry","No Unusual Conditions","Daylight","Violation Driver 1","Controls Functioning","Clear","Sideswipe","Intersection","Other Vehicle","Not Applicable","Not Applicable","West Of","","False","False","85910","LUCRETIA AV/SHERLOCK DR","TULLY RD","37.31278717","-121.8402054"
"695912","CR-0000099040","0","0","0","0","23-231-9707","False","True","0","8/17/2023 11:20:00 PM","No Pedestrians Involved","Dry","Construction - Repair Zone","Dark - Street Light","Unknown","Controls Functioning","Clear","Sideswipe","Intersection","Other Vehicle","Not Applicable","Not Applicable","At","TRACTOR","False","False","85910","LUCRETIA AV/SHERLOCK DR","TULLY RD","37.31278717","-121.8402054"
"695923","CR-0000099052","0","0","0","0","23-235-4002","False","True","","8/17/2023 11:15:00 PM","No Pedestrians Involved","Unknown","Unknown","Unknown","Unknown","Unknown","Unknown","Rear End","Related","Other Vehicle","Not Applicable","Not Applicable","East Of","","False","False","85910","LUCRETIA AV/SHERLOCK DR","TULLY RD","37.31278717","-121.8402054"
"699007","CR-0000100311","1","0","0","0","23-328-0362","False","False","51","11/24/2023 12:58:00 PM","No Pedestrians Involved","Dry","No Unusual Conditions","Daylight","Unknown","Controls Functioning","Clear","Other","Non-Related","Other Vehicle","Not Applicable","Not Applicable","Unknown","","False","False","85910","LUCRETIA AV/SHERLOCK DR","TULLY RD","37.31278717","-121.8402054"
"698961","CR-0000100263","1","0","0","0","23-316-0495","False","False","70","11/12/2023 2:17:00 PM","No Pedestrians Involved","Dry","No Unusual Conditions","Daylight","Violation Driver 1","Controls Functioning","Clear","Head On","Non-Related","Other Vehicle","Not Applicable","Not Applicable","East Of","","False","False","85910","LUCRETIA AV/SHERLOCK DR","TULLY RD","37.31278717","-121.8402054"
"699312","CR-0000100633","1","0","0","0","23-307-0808","False","False","0","11/3/2023 7:12:00 PM","No Pedestrians Involved","Dry","No Unusual Conditions","Dark - Street Light","Violation Driver 1","No Controls Present/Factor","Clear","Rear End","Intersection","Other Vehicle","Not Applicable","Not Applicable","At","","True","False","85910","LUCRETIA AV/SHERLOCK DR","TULLY RD","37.31278717","-121.8402054"
"694493","CR-0000098487","2","0","0","0","23-188-0194","False","False","0","7/7/2023 6:41:00 AM","No Pedestrians Involved","Dry","Loose Material On Roadway","Daylight","Unknown","Controls Functioning","Clear","Rear End","Intersection","Other Vehicle","Not Applicable","Not Applicable","At","","False","False","85910","LUCRETIA AV/SHERLOCK DR","TULLY RD","37.31278717","-121.8402054"
"694401","CR-0000098354","1","0","0","0","23-170-0422","False","False","0","6/19/2023 12:21:00 PM","No Pedestrians Involved","Dry","No Unusual Conditions","Daylight","Unknown","Controls Functioning","Clear","Rear End","Related","Other Vehicle","Not Applicable","Not Applicable","At","","False","False","85910","LUCRETIA AV/SHERLOCK DR","TULLY RD","37.31278717","-121.8402054"
"684725","CR-0000093458","0","0","0","0","22-192-0223","False","False","51","7/11/2022 7:39:00 AM","No Pedestrians Involved","Dry","No Unusual Conditions","Dusk - Dawn","Violation Driver 1","No Controls Present/Factor","Unknown","Hit Object","Non-Related","Fixed Object","Not Applicable","Not Applicable","East Of","","False","True","78781","KENOGA DR","TULLY RD","37.3123714","-121.8408633"
"689130","CR-0000095002","0","0","0","0","22-316-0612","False","False","71","11/12/2022 5:37:00 PM","In Road - Includes Shoulder","Dry","No Unusual Conditions","Dark - Street Light","Violation Driver 1","No Controls Present/Factor","Clear","Vehicle/Pedestrian","Non-Related","Pedestrian","No Direction (Not Walking)","No Direction (Not Walking)","East Of","PEDESTRIAN (pedestrian getting things out of car)","False","True","1374","ABORN RD","RENFIELD WY","37.31313322","-121.7972155"
"689968","CR-0000095986","1","0","0","0","22-226-1001","False","False","0","8/14/2022 11:34:00 PM","No Pedestrians Involved","Dry","Obstruction On Roadway","Dark - Street Light","Violation Driver 1","No Controls Present/Factor","Clear","Head On","Intersection","Other Vehicle","Not Applicable","Not Applicable","At","","False","False","1374","ABORN RD","RENFIELD WY","37.31313322","-121.7972155"
"690150","CR-0000096238","0","0","0","0","22-334-9704","False","True","51","11/30/2022 8:15:00 AM","No Pedestrians Involved","Dry","No Unusual Conditions","Daylight","Unknown","Controls Functioning","Clear","Sideswipe","Non-Related","Other Vehicle","Not Applicable","Not Applicable","West Of","","False","True","1341","ABORN RD","NIEMAN BL","37.31241605","-121.8019099"
"694146","CR-0000097960","1","0","0","0","23-079-0435","False","False","0","3/20/2023 12:37:00 PM","No Pedestrians Involved","Dry","No Unusual Conditions","Daylight","Violation Driver 1","Controls Functioning","Clear","Rear End","Intersection","Other Vehicle","Not Applicable","Not Applicable","At","","False","False","1341","ABORN RD","NIEMAN BL","37.31241605","-121.8019099"
"694043","CR-0000097944","1","0","0","0","23-076-0830","False","False","120","3/17/2023 7:59:00 PM","No Pedestrians Involved","Dry","No Unusual Conditions","Dark - Street Light","Violation Driver 1","Controls Functioning","Clear","Rear End","Non-Related","Other Vehicle","Not Applicable","Not Applicable","East Of","","False","False","1341","ABORN RD","NIEMAN BL","37.31241605","-121.8019099"
"696088","CR-0000099223","1","0","0","0","23-118-0194","False","False","0","4/28/2023 8:25:00 AM","No Pedestrians Involved","Dry","No Unusual Conditions","Daylight","Violation Driver 1","Controls Functioning","Cloudy","Broadside","Intersection","Other Vehicle","Not Applicable","Not Applicable","At","","True","False","1341","ABORN RD","NIEMAN BL","37.31241605","-121.8019099"
"694794","CR-0000098832","0","1","0","0","23-226-1041","False","False","24","8/14/2023 11:50:00 PM","No Pedestrians Involved","Dry","No Unusual Conditions","Dark - Street Light","Violation Driver 1","No Controls Present/Factor","Clear","Vehicle/Bike","Related","Bike","Not Applicable","Not Applicable","South Of","BIKE","True","False","1341","ABORN RD","NIEMAN BL","37.31241605","-121.8019099"
"689045","CR-0000094938","1","0","0","0","22-296-0753","False","False","388","10/23/2022 7:03:00 PM","No Pedestrians Involved","Dry","No Unusual Conditions","Dusk - Dawn","Violation Driver 1","Controls Functioning","Clear","Rear End","Non-Related","Other Vehicle","Not Applicable","Not Applicable","West Of","","True","False","1341","ABORN RD","NIEMAN BL","37.31241605","-121.8019099"
"688776","CR-0000094620","0","0","0","0","22-291-4006","False","True","","10/18/2022 12:20:00 PM","No Pedestrians Involved","Unknown","Unknown","Daylight","Unknown","Unknown","Unknown","Rear End","Related","Other Vehicle","Not Applicable","Not Applicable","East Of","","False","True","1341","ABORN RD","NIEMAN BL","37.31241605","-121.8019099"
"683544","CR-0000093125","0","0","0","1","22-203-1062","True","False","152","7/22/2022 11:47:00 PM","No Pedestrians Involved","Dry","No Unusual Conditions","Dark - Street Light","Violation Driver 1","Controls Functioning","Clear","Hit Object","Non-Related","Fixed Object","Not Applicable","Not Applicable","West Of","Light Pole","True","False","1341","ABORN RD","NIEMAN BL","37.31241605","-121.8019099"
"683079","CR-0000092658","1","0","0","0","22-159-0522","False","False","0","6/8/2022 1:55:00 PM","No Pedestrians Involved","Dry","No Unusual Conditions","Daylight","Violation Driver 1","Controls Functioning","Clear","Rear End","Intersection","Other Vehicle","Not Applicable","Not Applicable","At","","False","False","1341","ABORN RD","NIEMAN BL","37.31241605","-121.8019099"
"681311","CR-0000090698","1","0","0","0","22-012-0076","False","False","90","1/12/2022 3:25:00 AM","No Pedestrians Involved","Dry","No Unusual Conditions","Dark - No Street Light","Violation Driver 1","Controls Functioning","Clear","Vehicle/Bike","Non-Related","Bike","Not Applicable","Not Applicable","North Of","BIKE","True","False","1341","ABORN RD","NIEMAN BL","37.31241605","-121.8019099"
"726847","CR-0000105388","0","0","0","0","24-194-4004","False","True","0","7/12/2024 6:20:00 PM","No Pedestrians Involved","Unknown","Unknown","Unknown","Unknown","Unknown","Unknown","Rear End","Intersection","Other Vehicle","Not Applicable","Not Applicable","At","","False","False","1341","ABORN RD","NIEMAN BL","37.31241605","-121.8019099"
"719727","CR-0000102899","0","0","0","0","24-023-4003","False","True","","1/11/2024 12:00:00 PM","No Pedestrians Involved","Unknown","Unknown","Unknown","Unknown","Unknown","Unknown","Rear End","Related","Parked Vehicle","Not Applicable","Not Applicable","Unknown","","False","False","1341","ABORN RD","NIEMAN BL","37.31241605","-121.8019099"
"722122","CR-0000103387","0","0","0","0","24-070-0529","False","False","0","3/10/2024 2:37:00 PM","No Pedestrians Involved","Dry","No Unusual Conditions","Daylight","Violation Driver 1","Controls Functioning","Clear","Sideswipe","Intersection","Motorcycle","Not Applicable","Not Applicable","At","","True","False","1341","ABORN RD","NIEMAN BL","37.31241605","-121.8019099"
"726817","CR-0000105358","0","0","0","0","24-191-9710","False","True","0","7/8/2024 4:30:00 PM","No Pedestrians Involved","Dry","Unknown","Daylight","Unknown","Unknown","Clear","Broadside","Intersection","Other Vehicle","Not Applicable","Not Applicable","At","","False","False","51259","DISCOVERY AV","INDIAN BROOM DR","37.26433901","-121.8058314"
"726654","CR-0000105189","1","0","1","0","24-181-0138","False","False","730","6/29/2024 2:50:00 AM","No Pedestrians Involved","Dry","No Unusual Conditions","Dark - Street Light","Violation Driver 1","Controls Functioning","Clear","Hit Object","Non-Related","Fixed Object","Not Applicable","Not Applicable","North Of","","True","False","128150","LUNDY PL","TAROB CT","37.4044418","-121.8903849"
"690551","CR-0000096673","0","0","0","0","23-002-0114","False","False","707","1/2/2023 3:22:00 AM","No Pedestrians Involved","Dry","No Unusual Conditions","Dark - Street Light","Violation Driver 1","No Controls Present/Factor","Clear","Hit Object","Non-Related","Fixed Object","Not Applicable","Not Applicable","North Of","","False","False","128150","LUNDY PL","TAROB CT","37.4044418","-121.8903849"
"685341","CR-0000094067","0","0","0","0","22-225-0687","False","False","350","8/13/2022 6:51:00 PM","No Pedestrians Involved","Dry","No Unusual Conditions","Daylight","Violation Driver 1","No Controls Present/Factor","Clear","Head On","Non-Related","Parked Vehicle","Not Applicable","Not Applicable","South Of","","True","False","80805","KRUSE DR","MONTAGUE EX","37.39500999","-121.9164706"
"685169","CR-0000093845","0","0","0","0","22-238-1093","False","False","0","8/26/2022 11:54:00 PM","No Pedestrians Involved","Dry","No Unusual Conditions","Dark - Street Light","Violation Driver 1","Controls Functioning","Clear","Rear End","Intersection","Other Vehicle","Not Applicable","Not Applicable","At","","False","False","92510","MONTAGUE EX","TRIMBLE RD","37.39348161","-121.919376"
"684960","CR-0000093629","0","0","0","0","22-201-9704","False","True","0","7/20/2022 10:05:00 AM","No Pedestrians Involved","Dry","Other","Daylight","Unknown","Controls Functioning","Clear","Sideswipe","Intersection","Other Vehicle","Not Applicable","Not Applicable","At","","False","False","92510","MONTAGUE EX","TRIMBLE RD","37.39348161","-121.919376"
"681306","CR-0000090692","3","0","0","0","22-011-0770","False","False","0","1/11/2022 6:29:00 PM","No Pedestrians Involved","Dry","No Unusual Conditions","Dark - Street Light","Violation Driver 1","Controls Functioning","Clear","Broadside","Intersection","Other Vehicle","Not Applicable","Not Applicable","At","","False","False","92510","MONTAGUE EX","TRIMBLE RD","37.39348161","-121.919376"
"682951","CR-0000092598","0","0","0","0","22-176-9704","False","True","0","6/24/2022 9:30:00 AM","No Pedestrians Involved","Dry","No Unusual Conditions","Dark - Street Light","Unknown","Controls Functioning","Clear","Rear End","Intersection","Other Vehicle","Not Applicable","Not Applicable","At","","False","False","92510","MONTAGUE EX","TRIMBLE RD","37.39348161","-121.919376"
"682540","CR-0000092107","0","0","1","0","22-125-0983","False","False","0","5/5/2022 9:39:00 PM","No Pedestrians Involved","Dry","No Unusual Conditions","Dark - Street Light","Violation Driver 1","Controls Functioning","Clear","Rear End","Intersection","Other Vehicle","Not Applicable","Not Applicable","At","","True","False","92510","MONTAGUE EX","TRIMBLE RD","37.39348161","-121.919376"
"690605","CR-0000096726","0","0","0","1","23-166-0968","True","False","148","6/15/2023 10:38:00 PM","No Pedestrians Involved","Dry","No Unusual Conditions","Dark - Street Light","Violation Driver 1","No Controls Present/Factor","Clear","Hit Object","Non-Related","Fixed Object","Not Applicable","Not Applicable","West Of","CURB","True","False","92510","MONTAGUE EX","TRIMBLE RD","37.39348161","-121.919376"
"694241","CR-0000098158","1","1","0","0","23-134-0098","False","False","0","5/14/2023 2:00:00 AM","No Pedestrians Involved","Dry","No Unusual Conditions","Dark - Street Light","Violation Driver 1","Controls Functioning","Clear","Broadside","Intersection","Other Vehicle","Not Applicable","Not Applicable","At","","False","False","92510","MONTAGUE EX","TRIMBLE RD","37.39348161","-121.919376"
"691084","CR-0000097257","2","0","0","0","23-049-0764","False","False","0","2/18/2023 7:55:00 PM","No Pedestrians Involved","Dry","No Unusual Conditions","Dark - Street Light","Violation Driver 1","Controls Functioning","Clear","Broadside","Intersection","Other Vehicle","Not Applicable","Not Applicable","At","","False","False","92510","MONTAGUE EX","TRIMBLE RD","37.39348161","-121.919376"
"696313","CR-0000099469","0","1","0","0","23-277-0145","False","False","0","10/4/2023 6:30:00 AM","Crossing In Crosswalk - At Intersection","Dry","No Unusual Conditions","Dusk - Dawn","Violation Driver 1","Controls Functioning","Clear","Vehicle/Pedestrian","Intersection","Pedestrian","North","South","At","PED","False","False","92510","MONTAGUE EX","TRIMBLE RD","37.39348161","-121.919376"
"699240","CR-0000100562","0","0","0","0","23-170-0798","True","False","0","6/19/2023 7:42:00 PM","No Pedestrians Involved","Dry","No Unusual Conditions","Daylight","Violation Driver 1","Controls Functioning","Clear","Hit Object","Intersection","Fixed Object","Not Applicable","Not Applicable","At","LIGHT POLE","True","False","92510","MONTAGUE EX","TRIMBLE RD","37.39348161","-121.919376"
"711547","CR-0000101330","0","0","0","0","23-342-0434","False","False","0","12/8/2023 12:02:00 PM","No Pedestrians Involved","Dry","No Unusual Conditions","Daylight","Unknown","Controls Functioning","Clear","Hit Object","Intersection","Fixed Object","Not Applicable","Not Applicable","At","CURB/TREE","False","False","92510","MONTAGUE EX","TRIMBLE RD","37.39348161","-121.919376"
"726490","CR-0000105023","0","0","0","0","24-184-4000","False","True","0","6/22/2024 1:47:00 PM","No Pedestrians Involved","Unknown","Unknown","Daylight","Unknown","Unknown","Unknown","Rear End","Intersection","Other Vehicle","Not Applicable","Not Applicable","At","","False","False","92510","MONTAGUE EX","TRIMBLE RD","37.39348161","-121.919376"
"724166","CR-0000104542","0","0","0","0","24-153-4000","False","True","51","5/31/2024 9:00:00 PM","No Pedestrians Involved","Unknown","Unknown","Unknown","Unknown","Unknown","Unknown","Sideswipe","Non-Related","Other Vehicle","Not Applicable","Not Applicable","West Of","","False","False","92510","MONTAGUE EX","TRIMBLE RD","37.39348161","-121.919376"
"724119","CR-0000104553","0","0","0","0","24-152-4009","False","True","51","5/31/2024 6:48:00 PM","No Pedestrians Involved","Unknown","Unknown","Unknown","Unknown","Unknown","Unknown","Sideswipe","Non-Related","Other Vehicle","Not Applicable","Not Applicable","South Of","","False","False","92510","MONTAGUE EX","TRIMBLE RD","37.39348161","-121.919376"
"719521","CR-0000102650","1","0","0","0","24-067-0212","False","False","0","3/7/2024 8:14:00 AM","No Pedestrians Involved","Dry","No Unusual Conditions","Daylight","Violation Driver 1","Controls Functioning","Clear","Broadside","Intersection","Other Vehicle","Not Applicable","Not Applicable","At","","False","False","92510","MONTAGUE EX","TRIMBLE RD","37.39348161","-121.919376"
"715943","CR-0000101745","0","0","0","0","23-001-4005","False","True","","1/1/2023 4:52:00 PM","No Pedestrians Involved","Unknown","Unknown","Unknown","Unknown","Unknown","Unknown","Sideswipe","Related","Other Vehicle","Not Applicable","Not Applicable","Unknown","","False","False","92510","MONTAGUE EX","TRIMBLE RD","37.39348161","-121.919376"
"723625","CR-0000104017","1","0","0","0","24-114-0349","False","False","32","4/23/2024 5:08:00 PM","No Pedestrians Involved","Dry","No Unusual Conditions","Daylight","Violation Driver 1","No Controls Present/Factor","Clear","Broadside","Related","Other Vehicle","Not Applicable","Not Applicable","North Of","","False","False","42503","COMPONENT DR","ZANKER RD","37.38587232","-121.9215985"
"725337","CR-0000104829","0","1","0","0","24-169-0423","False","False","0","6/17/2024 12:39:00 PM","No Pedestrians Involved","Dry","No Unusual Conditions","Daylight","Violation Driver 1","Controls Functioning","Clear","Broadside","Intersection","Other Vehicle","Not Applicable","Not Applicable","At","","False","False","25959","AIRPORT PW","MATRIX BL/US-101 SB","37.37178437","-121.9198238"
"719686","CR-0000102857","0","0","0","0","24-030-4000","False","True","0","1/16/2024 4:57:00 AM","No Pedestrians Involved","Unknown","Unknown","Unknown","Unknown","Unknown","Unknown","Broadside","Intersection","Other Vehicle","Not Applicable","Not Applicable","At","","False","False","25959","AIRPORT PW","MATRIX BL/US-101 SB","37.37178437","-121.9198238"
"699477","CR-0000100777","0","0","0","0","23-207-0703","False","False","0","7/26/2023 5:33:00 PM","No Pedestrians Involved","Dry","No Unusual Conditions","Daylight","Violation Driver 1","Controls Functioning","Clear","Rear End","Intersection","Other Vehicle","Not Applicable","Not Applicable","At","","True","False","25959","AIRPORT PW","MATRIX BL/US-101 SB","37.37178437","-121.9198238"
"711662","CR-0000101282","0","0","0","0","23-223-9712","False","False","0","3/11/2023 12:14:00 PM","No Pedestrians Involved","Dry","No Unusual Conditions","Daylight","Unknown","Controls Functioning","Clear","Broadside","Intersection","Other Vehicle","Not Applicable","Not Applicable","At","","False","True","25959","AIRPORT PW","MATRIX BL/US-101 SB","37.37178437","-121.9198238"
"695945","CR-0000099078","0","0","0","0","23-225-9703","False","True","0","8/12/2023 11:17:00 PM","No Pedestrians Involved","Dry","No Unusual Conditions","Dark - Street Light","Unknown","No Controls Present/Factor","Clear","Rear End","Intersection","Motor Vehicle On Other Roadway","Not Applicable","Not Applicable","At","","False","False","25959","AIRPORT PW","MATRIX BL/US-101 SB","37.37178437","-121.9198238"
"692561","CR-0000097852","2","0","0","0","23-096-0615","False","False","0","4/6/2023 3:22:00 PM","No Pedestrians Involved","Dry","No Unusual Conditions","Daylight","Violation Driver 1","Controls Functioning","Clear","Broadside","Intersection","Other Vehicle","Not Applicable","Not Applicable","At","","False","False","25959","AIRPORT PW","MATRIX BL/US-101 SB","37.37178437","-121.9198238"
"694556","CR-0000098550","2","0","0","0","23-199-0167","False","False","26","7/18/2023 7:08:00 AM","No Pedestrians Involved","Dry","No Unusual Conditions","Daylight","Violation Driver 1","Controls Functioning","Clear","Broadside","Related","Other Vehicle","Not Applicable","Not Applicable","West Of","","False","False","25959","AIRPORT PW","MATRIX BL/US-101 SB","37.37178437","-121.9198238"
"683326","CR-0000092912","0","0","0","0","22-126-4003","False","True","0","4/30/2022 11:00:00 AM","No Pedestrians Involved","Unknown","Unknown","Daylight","Unknown","Unknown","Unknown","Sideswipe","Intersection","Other Vehicle","Not Applicable","Not Applicable","At","","False","False","25959","AIRPORT PW","MATRIX BL/US-101 SB","37.37178437","-121.9198238"
"681644","CR-0000091041","0","1","0","0","22-073-0640","False","False","310","3/14/2022 4:39:00 PM","No Pedestrians Involved","Dry","No Unusual Conditions","Daylight","Violation Driver 1","No Controls Present/Factor","Clear","Sideswipe","Non-Related","Other Vehicle","Not Applicable","Not Applicable","West Of","","True","False","25959","AIRPORT PW","MATRIX BL/US-101 SB","37.37178437","-121.9198238"
"681951","CR-0000091460","1","1","0","0","22-085-0513","False","False","0","3/26/2022 4:11:00 PM","No Pedestrians Involved","Dry","No Unusual Conditions","Daylight","Violation Driver 1","Controls Functioning","Clear","Broadside","Intersection","Other Vehicle","Not Applicable","Not Applicable","At","","False","False","25959","AIRPORT PW","MATRIX BL/US-101 SB","37.37178437","-121.9198238"
"685035","CR-0000093672","2","0","0","0","22-237-0871","False","False","0","8/25/2022 7:51:00 PM","No Pedestrians Involved","Dry","No Unusual Conditions","Daylight","Violation Driver 1","Unknown","Unknown","Broadside","Intersection","Other Vehicle","Not Applicable","Not Applicable","At","","False","False","19898","BLOSSOM HILL RD","CALPINE DR","37.25149475","-121.8126988"
"716338","CR-0000102317","0","0","1","0","24-041-0771","False","False","0","2/10/2024 6:26:00 PM","No Pedestrians Involved","Dry","No Unusual Conditions","Dark - Street Light","Bike At Fault","No Controls Present/Factor","Clear","Vehicle/Bike","Intersection","Bike","Not Applicable","Not Applicable","At","BIKE","False","True","19898","BLOSSOM HILL RD","CALPINE DR","37.25149475","-121.8126988"
"723873","CR-0000104269","3","0","0","0","24-128-0803","True","False","55","5/7/2024 8:04:00 PM","No Pedestrians Involved","Dry","No Unusual Conditions","Dusk - Dawn","Violation Driver 1","No Controls Present/Factor","Cloudy","Hit Object","Non-Related","Fixed Object","Not Applicable","Not Applicable","South Of","TREE","False","False","19898","BLOSSOM HILL RD","CALPINE DR","37.25149475","-121.8126988"
"722328","CR-0000103622","3","0","0","0","24-091-0756","False","False","337","3/31/2024 10:31:00 PM","No Pedestrians Involved","Dry","No Unusual Conditions","Dark - Street Light","Violation Driver 1","No Controls Present/Factor","Clear","Overturned","Non-Related","Other Vehicle","Not Applicable","Not Applicable","East Of","","False","False","10450","AUTUMNVALE DR","TRADE ZONE BL","37.40292898","-121.8858406"
"687551","CR-0000094341","2","1","0","0","22-257-0933","False","False","0","9/14/2022 10:59:00 PM","No Pedestrians Involved","Dry","No Unusual Conditions","Dark - Street Light","Violation Driver 1","No Controls Present/Factor","Clear","Broadside","Intersection","Other Vehicle","Not Applicable","Not Applicable","At","","False","False","10450","AUTUMNVALE DR","TRADE ZONE BL","37.40292898","-121.8858406"