"CrashFactId","Name","MinorInjuries","ModerateInjuries","SevereInjuries","FatalInjuries","TcrNumber","CityDamageFlag","ShortFormFlag","Distance","CrashDateTime","PedestrianAction","RoadwaySurface","RoadwayCondition","Lighting","PrimaryCollisionFactor","TrafficControl","Weather","CollisionType","ProximityToIntersection","VehicleInvolvedWith","PedestrianDirectionFrom","PedestrianDirectionTo","DirectionFromIntersection","Comment","SpeedingFlag","HitAndRunFlag","IntersectionNumber","AStreetName","BStreetName","Latitude","Longitude"
"688992","CR-0000094852","0","0","0","0","22-263-4004","False","True","51","9/16/2022 2:35:00 PM","No Pedestrians Involved","Unknown","Unknown","Daylight","Unknown","Unknown","Unknown","Broadside","Non-Related","Other Vehicle","Not Applicable","Not Applicable","South Of","","False","False","19690","BLOSSOM AV","PALM SPRINGS CI","37.23974232","-121.8396755"
"681258","CR-0000090644","0","0","0","0","22-007-0383","False","False","0","1/7/2022 1:27:00 PM","No Pedestrians Involved","Dry","No Unusual Conditions","Daylight","Violation Driver 1","Controls Functioning","Cloudy","Broadside","Intersection","Other Vehicle","Not Applicable","Not Applicable","At","","False","False","126510","DE ANZA BL","WEST VALLEY FR","37.30172794","-122.0322466"
"682551","CR-0000092118","1","0","0","0","22-129-0374","False","False","0","5/9/2022 11:29:00 AM","No Pedestrians Involved","Dry","No Unusual Conditions","Daylight","Violation Driver 1","Unknown","Clear","Rear End","Intersection","Other Vehicle","Not Applicable","Not Applicable","At","","True","False","126510","DE ANZA BL","WEST VALLEY FR","37.30172794","-122.0322466"
"699286","CR-0000100611","0","0","0","0","23-162-9701","False","True","0","6/10/2023 9:36:00 PM","No Pedestrians Involved","Dry","No Unusual Conditions","Dark - Street Light","Unknown","Controls Functioning","Clear","Sideswipe","Intersection","Other Vehicle","Not Applicable","Not Applicable","At","","False","False","126510","DE ANZA BL","WEST VALLEY FR","37.30172794","-122.0322466"
"717444","CR-0000102468","1","0","0","0","24-083-0364","False","False","0","3/23/2024 11:49:00 AM","No Pedestrians Involved","Wet","No Unusual Conditions","Daylight","Violation Driver 1","Controls Functioning","Clear","Head On","Intersection","Other Vehicle","Not Applicable","Not Applicable","At","","False","False","126510","DE ANZA BL","WEST VALLEY FR","37.30172794","-122.0322466"
"725454","CR-0000104950","0","0","0","0","24-140-4006","False","True","","5/19/2024 1:00:00 PM","No Pedestrians Involved","Unknown","Unknown","Daylight","Unknown","Unknown","Unknown","Rear End","Related","Other Vehicle","Not Applicable","Not Applicable","South Of","","False","False","126510","DE ANZA BL","WEST VALLEY FR","37.30172794","-122.0322466"
"689091","CR-0000094946","1","0","0","0","22-292-0195","False","False","0","10/19/2022 8:38:00 AM","Crossing - Not In Crosswalk","Dry","No Unusual Conditions","Daylight","Violation Driver 1","No Controls Present/Factor","Clear","Vehicle/Pedestrian","Intersection","Pedestrian","South","North","At","PEDESTRIAN","True","False","105225","RUBY AV","SIMBERLAN DR","37.32667863","-121.7821827"
"683504","CR-0000093101","0","1","0","0","22-195-0774","False","False","45","7/14/2022 7:05:00 PM","Crossing - Not In Crosswalk","Dry","No Unusual Conditions","Daylight","Violation Driver 1","No Controls Present/Factor","Clear","Vehicle/Pedestrian","Related","Pedestrian","North","South","West Of","PEDESTRIAN","False","False","105225","RUBY AV","SIMBERLAN DR","37.32667863","-121.7821827"
"694081","CR-0000098147","0","1","0","0","23-113-0342","False","False","0","5/11/2023 11:14:00 AM","Crossing In Crosswalk - At Intersection","Dry","No Unusual Conditions","Daylight","Pedestrian At Fault","Controls Functioning","Clear","Vehicle/Pedestrian","Intersection","Pedestrian","West","East","At","PED","False","False","42063","COLT WY","SILVER CREEK RD","37.30305549","-121.8071788"
"692483","CR-0000097771","1","0","0","0","23-074-0679","False","False","90","3/15/2023 4:10:00 PM","In Road - Includes Shoulder","Dry","No Unusual Conditions","Daylight","Pedestrian At Fault","Controls Functioning","Clear","Vehicle/Pedestrian","Non-Related","Scooter Non-Motorized","North","South","South Of","PED (SCOOTER)","False","False","42063","COLT WY","SILVER CREEK RD","37.30305549","-121.8071788"
"682364","CR-0000091927","1","1","0","0","22-103-0407","False","False","90","4/13/2022 1:44:00 PM","No Pedestrians Involved","Dry","No Unusual Conditions","Daylight","Violation Driver 1","No Controls Present/Factor","Clear","Hit Object","Non-Related","Other Object","Not Applicable","Not Applicable","South Of","PG&E POLE","False","False","114432","SILVER CREEK RD","VIA ALEGRIA CT","37.30256006","-121.8065776"
"681219","CR-0000090604","0","0","0","0","22-004-0427","False","False","52","1/4/2022 12:24:00 PM","No Pedestrians Involved","Dry","No Unusual Conditions","Daylight","Violation Driver 1","No Controls Present/Factor","Cloudy","Rear End","Non-Related","Other Vehicle","Not Applicable","Not Applicable","West Of","","False","False","133275","CHISIN ST","YERBA BUENA RD","37.29714596","-121.7934084"
"690158","CR-0000096247","0","0","0","0","22-165-0559","False","False","0","6/14/2022 3:32:00 PM","No Pedestrians Involved","Dry","Unknown","Daylight","Violation Driver 1","No Controls Present/Factor","Clear","Head On","Intersection","Fixed Object","Not Applicable","Not Applicable","At","Hit brick wall of private property","False","False","133275","CHISIN ST","YERBA BUENA RD","37.29714596","-121.7934084"
"716311","CR-0000102287","0","1","0","0","24-041-0569","True","False","0","2/10/2024 3:00:00 PM","No Pedestrians Involved","Dry","No Unusual Conditions","Daylight","Violation Driver 1","Controls Functioning","Clear","Hit Object","Intersection","Fixed Object","Not Applicable","Not Applicable","At","LIGHTPOLE","True","False","13397","BARONET CT","YERBA BUENA RD","37.29761793","-121.7947213"
"726742","CR-0000105281","0","0","0","0","24-186-0898","True","False","98","7/4/2024 10:37:00 PM","No Pedestrians Involved","Dry","No Unusual Conditions","Dark - Street Light","Violation Driver 1","No Controls Present/Factor","Clear","Hit Object","Non-Related","Fixed Object","Not Applicable","Not Applicable","East Of","LIGHT POLE","False","True","144141","HILLSDALE AV","VITTORIA PL","37.28020774","-121.8533084"
"683269","CR-0000092869","0","0","0","0","22-154-4007","False","True","51","6/3/2022 9:00:00 AM","No Pedestrians Involved","Unknown","Unknown","Daylight","Unknown","Unknown","Unknown","Sideswipe","Non-Related","Other Vehicle","Not Applicable","Not Applicable","North Of","","False","True","102343","QUEENS LN","ROGERS AV","37.3697192","-121.9039178"
"683329","CR-0000092916","0","0","0","0","22-154-4004","False","True","51","6/3/2022 3:20:00 PM","No Pedestrians Involved","Unknown","Unknown","Daylight","Unknown","Unknown","Unknown","Sideswipe","Non-Related","Parked Vehicle","Not Applicable","Not Applicable","North Of","","False","False","102343","QUEENS LN","ROGERS AV","37.3697192","-121.9039178"
"684719","CR-0000093489","0","0","0","0","22-187-9705","False","True","0","7/4/2022 10:00:00 AM","No Pedestrians Involved","Dry","No Unusual Conditions","Daylight","Unknown","No Controls Present/Factor","Clear","Broadside","Intersection","Other Vehicle","Not Applicable","Not Applicable","At","","False","False","102343","QUEENS LN","ROGERS AV","37.3697192","-121.9039178"
"683268","CR-0000092844","1","3","0","0","22-198-0002","False","False","37","7/17/2022 12:01:00 AM","No Pedestrians Involved","Dry","No Unusual Conditions","Dark - Street Light","Violation Driver 1","Controls Functioning","Clear","Broadside","Related","Other Vehicle","Not Applicable","Not Applicable","West Of","","False","False","25850","BROKAW RD","NIMITZ FR/O'TOOLE AV","37.38220156","-121.9053676"
"681269","CR-0000090655","3","0","0","0","22-007-0801","False","False","0","1/7/2022 9:16:00 PM","No Pedestrians Involved","Dry","No Unusual Conditions","Dark - Street Light","Violation Driver 1","Controls Functioning","Unknown","Broadside","Intersection","Other Vehicle","Not Applicable","Not Applicable","At","","False","False","25850","BROKAW RD","NIMITZ FR/O'TOOLE AV","37.38220156","-121.9053676"
"681389","CR-0000090778","2","0","0","0","22-019-0561","False","False","420","1/19/2022 2:58:00 PM","No Pedestrians Involved","Dry","No Unusual Conditions","Daylight","Violation Driver 1","No Controls Present/Factor","Clear","Sideswipe","Non-Related","Other Vehicle","Not Applicable","Not Applicable","West Of","","False","False","25850","BROKAW RD","NIMITZ FR/O'TOOLE AV","37.38220156","-121.9053676"
"682025","CR-0000091536","1","0","0","0","22-073-0295","False","False","0","3/14/2022 10:43:00 AM","No Pedestrians Involved","Dry","No Unusual Conditions","Daylight","Violation Driver 1","Controls Functioning","Clear","Broadside","Intersection","Other Vehicle","Not Applicable","Not Applicable","At","","False","False","25850","BROKAW RD","NIMITZ FR/O'TOOLE AV","37.38220156","-121.9053676"
"681928","CR-0000091423","3","0","0","0","22-049-0998","False","False","0","2/18/2022 10:04:00 PM","No Pedestrians Involved","Dry","No Unusual Conditions","Dark - Street Light","Violation Driver 1","Controls Functioning","Clear","Head On","Intersection","Other Vehicle","Not Applicable","Not Applicable","South Of","","False","False","25850","BROKAW RD","NIMITZ FR/O'TOOLE AV","37.38220156","-121.9053676"
"689971","CR-0000096011","1","0","0","0","22-219-0844","False","False","0","8/7/2022 8:48:00 PM","No Pedestrians Involved","Dry","No Unusual Conditions","Daylight","Unknown","Controls Functioning","Clear","Broadside","Intersection","Other Vehicle","Not Applicable","Not Applicable","At","","False","False","25850","BROKAW RD","NIMITZ FR/O'TOOLE AV","37.38220156","-121.9053676"
"690604","CR-0000096725","1","0","0","0","23-026-0637","False","False","345","1/26/2023 4:56:00 PM","No Pedestrians Involved","Dry","No Unusual Conditions","Daylight","Violation Driver 1","No Controls Present/Factor","Clear","Vehicle/Bike","Non-Related","Bike","Not Applicable","Not Applicable","West Of","BIKE","False","False","25850","BROKAW RD","NIMITZ FR/O'TOOLE AV","37.38220156","-121.9053676"
"690493","CR-0000096609","0","0","0","0","22-298-9701","False","True","51","10/24/2022 11:10:00 AM","No Pedestrians Involved","Dry","No Unusual Conditions","Daylight","Unknown","No Controls Present/Factor","Clear","Sideswipe","Non-Related","Other Vehicle","Not Applicable","Not Applicable","East Of","","False","True","25850","BROKAW RD","NIMITZ FR/O'TOOLE AV","37.38220156","-121.9053676"
"690510","CR-0000096597","0","0","0","0","22-146-9702","False","True","51","3/19/2022 8:30:00 PM","No Pedestrians Involved","Dry","No Unusual Conditions","Dark - Street Light","Unknown","Controls Functioning","Clear","Other","Non-Related","Other Vehicle","Not Applicable","Not Applicable","East Of","","False","True","25850","BROKAW RD","NIMITZ FR/O'TOOLE AV","37.38220156","-121.9053676"
"690865","CR-0000097007","2","1","0","0","23-013-0910","False","False","0","1/13/2023 11:19:00 PM","No Pedestrians Involved","Dry","No Unusual Conditions","Dark - Street Light","Violation Driver 1","Controls Functioning","Clear","Head On","Intersection","Other Vehicle","Not Applicable","Not Applicable","At","","False","False","25850","BROKAW RD","NIMITZ FR/O'TOOLE AV","37.38220156","-121.9053676"
"699401","CR-0000100729","0","0","1","0","23-329-0082","False","False","0","11/24/2023 7:37:00 PM","No Pedestrians Involved","Dry","No Unusual Conditions","Dark - Street Light","Violation Driver 1","Controls Functioning","Clear","Broadside","Intersection","Motorcycle","Not Applicable","Not Applicable","West Of","","False","False","25850","BROKAW RD","NIMITZ FR/O'TOOLE AV","37.38220156","-121.9053676"
"711829","CR-0000100919","0","0","0","0","23-188-9714","False","True","0","7/7/2023 5:20:00 AM","No Pedestrians Involved","Dry","No Unusual Conditions","Dusk - Dawn","Unknown","Controls Functioning","Clear","Sideswipe","Intersection","Other Vehicle","Not Applicable","Not Applicable","At","","False","False","25850","BROKAW RD","NIMITZ FR/O'TOOLE AV","37.38220156","-121.9053676"
"698666","CR-0000099892","0","1","0","0","23-226-0068","True","False","426","8/14/2023 1:52:00 AM","No Pedestrians Involved","Dry","No Unusual Conditions","Dark - Street Light","Violation Driver 1","No Controls Present/Factor","Clear","Hit Object","Non-Related","Fixed Object","Not Applicable","Not Applicable","West Of","TREE","False","False","25850","BROKAW RD","NIMITZ FR/O'TOOLE AV","37.38220156","-121.9053676"
"725401","CR-0000104897","0","0","0","0","24-138-0259","False","False","273","5/17/2024 9:30:00 AM","No Pedestrians Involved","Dry","Obstruction On Roadway","Daylight","Other Than Driver","No Controls Present/Factor","Clear","Hit Object","Non-Related","Fixed Object","Not Applicable","Not Applicable","East Of","Manhole cover loose causing obstruction on roadway","False","False","25850","BROKAW RD","NIMITZ FR/O'TOOLE AV","37.38220156","-121.9053676"
"723705","CR-0000104098","1","0","0","0","24-121-0175","False","False","0","4/30/2024 7:03:00 AM","No Pedestrians Involved","Dry","No Unusual Conditions","Daylight","Unknown","Controls Not Functioning","Clear","Broadside","Intersection","Other Vehicle","Not Applicable","Not Applicable","At","","False","False","25850","BROKAW RD","NIMITZ FR/O'TOOLE AV","37.38220156","-121.9053676"
"723857","CR-0000104253","1","0","0","0","24-128-0514","False","False","389","5/7/2024 2:34:00 PM","No Pedestrians Involved","Dry","No Unusual Conditions","Daylight","Violation Driver 1","No Controls Present/Factor","Clear","Broadside","Non-Related","Other Vehicle","Not Applicable","Not Applicable","West Of","","False","False","25850","BROKAW RD","NIMITZ FR/O'TOOLE AV","37.38220156","-121.9053676"
"715954","CR-0000101877","0","0","0","0","24-036-9708","False","True","0","12/5/2023 12:05:00 PM","No Pedestrians Involved","Dry","No Unusual Conditions","Dark - Street Light","Unknown","Unknown","Clear","Head On","Intersection","Other Vehicle","Not Applicable","Not Applicable","At","","False","False","25850","BROKAW RD","NIMITZ FR/O'TOOLE AV","37.38220156","-121.9053676"
"719493","CR-0000102613","2","0","0","0","24-068-1032","False","False","0","3/8/2024 11:45:00 PM","No Pedestrians Involved","Dry","No Unusual Conditions","Dark - Street Light","Violation Driver 1","Controls Functioning","Clear","Head On","Intersection","Other Vehicle","Not Applicable","Not Applicable","At","","False","False","25850","BROKAW RD","NIMITZ FR/O'TOOLE AV","37.38220156","-121.9053676"
"719564","CR-0000102711","1","1","0","0","24-064-0656","False","False","0","3/4/2024 4:44:00 PM","No Pedestrians Involved","Dry","No Unusual Conditions","Daylight","Violation Driver 1","Controls Functioning","Clear","Head On","Intersection","Other Vehicle","Not Applicable","Not Applicable","At","","False","False","25850","BROKAW RD","NIMITZ FR/O'TOOLE AV","37.38220156","-121.9053676"
"719775","CR-0000102948","0","0","0","0","24-024-9704","False","True","51","1/23/2024 8:47:00 PM","No Pedestrians Involved","Wet","No Unusual Conditions","Dark - Street Light","Unknown","Controls Functioning","Rain","Sideswipe","Non-Related","Other Vehicle","Not Applicable","Not Applicable","West Of","","False","False","25850","BROKAW RD","NIMITZ FR/O'TOOLE AV","37.38220156","-121.9053676"
"719842","CR-0000103015","0","0","0","0","24-040-9704","False","True","","2/8/2024 2:30:00 PM","No Pedestrians Involved","Dry","No Unusual Conditions","Daylight","Unknown","Controls Functioning","Clear","Sideswipe","Non-Related","Other Vehicle","Not Applicable","Not Applicable","West Of","","False","False","95798","BROKAW RD","NIMITZ FR","37.38201026","-121.9035316"
"722027","CR-0000103281","0","0","0","0","24-058-4002","False","True","51","2/27/2024 3:15:00 PM","No Pedestrians Involved","Unknown","Unknown","Unknown","Unknown","Unknown","Unknown","Rear End","Non-Related","Other Vehicle","Not Applicable","Not Applicable","West Of","","False","False","95798","BROKAW RD","NIMITZ FR","37.38201026","-121.9035316"
"717434","CR-0000102458","0","1","0","0","24-084-0259","False","False","0","3/24/2024 9:22:00 AM","No Pedestrians Involved","Unknown","No Unusual Conditions","Daylight","Bike At Fault","Controls Functioning","Rain","Vehicle/Bike","Intersection","Bike","Not Applicable","Not Applicable","At","BIKE","False","False","95798","BROKAW RD","NIMITZ FR","37.38201026","-121.9035316"
"717466","CR-0000102490","0","1","0","0","24-081-0135","False","False","0","3/21/2024 6:26:00 AM","No Pedestrians Involved","Dry","No Unusual Conditions","Dark - Street Light","Violation Driver 1","Controls Functioning","Clear","Vehicle/Bike","Intersection","Bike","Not Applicable","Not Applicable","At","BIKE","False","False","95798","BROKAW RD","NIMITZ FR","37.38201026","-121.9035316"
"722604","CR-0000103935","0","0","0","0","24-112-4011","False","True","51","4/19/2024 11:45:00 AM","No Pedestrians Involved","Unknown","Unknown","Unknown","Unknown","Unknown","Unknown","Rear End","Non-Related","Other Vehicle","Not Applicable","Not Applicable","Unknown","","False","False","95798","BROKAW RD","NIMITZ FR","37.38201026","-121.9035316"
"691363","CR-0000097612","0","0","0","0","23-060-0356","False","False","0","3/1/2023 11:32:00 AM","No Pedestrians Involved","Dry","No Unusual Conditions","Daylight","Violation Driver 1","Controls Functioning","Clear","Broadside","Intersection","Other Vehicle","Not Applicable","Not Applicable","At","","False","True","95798","BROKAW RD","NIMITZ FR","37.38201026","-121.9035316"
"684810","CR-0000093405","0","0","0","0","22-192-4000","False","True","51","7/8/2022 6:52:00 PM","No Pedestrians Involved","Unknown","Unknown","Dusk - Dawn","Unknown","Unknown","Unknown","Rear End","Non-Related","Other Vehicle","Not Applicable","Not Applicable","East Of","","False","False","95798","BROKAW RD","NIMITZ FR","37.38201026","-121.9035316"
"724112","CR-0000104503","0","0","0","0","24-150-0123","True","False","235","5/29/2024 5:55:00 AM","No Pedestrians Involved","Dry","No Unusual Conditions","Daylight","Violation Driver 1","No Controls Present/Factor","Clear","Hit Object","Non-Related","Fixed Object","Not Applicable","Not Applicable","North Of","LIGHT POLE, PED CROSSWALK","True","False","117270","FOX DR","RIDDER PARK DR","37.38427686","-121.9013869"
"691196","CR-0000097399","0","0","0","0","23-001-4007","False","True","51","9/19/2022 12:35:00 PM","No Pedestrians Involved","Unknown","Unknown","Unknown","Unknown","Unknown","Unknown","Rear End","Non-Related","Parked Vehicle","Not Applicable","Not Applicable","Unknown","","False","False","115268","FOX LN","RIDDER PARK DR","37.38795299","-121.9013056"
"699313","CR-0000100639","1","0","0","0","23-312-0379","False","False","0","11/8/2023 12:09:00 PM","No Pedestrians Involved","Dry","No Unusual Conditions","Daylight","Violation Driver 1","No Controls Present/Factor","Clear","Broadside","Intersection","Other Vehicle","Not Applicable","Not Applicable","At","","False","False","36794","CHARCOT AV","PARAGON DR","37.38613778","-121.9081076"
"691004","CR-0000097175","0","1","0","0","23-039-0478","True","False","30","2/8/2023 1:36:00 PM","No Pedestrians Involved","Dry","No Unusual Conditions","Daylight","Violation Driver 1","No Controls Present/Factor","Clear","Hit Object","Related","Fixed Object","Not Applicable","Not Applicable","East Of","Tree, curb","True","False","111748","THAINWOOD WY","YERBA BUENA RD","37.29795409","-121.7977953"
"722380","CR-0000103674","0","0","0","0","24-096-0109","False","False","120","4/5/2024 5:56:00 AM","No Pedestrians Involved","Dry","No Unusual Conditions","Daylight","Unknown","No Controls Present/Factor","Clear","Rear End","Non-Related","Parked Vehicle","Not Applicable","Not Applicable","North Of","","False","True","114113","CALLE ARTIS","DEL FRANCO ST","37.39694272","-121.9010509"
"722447","CR-0000103744","0","0","0","0","24-101-0113","True","False","17","4/10/2024 4:52:00 AM","No Pedestrians Involved","Dry","No Unusual Conditions","Dark - Street Light","Violation Driver 1","No Controls Present/Factor","Clear","Hit Object","Related","Fixed Object","Not Applicable","Not Applicable","South Of","TREE","False","False","76130","JACKSON AV","PORT WY","37.37891225","-121.8637251"
"698649","CR-0000099874","0","0","1","0","23-229-0586","False","False","135","8/17/2023 4:18:00 PM","No Pedestrians Involved","Dry","No Unusual Conditions","Daylight","Violation Driver 1","No Controls Present/Factor","Clear","Overturned","Non-Related","Parked Vehicle","Not Applicable","Not Applicable","East Of","","True","False","26630","BUCKNALL RD","ELMGROVE LN/VILLANOVA RD","37.28331945","-121.9901839"
"727002","CR-0000105541","0","0","0","0","24-204-9701","False","True","51","7/21/2024 3:55:00 PM","No Pedestrians Involved","Dry","Construction - Repair Zone","Daylight","Unknown","No Controls Present/Factor","Clear","Other","Non-Related","Animal","Not Applicable","Not Applicable","West Of","DOG hit by a vehicle
SAME INCIDENT AS REPORT 24-204-9701","False","False","9052","ARLEEN WY","BUCKNALL RD","37.2832711","-121.9924815"
"726850","CR-0000105391","0","0","0","0","24-193-4008","False","True","0","7/11/2024 5:37:00 PM","No Pedestrians Involved","Unknown","Unknown","Unknown","Unknown","Unknown","Unknown","Rear End","Intersection","Other Vehicle","Not Applicable","Not Applicable","At","","False","False","45957","CROPLEY AV","MORRILL AV","37.40912402","-121.8702665"
"696464","CR-0000099641","2","1","0","0","23-321-0132","False","False","0","11/17/2023 6:02:00 AM","No Pedestrians Involved","Dry","No Unusual Conditions","Dark - Street Light","Violation Driver 1","No Controls Present/Factor","Clear","Broadside","Intersection","Other Vehicle","Not Applicable","Not Applicable","At","","False","False","45957","CROPLEY AV","MORRILL AV","37.40912402","-121.8702665"
"690910","CR-0000097073","1","0","0","0","23-058-0883","False","False","0","2/24/2023 10:52:00 PM","No Pedestrians Involved","Wet","No Unusual Conditions","Dark - Street Light","Unknown","Controls Functioning","Rain","Broadside","Intersection","Other Vehicle","Not Applicable","Not Applicable","At","","False","False","45957","CROPLEY AV","MORRILL AV","37.40912402","-121.8702665"
"694266","CR-0000098001","1","0","0","0","23-104-0176","False","False","0","4/14/2023 6:50:00 AM","No Pedestrians Involved","Dry","No Unusual Conditions","Daylight","Violation Driver 1","Controls Functioning","Clear","Broadside","Intersection","Other Vehicle","Not Applicable","Not Applicable","At","","True","False","45957","CROPLEY AV","MORRILL AV","37.40912402","-121.8702665"
"692449","CR-0000097734","0","0","0","0","23-083-4005","False","True","0","3/21/2023 8:35:00 PM","No Pedestrians Involved","Unknown","Unknown","Unknown","Unknown","Unknown","Unknown","Sideswipe","Intersection","Other Vehicle","Not Applicable","Not Applicable","At","","False","False","139325","AVENIDA BENITO","RINGWOOD AV","37.3880588","-121.8933901"
"699421","CR-0000100753","0","0","0","0","23-193-0294","False","False","120","7/12/2023 10:36:00 AM","No Pedestrians Involved","Dry","No Unusual Conditions","Daylight","Violation Driver 1","No Controls Present/Factor","Clear","Rear End","Non-Related","Parked Vehicle","Not Applicable","Not Applicable","North Of","","False","False","98141","PACIFIC AV","WABASH ST","37.4307483","-121.968055"
"711749","CR-0000100839","0","0","0","0","23-202-0780","False","False","1226","7/21/2023 5:57:00 PM","No Pedestrians Involved","Dry","Obstruction On Roadway","Daylight","Violation Driver 1","No Controls Present/Factor","Clear","Hit Object","Non-Related","Fixed Object","Not Applicable","Not Applicable","North Of","","False","False","110110","SPRECKLES AV","STATE ST","37.43280063","-121.9667052"
"699191","CR-0000100511","0","0","0","0","23-162-0038","False","False","0","6/11/2023 12:34:00 AM","No Pedestrians Involved","Dry","No Unusual Conditions","Dark - Street Light","Violation Driver 1","No Controls Present/Factor","Clear","Sideswipe","Intersection","Other Vehicle","Not Applicable","Not Applicable","At","","True","True","110110","SPRECKLES AV","STATE ST","37.43280063","-121.9667052"
"682273","CR-0000091813","0","0","0","0","22-101-0115","True","False","0","4/11/2022 3:54:00 AM","No Pedestrians Involved","Dry","No Unusual Conditions","Dark - Street Light","Violation Driver 1","No Controls Present/Factor","Clear","Hit Object","Intersection","Fixed Object","Not Applicable","Not Applicable","At","GUARD RAIL, FENCE","True","True","110110","SPRECKLES AV","STATE ST","37.43280063","-121.9667052"
"681349","CR-0000090723","0","0","0","0","22-013-4003","False","True","0","1/13/2022 10:05:00 AM","No Pedestrians Involved","Unknown","Unknown","Daylight","Unknown","Unknown","Unknown","Sideswipe","Intersection","Other Vehicle","Not Applicable","Not Applicable","At","","False","False","46023","CROPLEY AV","VIA CINCO DE MAYO","37.40460294","-121.8794999"
"689449","CR-0000095424","1","0","0","0","22-323-0485","False","False","0","11/19/2022 2:31:00 PM","No Pedestrians Involved","Dry","No Unusual Conditions","Daylight","Bike At Fault","No Controls Present/Factor","Clear","Vehicle/Bike","Intersection","Bike","Not Applicable","Not Applicable","West Of","BIKE","False","False","81806","LANTZ AV","UNION AV","37.2719466","-121.9326565"
"725447","CR-0000104943","1","0","0","0","24-140-0795","False","False","156","5/19/2024 9:22:00 PM","No Pedestrians Involved","Dry","No Unusual Conditions","Dark - Street Light","Violation Driver 1","Controls Functioning","Clear","Rear End","Non-Related","Parked Vehicle","Not Applicable","Not Applicable","South Of","","False","False","81806","LANTZ AV","UNION AV","37.2719466","-121.9326565"
"723872","CR-0000104268","1","0","0","0","24-128-0744","False","False","62","5/7/2024 6:40:00 PM","No Pedestrians Involved","Dry","No Unusual Conditions","Daylight","Violation Driver 1","Controls Functioning","Clear","Broadside","Non-Related","Other Vehicle","Not Applicable","Not Applicable","North Of","","False","False","81806","LANTZ AV","UNION AV","37.2719466","-121.9326565"
"721976","CR-0000103230","0","0","0","0","24-050-0734","False","False","118","2/19/2024 7:12:00 PM","No Pedestrians Involved","Wet","No Unusual Conditions","Dark - Street Light","Violation Driver 1","No Controls Present/Factor","Rain","Rear End","Non-Related","Other Vehicle","Not Applicable","Not Applicable","North Of","","True","False","9965","ASSUNTA WY","UNION AV","37.27021665","-121.9319079"
"684776","CR-0000093443","0","0","0","0","22-186-4001","False","True","0","7/5/2022 12:30:00 PM","No Pedestrians Involved","Unknown","Unknown","Daylight","Unknown","Unknown","Unknown","Broadside","Intersection","Other Vehicle","Not Applicable","Not Applicable","At","","False","False","9965","ASSUNTA WY","UNION AV","37.27021665","-121.9319079"
"683048","CR-0000092608","0","0","0","0","22-163-0173","False","False","285","6/12/2022 3:26:00 AM","No Pedestrians Involved","Dry","No Unusual Conditions","Dark - Street Light","Violation Driver 1","Unknown","Clear","Rear End","Non-Related","Parked Vehicle","Not Applicable","Not Applicable","North Of","","False","True","9965","ASSUNTA WY","UNION AV","37.27021665","-121.9319079"
"694157","CR-0000098125","1","0","0","0","23-127-0033","False","False","300","5/7/2023 12:34:00 AM","No Pedestrians Involved","Dry","No Unusual Conditions","Dark - Street Light","Violation Driver 1","No Controls Present/Factor","Clear","Rear End","Non-Related","Parked Vehicle","Not Applicable","Not Applicable","North Of","","True","False","9965","ASSUNTA WY","UNION AV","37.27021665","-121.9319079"
"689435","CR-0000095409","0","0","0","0","22-308-0090","False","False","0","11/4/2022 4:13:00 AM","No Pedestrians Involved","Dry","No Unusual Conditions","Dark - Street Light","Violation Driver 1","Controls Functioning","Clear","Rear End","Intersection","Parked Vehicle","Not Applicable","Not Applicable","At","","False","False","31415","CANDIA DR","ZACHARY WY","37.31406666","-121.8317364"
"711796","CR-0000101162","0","0","0","0","23-328-4000","False","True","51","11/23/2023 11:00:00 PM","No Pedestrians Involved","Unknown","Unknown","Unknown","Unknown","Unknown","Unknown","Other","Non-Related","Parked Vehicle","Not Applicable","Not Applicable","West Of","","False","False","143864","POTTS WY","SINGLETON RD","37.2886599","-121.8349773"
"683288","CR-0000092859","2","0","0","0","22-206-9705","False","True","0","7/23/2022 5:30:00 PM","No Pedestrians Involved","Dry","No Unusual Conditions","Daylight","Unknown","Controls Functioning","Clear","Broadside","Intersection","Other Vehicle","Not Applicable","Not Applicable","At","","False","False","45902","CROPLEY AV","LAKEWOOD DR","37.40404578","-121.8806445"
"681571","CR-0000090968","0","0","0","0","22-042-0708","False","False","141","2/11/2022 5:28:00 PM","No Pedestrians Involved","Dry","No Unusual Conditions","Daylight","Violation Driver 1","No Controls Present/Factor","Clear","Other","Non-Related","Other Vehicle","Not Applicable","Not Applicable","East Of","","False","False","45902","CROPLEY AV","LAKEWOOD DR","37.40404578","-121.8806445"
"681972","CR-0000091478","1","0","0","0","22-082-0208","False","False","59","3/23/2022 8:21:00 AM","No Pedestrians Involved","Dry","No Unusual Conditions","Daylight","Violation Driver 1","No Controls Present/Factor","Clear","Broadside","Non-Related","Other Vehicle","Not Applicable","Not Applicable","North Of","","False","False","45902","CROPLEY AV","LAKEWOOD DR","37.40404578","-121.8806445"
"696229","CR-0000099374","0","0","0","0","23-110-4002","False","True","51","4/18/2023 10:00:00 PM","No Pedestrians Involved","Unknown","Unknown","Unknown","Unknown","Unknown","Unknown","Broadside","Non-Related","Other Vehicle","Not Applicable","Not Applicable","East Of","","False","False","40435","CLIFF DR","RANCH PL","37.40812129","-121.8455672"
"723869","CR-0000104265","0","0","1","0","24-141-0800","False","False","0","5/20/2024 7:00:00 PM","No Pedestrians Involved","Dry","No Unusual Conditions","Daylight","Violation Driver 1","No Controls Present/Factor","Clear","Rear End","Intersection","Other Vehicle","Not Applicable","Not Applicable","At","ATV","True","False","97294","OLD PIEDMONT RD","QUEEN VICTORIA WY","37.41283951","-121.8512759"