"CrashFactId","Name","MinorInjuries","ModerateInjuries","SevereInjuries","FatalInjuries","TcrNumber","CityDamageFlag","ShortFormFlag","Distance","CrashDateTime","PedestrianAction","RoadwaySurface","RoadwayCondition","Lighting","PrimaryCollisionFactor","TrafficControl","Weather","CollisionType","ProximityToIntersection","VehicleInvolvedWith","PedestrianDirectionFrom","PedestrianDirectionTo","DirectionFromIntersection","Comment","SpeedingFlag","HitAndRunFlag","IntersectionNumber","AStreetName","BStreetName","Latitude","Longitude"
"685165","CR-0000093841","0","0","0","0","22-238-0535","False","False","263","8/26/2022 3:09:00 PM","No Pedestrians Involved","Dry","Loose Material On Roadway","Daylight","Violation Driver 1","Controls Functioning","Clear","Rear End","Non-Related","Other Vehicle","Not Applicable","Not Applicable","West Of","","False","True","103553","REMILLARD CT","STORY RD","37.32785066","-121.8609079"
"684820","CR-0000093492","0","0","0","0","22-188-0614","False","False","0","7/7/2022 2:00:00 PM","No Pedestrians Involved","Dry","No Unusual Conditions","Daylight","Violation Driver 1","No Controls Present/Factor","Clear","Sideswipe","Intersection","Parked Vehicle","Not Applicable","Not Applicable","At","","False","True","54625","EDWARDS AV","PALM ST","37.31836857","-121.885862"
"689177","CR-0000095034","0","0","0","0","22-319-0011","False","False","70","11/15/2022 12:04:00 AM","No Pedestrians Involved","Dry","No Unusual Conditions","Dark - Street Light","Violation Driver 1","No Controls Present/Factor","Clear","Head On","Non-Related","Other Vehicle","Not Applicable","Not Applicable","North Of","","False","True","54625","EDWARDS AV","PALM ST","37.31836857","-121.885862"
"711862","CR-0000101037","0","0","0","0","23-267-0761","False","False","83","9/24/2023 9:23:00 PM","No Pedestrians Involved","Dry","No Unusual Conditions","Dark - Street Light","Violation Driver 1","Unknown","Clear","Rear End","Non-Related","Parked Vehicle","Not Applicable","Not Applicable","South Of","","False","False","54592","EDWARDS AV","HARLISS AV","37.31794204","-121.8868883"
"683490","CR-0000093089","0","0","0","0","22-185-0924","False","False","230","7/4/2022 9:02:00 PM","No Pedestrians Involved","Dry","No Unusual Conditions","Dark - Street Light","Violation Driver 1","No Controls Present/Factor","Clear","Rear End","Non-Related","Parked Vehicle","Not Applicable","Not Applicable","North Of","","False","True","84688","LOCUST ST","VIRGINIA ST","37.32115634","-121.8866154"
"694744","CR-0000098752","0","1","0","0","23-229-0553","False","False","351","8/17/2023 3:38:00 PM","Approaching/Leaving School Bus","Dry","No Unusual Conditions","Daylight","Pedestrian At Fault","No Controls Present/Factor","Clear","Vehicle/Pedestrian","Non-Related","Pedestrian","West","East","North Of","PED","True","False","84688","LOCUST ST","VIRGINIA ST","37.32115634","-121.8866154"
"695882","CR-0000098974","0","0","0","0","23-109-4001","False","True","51","4/17/2023 12:15:00 PM","No Pedestrians Involved","Unknown","Unknown","Unknown","Unknown","Unknown","Unknown","Other","Non-Related","Parked Vehicle","Not Applicable","Not Applicable","North Of","","False","False","84688","LOCUST ST","VIRGINIA ST","37.32115634","-121.8866154"
"694391","CR-0000098335","0","1","0","0","23-168-0229","False","False","0","6/17/2023 11:42:00 AM","Crossing - Not In Crosswalk","Dry","No Unusual Conditions","Daylight","Violation Driver 1","Controls Functioning","Clear","Vehicle/Pedestrian","Intersection","Pedestrian","South","North","At","PED","False","False","84688","LOCUST ST","VIRGINIA ST","37.32115634","-121.8866154"
"690486","CR-0000096623","0","0","0","0","22-285-4000","False","True","51","10/11/2022 3:15:00 AM","No Pedestrians Involved","Unknown","Unknown","Unknown","Unknown","Unknown","Unknown","Sideswipe","Non-Related","Other Vehicle","Not Applicable","Not Applicable","West Of","","False","True","84688","LOCUST ST","VIRGINIA ST","37.32115634","-121.8866154"
"690067","CR-0000096141","0","0","0","0","22-330-0199","False","False","162","11/26/2022 12:23:00 AM","No Pedestrians Involved","Dry","No Unusual Conditions","Dark - Street Light","Violation Driver 1","No Controls Present/Factor","Clear","Sideswipe","Non-Related","Parked Vehicle","Not Applicable","Not Applicable","South Of","","False","True","113178","VINE ST","VIRGINIA ST","37.32161894","-121.8856406"
"694575","CR-0000098599","1","1","0","0","23-182-0782","False","False","0","7/1/2023 6:30:00 PM","No Pedestrians Involved","Dry","No Unusual Conditions","Daylight","Violation Driver 1","Controls Functioning","Clear","Broadside","Intersection","Other Vehicle","Not Applicable","Not Applicable","At","","False","True","113178","VINE ST","VIRGINIA ST","37.32161894","-121.8856406"
"712139","CR-0000101402","0","0","0","0","23-318-0201","False","False","0","11/14/2023 9:03:00 AM","No Pedestrians Involved","Dry","No Unusual Conditions","Daylight","Violation Driver 1","Controls Functioning","Clear","Broadside","Intersection","Other Vehicle","Not Applicable","Not Applicable","At","","False","False","113178","VINE ST","VIRGINIA ST","37.32161894","-121.8856406"
"722395","CR-0000103689","0","0","0","0","24-098-0802","False","False","25","4/7/2024 9:25:00 PM","No Pedestrians Involved","Dry","No Unusual Conditions","Dark - Street Light","Violation Driver 1","No Controls Present/Factor","Clear","Sideswipe","Related","Parked Vehicle","Not Applicable","Not Applicable","South Of","","False","False","113178","VINE ST","VIRGINIA ST","37.32161894","-121.8856406"
"719524","CR-0000102653","1","0","0","0","24-069-0675","False","False","176","3/9/2024 4:56:00 PM","No Pedestrians Involved","Dry","No Unusual Conditions","Daylight","Violation Driver 1","No Controls Present/Factor","Clear","Rear End","Non-Related","Parked Vehicle","Not Applicable","Not Applicable","East Of","","True","False","101265","PLAINFIELD DR","RIVER VIEW DR","37.27570953","-121.8121455"
"722008","CR-0000103262","0","0","0","0","24-062-9701","False","True","51","2/24/2024 11:00:00 AM","No Pedestrians Involved","Dry","No Unusual Conditions","Daylight","Unknown","No Controls Present/Factor","Clear","Sideswipe","Non-Related","Parked Vehicle","Not Applicable","Not Applicable","North Of","","False","False","106050","SAN BUENA CT","SORRENTO WY","37.23580228","-121.7970661"
"722523","CR-0000103846","1","0","0","0","24-106-0511","False","False","549","4/16/2024 4:00:00 PM","No Pedestrians Involved","Dry","No Unusual Conditions","Daylight","Violation Driver 1","No Controls Present/Factor","Clear","Sideswipe","Non-Related","Other Vehicle","Not Applicable","Not Applicable","North Of","","False","True","106633","SAN MATEO DR","SEVEN TREES BL","37.28041404","-121.832089"
"716216","CR-0000102179","1","0","0","0","24-056-0329","False","False","180","2/25/2024 10:24:00 AM","No Pedestrians Involved","Dry","No Unusual Conditions","Daylight","Violation Driver 1","No Controls Present/Factor","Cloudy","Broadside","Non-Related","Other Vehicle","Not Applicable","Not Applicable","South Of","","False","False","106633","SAN MATEO DR","SEVEN TREES BL","37.28041404","-121.832089"
"711998","CR-0000101574","0","0","0","0","23-356-4007","False","True","51","12/22/2023 2:18:00 PM","No Pedestrians Involved","Unknown","Unknown","Unknown","Unknown","Unknown","Unknown","Other","Non-Related","Other Vehicle","Not Applicable","Not Applicable","North Of","","False","False","19590","BLOSSOM AV","CANTON DR","37.24830532","-121.8397806"
"722482","CR-0000103766","0","0","0","0","24-104-0228","False","False","76","4/13/2024 5:10:00 AM","No Pedestrians Involved","Wet","No Unusual Conditions","Dark - Street Light","Violation Driver 1","Unknown","Clear","Rear End","Non-Related","Parked Vehicle","Not Applicable","Not Applicable","South Of","","True","True","19590","BLOSSOM AV","CANTON DR","37.24830532","-121.8397806"
"696413","CR-0000099590","1","0","0","0","23-284-0442","False","False","0","10/11/2023 1:43:00 PM","No Pedestrians Involved","Dry","No Unusual Conditions","Daylight","Violation Driver 1","No Controls Present/Factor","Clear","Broadside","Intersection","Other Vehicle","Not Applicable","Not Applicable","At","","False","False","19590","BLOSSOM AV","CANTON DR","37.24830532","-121.8397806"
"696445","CR-0000099622","0","0","0","0","23-111-0419","True","False","43","4/21/2023 1:40:00 PM","No Pedestrians Involved","Dry","No Unusual Conditions","Daylight","Violation Driver 1","Unknown","Clear","Sideswipe","Related","Other Vehicle","Not Applicable","Not Applicable","North Of","TREE","False","False","131394","ALTAMARA AV","CHAMBERER DR","37.31556489","-121.7730343"
"698677","CR-0000099914","1","1","0","0","23-243-0192","False","False","0","8/31/2023 7:52:00 AM","No Pedestrians Involved","Dry","No Unusual Conditions","Daylight","Violation Driver 1","Controls Functioning","Clear","Broadside","Intersection","Other Vehicle","Not Applicable","Not Applicable","At","","False","False","128369","ABORN RD","ALTAMARA AV","37.31691652","-121.7722944"
"684994","CR-0000093653","1","0","0","0","22-236-0215","False","False","17","8/24/2022 8:28:00 AM","No Pedestrians Involved","Dry","No Unusual Conditions","Daylight","Bike At Fault","Controls Functioning","Clear","Vehicle/Bike","Related","Bike","Not Applicable","Not Applicable","North Of","BIKE","False","False","128369","ABORN RD","ALTAMARA AV","37.31691652","-121.7722944"
"681537","CR-0000090933","0","1","0","0","22-038-0781","False","False","225","2/7/2022 6:52:00 PM","No Pedestrians Involved","Dry","No Unusual Conditions","Dark - Street Light","Violation Driver 1","No Controls Present/Factor","Clear","Rear End","Non-Related","Parked Vehicle","Not Applicable","Not Applicable","North Of","","False","False","128710","TUSCANY CI","VERONA RD","37.30723754","-121.7559522"
"727000","CR-0000105531","1","2","0","0","24-203-0245","True","False","46","7/21/2024 8:55:00 AM","No Pedestrians Involved","Dry","No Unusual Conditions","Daylight","Violation Driver 1","No Controls Present/Factor","Clear","Hit Object","Related","Fixed Object","Not Applicable","Not Applicable","West Of","LIGHT POLE, SIGNAGE, TREE","True","False","137500","CARRACCI LN","TREVIGNE AV","37.31613109","-121.767781"
"716367","CR-0000102356","1","0","0","0","24-044-0932","False","False","312","2/13/2024 8:41:00 PM","No Pedestrians Involved","Dry","No Unusual Conditions","Dark - Street Light","Violation Driver 1","No Controls Present/Factor","Clear","Rear End","Non-Related","Other Vehicle","Not Applicable","Not Applicable","South Of","","False","True","130130","CHABOYA RD/CHEMIN DE RIVIERE","MURILLO AV","37.32466843","-121.7667517"
"696190","CR-0000099334","0","0","0","0","23-099-0061","False","False","52","4/9/2023 12:30:00 AM","No Pedestrians Involved","Dry","No Unusual Conditions","Dark - Street Light","Violation Driver 1","No Controls Present/Factor","Clear","Rear End","Non-Related","Parked Vehicle","Not Applicable","Not Applicable","North Of","","False","True","103608","REMINGTON WY","WINWOOD WY","37.32533646","-121.7869071"
"698813","CR-0000100095","1","0","0","0","23-341-0330","False","False","83","12/7/2023 10:42:00 AM","No Pedestrians Involved","Dry","No Unusual Conditions","Daylight","Violation Driver 1","Controls Functioning","Clear","Vehicle/Bike","Non-Related","Bike","Not Applicable","Not Applicable","North Of","BIKE","False","False","116324","BERNAL RD","MONTEREY RD","37.23882655","-121.7743851"
"699315","CR-0000100642","1","0","0","0","23-305-0196","False","False","0","11/1/2023 7:45:00 AM","No Pedestrians Involved","Dry","No Unusual Conditions","Daylight","Violation Driver 1","Controls Functioning","Clear","Broadside","Intersection","Motor Vehicle On Other Roadway","Not Applicable","Not Applicable","At","","False","False","116324","BERNAL RD","MONTEREY RD","37.23882655","-121.7743851"
"690127","CR-0000096218","0","0","0","0","22-334-0528","False","False","0","11/30/2022 3:30:00 PM","No Pedestrians Involved","Dry","No Unusual Conditions","Daylight","Violation Driver 1","Controls Functioning","Clear","Head On","Intersection","Other Vehicle","Not Applicable","Not Applicable","At","","False","True","116324","BERNAL RD","MONTEREY RD","37.23882655","-121.7743851"
"682903","CR-0000092476","1","0","0","0","22-043-0039","False","False","264","2/12/2022 12:40:00 AM","No Pedestrians Involved","Dry","No Unusual Conditions","Dark - Street Light","Violation Driver 1","Controls Functioning","Clear","Head On","Non-Related","Other Vehicle","Not Applicable","Not Applicable","North Of","","True","True","116324","BERNAL RD","MONTEREY RD","37.23882655","-121.7743851"
"683225","CR-0000092779","2","0","0","0","22-092-0675","False","False","0","4/2/2022 6:57:00 PM","No Pedestrians Involved","Dry","No Unusual Conditions","Daylight","Violation Driver 1","Controls Functioning","Clear","Rear End","Intersection","Other Vehicle","Not Applicable","Not Applicable","At","","False","True","116324","BERNAL RD","MONTEREY RD","37.23882655","-121.7743851"
"682395","CR-0000091958","1","1","0","0","22-112-0411","False","False","0","4/22/2022 1:28:00 PM","No Pedestrians Involved","Dry","No Unusual Conditions","Daylight","Violation Driver 1","Controls Functioning","Clear","Head On","Intersection","Other Vehicle","Not Applicable","Not Applicable","At","","True","False","116324","BERNAL RD","MONTEREY RD","37.23882655","-121.7743851"
"711938","CR-0000101430","1","0","1","0","23-364-0775","False","False","0","12/30/2023 10:46:00 PM","No Pedestrians Involved","Dry","No Unusual Conditions","Dark - Street Light","Violation Driver 1","Controls Functioning","Clear","Broadside","Intersection","Other Vehicle","Not Applicable","Not Applicable","At","","True","True","116324","BERNAL RD","MONTEREY RD","37.23882655","-121.7743851"
"719618","CR-0000102776","0","0","0","0","23-078-4000","False","True","","3/18/2023 8:30:00 PM","No Pedestrians Involved","Unknown","Unknown","Unknown","Unknown","Unknown","Unknown","Rear End","Related","Other Vehicle","Not Applicable","Not Applicable","Unknown","","False","False","116324","BERNAL RD","MONTEREY RD","37.23882655","-121.7743851"
"725347","CR-0000104839","0","0","0","0","24-214-4007","False","True","0","6/17/2024 9:00:00 AM","No Pedestrians Involved","Unknown","Unknown","Daylight","Unknown","Unknown","Unknown","Broadside","Intersection","Other Vehicle","Not Applicable","Not Applicable","At","","False","False","116324","BERNAL RD","MONTEREY RD","37.23882655","-121.7743851"
"723787","CR-0000104183","0","0","0","0","24-124-1088","False","False","0","5/3/2024 11:00:00 PM","No Pedestrians Involved","Dry","No Unusual Conditions","Dark - Street Light","Violation Driver 1","Controls Functioning","Clear","Broadside","Intersection","Other Vehicle","Not Applicable","Not Applicable","At","","False","False","116324","BERNAL RD","MONTEREY RD","37.23882655","-121.7743851"
"722026","CR-0000103280","0","0","0","0","24-058-0573","False","False","0","2/27/2024 3:27:00 PM","No Pedestrians Involved","Dry","No Unusual Conditions","Daylight","Violation Driver 1","Controls Functioning","Clear","Sideswipe","Intersection","Other Vehicle","Not Applicable","Not Applicable","At","","False","False","106578","SAN IGNACIO AV","VIA DEL ORO","37.23557387","-121.7842023"
"681520","CR-0000090916","0","0","0","0","22-030-0382","True","False","0","1/30/2022 10:57:00 AM","No Pedestrians Involved","Dry","No Unusual Conditions","Daylight","Violation Driver 1","No Controls Present/Factor","Clear","Hit Object","Intersection","Fixed Object","Not Applicable","Not Applicable","North Of","Guard Rail","True","True","19250","BLANCHARD RD","MONTEREY RD","37.21851288","-121.7416843"
"682715","CR-0000092293","1","0","0","0","22-147-0570","False","False","0","5/27/2022 2:48:00 PM","No Pedestrians Involved","Dry","No Unusual Conditions","Daylight","Violation Driver 1","Controls Functioning","Clear","Broadside","Intersection","Other Vehicle","Not Applicable","Not Applicable","At","","False","False","106567","SAN IGNACIO AV","SANTA TERESA BL","37.23300731","-121.7871218"
"682581","CR-0000092148","2","0","0","0","22-138-0182","False","False","0","5/18/2022 8:00:00 AM","No Pedestrians Involved","Dry","No Unusual Conditions","Daylight","Violation Driver 1","Controls Functioning","Clear","Head On","Intersection","Other Vehicle","Not Applicable","Not Applicable","At","","False","False","17181","BERNAL RD","SAN IGNACIO AV","37.23261168","-121.7722343"
"682873","CR-0000092457","0","0","0","0","22-200-4002","False","True","51","6/29/2022 6:51:00 PM","No Pedestrians Involved","Unknown","Unknown","Unknown","Unknown","Unknown","Unknown","Other","Non-Related","Other Vehicle","Not Applicable","Not Applicable","West Of","","False","False","17181","BERNAL RD","SAN IGNACIO AV","37.23261168","-121.7722343"
"689151","CR-0000095036","0","1","0","0","22-319-0177","False","False","","11/15/2022 7:01:00 AM","No Pedestrians Involved","Dry","No Unusual Conditions","Daylight","Violation Driver 1","Controls Functioning","Clear","Rear End","Related","Other Vehicle","Not Applicable","Not Applicable","East Of","","False","True","17181","BERNAL RD","SAN IGNACIO AV","37.23261168","-121.7722343"
"689653","CR-0000095635","0","1","0","0","22-354-0834","False","False","0","12/20/2022 8:57:00 PM","No Pedestrians Involved","Dry","No Unusual Conditions","Dark - Street Light","Bike At Fault","Controls Functioning","Clear","Vehicle/Bike","Intersection","Bike","Not Applicable","Not Applicable","At","","False","False","17181","BERNAL RD","SAN IGNACIO AV","37.23261168","-121.7722343"
"690307","CR-0000096400","0","0","0","0","22-260-9705","False","True","0","9/13/2022 8:50:00 AM","No Pedestrians Involved","Dry","No Unusual Conditions","Daylight","Unknown","Controls Functioning","Clear","Sideswipe","Intersection","Other Vehicle","Not Applicable","Not Applicable","At","","False","True","17181","BERNAL RD","SAN IGNACIO AV","37.23261168","-121.7722343"
"694387","CR-0000098331","0","0","1","0","23-167-0869","False","False","281","6/16/2023 7:36:00 PM","Crossing - Not In Crosswalk","Dry","No Unusual Conditions","Dusk - Dawn","Pedestrian At Fault","Controls Functioning","Clear","Vehicle/Pedestrian","Non-Related","Pedestrian","West","East","North Of","PED","False","True","17181","BERNAL RD","SAN IGNACIO AV","37.23261168","-121.7722343"
"694098","CR-0000097948","1","0","0","0","23-089-0417","False","False","40","3/30/2023 12:27:00 PM","No Pedestrians Involved","Dry","No Unusual Conditions","Daylight","Violation Driver 1","Controls Functioning","Clear","Rear End","Related","Other Vehicle","Not Applicable","Not Applicable","North Of","","True","False","17181","BERNAL RD","SAN IGNACIO AV","37.23261168","-121.7722343"
"699384","CR-0000100711","0","0","0","0","23-206-0782","False","False","260","7/22/2023 8:00:00 PM","No Pedestrians Involved","Dry","No Unusual Conditions","Dark - Street Light","Violation Driver 1","Controls Functioning","Clear","Sideswipe","Non-Related","Other Vehicle","Not Applicable","Not Applicable","North Of","","False","True","17181","BERNAL RD","SAN IGNACIO AV","37.23261168","-121.7722343"
"698693","CR-0000099942","0","1","0","0","23-284-0008","False","False","0","10/10/2023 6:00:00 PM","Crossing In Crosswalk - At Intersection","Unknown","No Unusual Conditions","Daylight","Violation Driver 1","No Controls Present/Factor","Clear","Vehicle/Pedestrian","Intersection","Pedestrian","East","West","At","PED","False","False","17181","BERNAL RD","SAN IGNACIO AV","37.23261168","-121.7722343"
"719500","CR-0000102620","1","0","0","0","24-082-0923","True","False","1352","3/22/2024 9:20:00 PM","No Pedestrians Involved","Wet","No Unusual Conditions","Dark - Street Light","Violation Driver 1","No Controls Present/Factor","Rain","Sideswipe","Non-Related","Other Vehicle","Not Applicable","Not Applicable","East Of","TREE","True","False","17181","BERNAL RD","SAN IGNACIO AV","37.23261168","-121.7722343"
"719496","CR-0000102616","0","0","1","0","24-069-0932","False","False","662","3/9/2024 9:41:00 PM","Crossing - Not In Crosswalk","Dry","No Unusual Conditions","Dark - Street Light","Pedestrian At Fault","Unknown","Clear","Vehicle/Pedestrian","Non-Related","Pedestrian","West","East","North Of","PED","True","False","17181","BERNAL RD","SAN IGNACIO AV","37.23261168","-121.7722343"
"712144","CR-0000101030","0","0","0","0","23-250-0524","False","False","0","9/7/2023 2:22:00 PM","No Pedestrians Involved","Dry","No Unusual Conditions","Daylight","Violation Driver 1","Controls Functioning","Clear","Sideswipe","Intersection","Other Vehicle","Not Applicable","Not Applicable","At","","False","True","17181","BERNAL RD","SAN IGNACIO AV","37.23261168","-121.7722343"
"716191","CR-0000102103","1","0","0","0","24-021-0361","True","False","26","1/21/2024 11:57:00 AM","No Pedestrians Involved","Dry","No Unusual Conditions","Daylight","Violation Driver 1","Controls Functioning","Cloudy","Hit Object","Related","Fixed Object","Not Applicable","Not Applicable","South Of","TREE","True","False","17181","BERNAL RD","SAN IGNACIO AV","37.23261168","-121.7722343"
"716078","CR-0000102024","0","1","0","0","24-013-0456","True","False","275","1/13/2024 8:18:00 AM","No Pedestrians Involved","Dry","No Unusual Conditions","Daylight","Violation Driver 1","No Controls Present/Factor","Cloudy","Hit Object","Non-Related","Fixed Object","Not Applicable","Not Applicable","East Of","TREE","False","False","17214","BERNAL RD","VIA DEL ORO","37.22980518","-121.7742028"
"715846","CR-0000101748","0","0","0","0","23-241-0691","False","False","258","8/29/2023 3:52:00 PM","No Pedestrians Involved","Dry","No Unusual Conditions","Daylight","Violation Driver 1","Controls Functioning","Clear","Sideswipe","Non-Related","Other Vehicle","Not Applicable","Not Applicable","East Of","","False","False","17214","BERNAL RD","VIA DEL ORO","37.22980518","-121.7742028"
"715951","CR-0000101986","1","0","0","0","24-007-0403","False","False","0","1/7/2024 1:52:00 PM","No Pedestrians Involved","Dry","No Unusual Conditions","Daylight","Violation Driver 1","Controls Functioning","Clear","Sideswipe","Intersection","Other Vehicle","Not Applicable","Not Applicable","At","","True","False","17214","BERNAL RD","VIA DEL ORO","37.22980518","-121.7742028"
"725351","CR-0000104843","0","0","0","0","24-142-0724","True","False","32","5/21/2024 7:26:00 PM","No Pedestrians Involved","Dry","No Unusual Conditions","Daylight","Violation Driver 1","Controls Functioning","Clear","Rear End","Related","Parked Vehicle","Not Applicable","Not Applicable","East Of","TREE","True","False","17214","BERNAL RD","VIA DEL ORO","37.22980518","-121.7742028"
"725319","CR-0000104811","1","0","0","0","24-137-0435","False","False","32","5/16/2024 12:40:00 PM","No Pedestrians Involved","Dry","No Unusual Conditions","Daylight","Violation Driver 1","Controls Functioning","Clear","Rear End","Related","Other Vehicle","Not Applicable","Not Applicable","East Of","","True","False","17214","BERNAL RD","VIA DEL ORO","37.22980518","-121.7742028"
"694746","CR-0000098746","2","0","0","0","23-223-1052","True","False","0","8/11/2023 11:57:00 PM","No Pedestrians Involved","Dry","No Unusual Conditions","Dark - Street Light","Violation Driver 1","Controls Functioning","Clear","Sideswipe","Intersection","Other Vehicle","Not Applicable","Not Applicable","At","TREE","False","False","17214","BERNAL RD","VIA DEL ORO","37.22980518","-121.7742028"
"682837","CR-0000092416","1","0","0","0","22-146-0762","False","False","0","5/26/2022 4:42:00 PM","No Pedestrians Involved","Dry","No Unusual Conditions","Daylight","Violation Driver 1","Controls Functioning","Clear","Broadside","Intersection","Other Vehicle","Not Applicable","Not Applicable","At","","False","False","17214","BERNAL RD","VIA DEL ORO","37.22980518","-121.7742028"
"681411","CR-0000090801","0","0","0","0","22-024-0519","True","False","0","1/24/2022 1:48:00 PM","No Pedestrians Involved","Dry","No Unusual Conditions","Daylight","Violation Driver 1","Controls Functioning","Clear","Hit Object","Intersection","Fixed Object","Not Applicable","Not Applicable","At","SIGN","True","False","17214","BERNAL RD","VIA DEL ORO","37.22980518","-121.7742028"
"696121","CR-0000099263","0","0","0","0","23-232-0821","False","False","70","8/20/2023 7:56:00 PM","No Pedestrians Involved","Dry","No Unusual Conditions","Daylight","Violation Driver 1","Unknown","Clear","Sideswipe","Non-Related","Parked Vehicle","Not Applicable","Not Applicable","South Of","","False","False","57914","EVERGREEN WY","TIMBERLINE DR","37.30643353","-121.7809138"
"722524","CR-0000103847","1","0","0","0","24-107-0564","False","False","101","4/16/2024 2:29:00 PM","No Pedestrians Involved","Dry","No Unusual Conditions","Daylight","Violation Driver 1","Controls Functioning","Clear","Sideswipe","Non-Related","Parked Vehicle","Not Applicable","Not Applicable","West Of","","False","True","63106","FOWLER RD","MIDDLE PARK DR","37.3106785","-121.7774344"
"683260","CR-0000092841","0","0","0","0","22-197-0015","True","False","164","7/16/2022 1:14:00 AM","No Pedestrians Involved","Dry","No Unusual Conditions","Dark - Street Light","Violation Driver 1","No Controls Present/Factor","Clear","Head On","Non-Related","Fixed Object","Not Applicable","Not Applicable","South Of","CITY LIGHT POLE","True","False","106260","SAN FELIPE RD","JASPER HILL WY/SILVER ESTATES","37.29233932","-121.7661822"
"698633","CR-0000099857","0","0","0","0","23-148-4001","False","True","51","5/26/2023 10:20:00 AM","No Pedestrians Involved","Unknown","Unknown","Daylight","Unknown","Unknown","Unknown","Other","Non-Related","Parked Vehicle","Not Applicable","Not Applicable","North Of","","False","False","95017","NASHUA CT","PAWTUCKET WY","37.22441972","-121.766193"
"711642","CR-0000101202","0","0","0","0","23-335-9703","False","True","51","11/29/2023 2:40:00 PM","No Pedestrians Involved","Dry","Unknown","Daylight","Unknown","Unknown","Clear","Rear End","Non-Related","Other Vehicle","Not Applicable","Not Applicable","West Of","","False","False","4707","ALMADEN EX","CROWN BL","37.21993877","-121.8600295"
"711953","CR-0000101122","0","0","0","0","23-299-4011","False","True","51","10/26/2023 12:08:00 PM","No Pedestrians Involved","Unknown","Unknown","Unknown","Unknown","Unknown","Unknown","Other","Non-Related","Other Vehicle","Not Applicable","Not Applicable","South Of","","False","False","4707","ALMADEN EX","CROWN BL","37.21993877","-121.8600295"
"722294","CR-0000103588","0","0","0","0","24-087-4001","False","True","51","3/27/2024 1:35:00 PM","No Pedestrians Involved","Unknown","Unknown","Unknown","Unknown","Unknown","Unknown","Sideswipe","Non-Related","Other Vehicle","Not Applicable","Not Applicable","Unknown","","False","False","4608","ALMADEN EX","CALVARY WY","37.27707286","-121.8796242"
"696567","CR-0000099764","0","0","0","0","23-276-9702","False","True","0","9/24/2023 11:15:00 AM","No Pedestrians Involved","Dry","No Unusual Conditions","Daylight","Unknown","No Controls Present/Factor","Clear","Rear End","Intersection","Other Vehicle","Not Applicable","Not Applicable","At","","False","False","4608","ALMADEN EX","CALVARY WY","37.27707286","-121.8796242"
"719582","CR-0000102738","0","0","0","0","24-005-4000","False","True","","1/1/2024 12:40:00 PM","No Pedestrians Involved","Unknown","Unknown","Unknown","Unknown","Unknown","Unknown","Other","Related","Parked Vehicle","Not Applicable","Not Applicable","Unknown","","False","False","50005","DELLWOOD WY","DENTWOOD DR","37.25074647","-121.8894928"
"681923","CR-0000091417","1","0","0","0","22-049-0211","False","False","0","2/18/2022 8:38:00 AM","Crossing In Crosswalk - At Intersection","Dry","No Unusual Conditions","Daylight","Violation Driver 1","Controls Functioning","Clear","Vehicle/Pedestrian","Intersection","Pedestrian","South","North","At","ped","False","False","23825","BRANHAM LN","LIZZIE LN/SPEAK LN","37.26219059","-121.8796441"
"690238","CR-0000096328","0","0","0","0","22-271-4003","False","True","51","9/28/2022 10:00:00 AM","No Pedestrians Involved","Unknown","Unknown","Daylight","Unknown","Unknown","Unknown","Rear End","Non-Related","Other Vehicle","Not Applicable","Not Applicable","Unknown","","False","False","4883","ALMADEN EX","SHADOW BROOK DR","37.21263106","-121.8496286"
"691263","CR-0000097508","1","0","0","0","23-056-0579","False","False","210","2/25/2023 4:40:00 PM","No Pedestrians Involved","Dry","No Unusual Conditions","Daylight","Violation Driver 1","No Controls Present/Factor","Clear","Sideswipe","Non-Related","Motorcycle","Not Applicable","Not Applicable","South Of","","True","False","41601","COLEMAN RD","SANTA TERESA BL","37.24226089","-121.8602675"
"691074","CR-0000097247","0","0","1","0","23-060-0877","False","False","0","3/1/2023 10:20:00 PM","No Pedestrians Involved","Dry","No Unusual Conditions","Dark - Street Light","Violation Driver 1","Controls Functioning","Clear","Broadside","Intersection","Other Vehicle","Not Applicable","Not Applicable","At","","False","False","41601","COLEMAN RD","SANTA TERESA BL","37.24226089","-121.8602675"
"692408","CR-0000097691","1","0","0","0","23-080-0504","False","False","0","3/21/2023 2:06:00 PM","No Pedestrians Involved","Wet","No Unusual Conditions","Daylight","Violation Driver 1","Controls Functioning","Rain","Head On","Intersection","Other Vehicle","Not Applicable","Not Applicable","At","","False","False","41601","COLEMAN RD","SANTA TERESA BL","37.24226089","-121.8602675"
"696342","CR-0000099498","3","0","1","0","23-301-0587","False","False","0","10/28/2023 4:51:00 PM","No Pedestrians Involved","Dry","No Unusual Conditions","Daylight","Violation Driver 1","Controls Functioning","Clear","Head On","Intersection","Other Vehicle","Not Applicable","Not Applicable","At","","False","False","41601","COLEMAN RD","SANTA TERESA BL","37.24226089","-121.8602675"
"688866","CR-0000094722","0","0","0","0","22-220-4004","False","True","0","8/8/2022 2:38:00 PM","No Pedestrians Involved","Unknown","Unknown","Daylight","Unknown","Unknown","Unknown","Rear End","Intersection","Other Vehicle","Not Applicable","Not Applicable","At","","False","False","41601","COLEMAN RD","SANTA TERESA BL","37.24226089","-121.8602675"