"CrashFactId","Name","MinorInjuries","ModerateInjuries","SevereInjuries","FatalInjuries","TcrNumber","CityDamageFlag","ShortFormFlag","Distance","CrashDateTime","PedestrianAction","RoadwaySurface","RoadwayCondition","Lighting","PrimaryCollisionFactor","TrafficControl","Weather","CollisionType","ProximityToIntersection","VehicleInvolvedWith","PedestrianDirectionFrom","PedestrianDirectionTo","DirectionFromIntersection","Comment","SpeedingFlag","HitAndRunFlag","IntersectionNumber","AStreetName","BStreetName","Latitude","Longitude"
"689052","CR-0000094890","1","0","0","0","22-293-0702","False","False","0","10/20/2022 5:15:00 PM","No Pedestrians Involved","Dry","No Unusual Conditions","Daylight","Violation Driver 1","Unknown","Clear","Broadside","Intersection","Other Vehicle","Not Applicable","Not Applicable","At","","False","False","56737","EMORY ST","PARK AV","37.33519851","-121.9255483"
"685200","CR-0000093878","0","1","0","0","22-142-0775","True","False","170","5/22/2022 7:24:00 PM","No Pedestrians Involved","Dry","No Unusual Conditions","Daylight","Violation Driver 1","Controls Functioning","Clear","Hit Object","Non-Related","Fixed Object","Not Applicable","Not Applicable","East Of","Tree and Parking Sign","True","False","36706","CHAPMAN ST","NAGLEE AV","37.33505682","-121.922613"
"711567","CR-0000101418","0","0","0","0","23-346-0614","False","False","54","12/12/2023 3:39:00 PM","No Pedestrians Involved","Dry","Other","Daylight","Violation Driver 1","Unknown","Clear","Rear End","Non-Related","Other Vehicle","Not Applicable","Not Applicable","South Of","","True","False","36706","CHAPMAN ST","NAGLEE AV","37.33505682","-121.922613"
"685225","CR-0000093904","0","0","0","0","22-270-0272","False","False","112","9/27/2022 9:12:00 AM","No Pedestrians Involved","Dry","Unknown","Daylight","Violation Driver 1","Unknown","Clear","Rear End","Non-Related","Parked Vehicle","Not Applicable","Not Applicable","North Of","","False","False","107865","SCOTT ST","WILLARD AV","37.31967808","-121.9171536"
"689619","CR-0000095600","0","1","0","0","22-149-0527","False","False","0","5/29/2022 1:00:00 PM","No Pedestrians Involved","Dry","No Unusual Conditions","Daylight","Unknown","No Controls Present/Factor","Clear","Vehicle/Bike","Intersection","Bike","Not Applicable","Not Applicable","At","","False","True","107865","SCOTT ST","WILLARD AV","37.31967808","-121.9171536"
"682553","CR-0000092120","0","1","0","0","22-130-0605","False","False","160","5/10/2022 3:45:00 PM","No Pedestrians Involved","Dry","No Unusual Conditions","Daylight","Bike At Fault","No Controls Present/Factor","Clear","Vehicle/Bike","Non-Related","Scooter Motorized","Not Applicable","Not Applicable","West Of","BIKE (MOTOR SCOOTER)","False","False","93488","MORSE ST","NAGLEE AV","37.33647034","-121.920777"
"694551","CR-0000098545","0","2","0","0","23-198-0551","False","False","66","7/17/2023 3:11:00 PM","In Road - Includes Shoulder","Dry","No Unusual Conditions","Daylight","Bike At Fault","Controls Functioning","Clear","Vehicle/Pedestrian","Non-Related","Pedestrian","South","North","West Of","BIKE/PED","False","False","93488","MORSE ST","NAGLEE AV","37.33647034","-121.920777"
"690688","CR-0000096823","2","0","0","0","23-017-0232","False","False","237","1/17/2023 9:59:00 AM","No Pedestrians Involved","Dry","Unknown","Daylight","Violation Driver 1","No Controls Present/Factor","Clear","Head On","Non-Related","Other Vehicle","Not Applicable","Not Applicable","East Of","","False","False","93488","MORSE ST","NAGLEE AV","37.33647034","-121.920777"
"719752","CR-0000102925","2","0","0","0","24-020-0597","False","False","0","1/20/2024 5:45:00 PM","No Pedestrians Involved","Wet","No Unusual Conditions","Dark - Street Light","Violation Driver 1","Controls Functioning","Rain","Head On","Intersection","Other Vehicle","Not Applicable","Not Applicable","At","","False","False","23760","BRANHAM LN","KINGSPARK DR","37.26599477","-121.8410295"
"684874","CR-0000093534","1","0","0","0","22-198-0384","False","False","0","7/17/2022 11:00:00 AM","In Road - Includes Shoulder","Dry","No Unusual Conditions","Daylight","Violation Driver 1","No Controls Present/Factor","Clear","Vehicle/Pedestrian","Intersection","Pedestrian","West","East","At","PED","False","False","39050","CHYNOWETH AV","GERINE BLOSSOM DR","37.25899991","-121.8120941"
"689235","CR-0000095196","1","1","0","0","22-298-0233","True","False","87","10/25/2022 8:34:00 AM","No Pedestrians Involved","Dry","No Unusual Conditions","Daylight","Violation Driver 1","Controls Functioning","Clear","Broadside","Non-Related","Other Vehicle","Not Applicable","Not Applicable","East Of","TREE","False","False","102288","PURPLE HILLS DR","SANTA TERESA BL","37.23630307","-121.7928186"
"699121","CR-0000100437","0","0","0","0","23-153-0376","False","False","70","6/2/2023 11:46:00 AM","No Pedestrians Involved","Dry","No Unusual Conditions","Daylight","Violation Driver 1","Controls Functioning","Clear","Head On","Non-Related","Parked Vehicle","Not Applicable","Not Applicable","East Of","","True","True","106017","SAN ANTONIO ST","TWENTY SECOND ST","37.34296837","-121.8665547"
"694658","CR-0000098691","1","2","0","0","23-235-0544","False","False","115","8/23/2023 2:57:00 PM","No Pedestrians Involved","Dry","No Unusual Conditions","Daylight","Violation Driver 1","No Controls Present/Factor","Clear","Broadside","Non-Related","Other Vehicle","Not Applicable","Not Applicable","East Of","","False","False","71664","HEDDING ST","TWELFTH ST","37.35885019","-121.891872"
"689418","CR-0000095383","1","0","0","0","22-318-0736","False","False","0","11/14/2022 6:07:00 PM","No Pedestrians Involved","Dry","No Unusual Conditions","Dark - Street Light","Violation Driver 1","Unknown","Clear","Rear End","Intersection","Other Vehicle","Not Applicable","Not Applicable","At","","True","False","71664","HEDDING ST","TWELFTH ST","37.35885019","-121.891872"
"683185","CR-0000092756","0","0","0","0","22-041-4005","False","True","0","2/10/2022 4:30:00 PM","No Pedestrians Involved","Unknown","Unknown","Daylight","Unknown","Unknown","Unknown","Rear End","Intersection","Other Vehicle","Not Applicable","Not Applicable","At","","False","False","71664","HEDDING ST","TWELFTH ST","37.35885019","-121.891872"
"715826","CR-0000101839","0","1","0","0","23-344-0534","False","False","0","12/10/2023 4:00:00 PM","No Pedestrians Involved","Dry","No Unusual Conditions","Daylight","Violation Driver 1","No Controls Present/Factor","Cloudy","Vehicle/Bike","Intersection","Bike","Not Applicable","Not Applicable","At","BIKE","False","False","71664","HEDDING ST","TWELFTH ST","37.35885019","-121.891872"
"725254","CR-0000104735","1","0","0","0","24-164-0636","False","False","0","6/12/2024 4:10:00 PM","No Pedestrians Involved","Dry","No Unusual Conditions","Daylight","Violation Driver 1","No Controls Present/Factor","Clear","Broadside","Intersection","Other Vehicle","Not Applicable","Not Applicable","At","","False","False","71664","HEDDING ST","TWELFTH ST","37.35885019","-121.891872"
"699424","CR-0000100757","0","1","0","0","23-316-0098","False","False","94","11/12/2023 2:31:00 AM","No Pedestrians Involved","Dry","No Unusual Conditions","Dark - Street Light","Violation Driver 1","No Controls Present/Factor","Clear","Rear End","Non-Related","Other Vehicle","Not Applicable","Not Applicable","East Of","","False","False","130074","FOXWORTHY AV","RUBINO DR","37.27797691","-121.8744729"
"694225","CR-0000098168","2","0","0","0","23-151-0907","False","False","0","5/31/2023 11:00:00 PM","No Pedestrians Involved","Dry","No Unusual Conditions","Dark - Street Light","Violation Driver 1","Controls Functioning","Clear","Broadside","Intersection","Other Vehicle","Not Applicable","Not Applicable","At","","False","False","130074","FOXWORTHY AV","RUBINO DR","37.27797691","-121.8744729"
"719646","CR-0000102817","0","0","0","0","24-005-0227","True","False","0","1/5/2024 12:30:00 AM","No Pedestrians Involved","Wet","No Unusual Conditions","Daylight","Violation Driver 1","No Controls Present/Factor","Clear","Hit Object","Intersection","Fixed Object","Not Applicable","Not Applicable","At","TREE","False","True","87075","MAITLAND DR","MICHON DR","37.24632752","-121.9159362"
"723781","CR-0000104177","1","0","0","0","24-124-0993","False","False","0","5/3/2024 3:15:00 PM","No Pedestrians Involved","Dry","No Unusual Conditions","Daylight","Violation Driver 1","No Controls Present/Factor","Clear","Vehicle/Bike","Intersection","Bike","Not Applicable","Not Applicable","At","E. SCOOTER","False","False","43625","CORTE DE CALLAS","MERIDIAN AV","37.25636842","-121.8990916"
"689754","CR-0000095772","1","0","0","0","22-342-0621","False","False","46","12/8/2022 5:05:00 PM","No Pedestrians Involved","Dry","No Unusual Conditions","Dark - Street Light","Violation Driver 1","No Controls Present/Factor","Clear","Sideswipe","Related","Other Vehicle","Not Applicable","Not Applicable","North Of","","False","True","43625","CORTE DE CALLAS","MERIDIAN AV","37.25636842","-121.8990916"
"687454","CR-0000094233","0","1","0","0","22-254-0021","False","False","40","9/11/2022 12:13:00 AM","No Pedestrians Involved","Dry","No Unusual Conditions","Dark - Street Light","Violation Driver 1","No Controls Present/Factor","Clear","Head On","Related","Parked Vehicle","Not Applicable","Not Applicable","East Of","","False","False","72962","HILLSDALE AV","IRLANDA WY","37.26621055","-121.9099013"
"681221","CR-0000090606","0","0","0","0","22-004-0850","False","False","100","1/4/2022 7:23:00 PM","No Pedestrians Involved","Dry","No Unusual Conditions","Dark - Street Light","Violation Driver 1","No Controls Present/Factor","Clear","Rear End","Non-Related","Other Vehicle","Not Applicable","Not Applicable","West Of","","False","False","72962","HILLSDALE AV","IRLANDA WY","37.26621055","-121.9099013"
"723862","CR-0000104258","1","0","0","0","24-128-0558","False","False","38","5/7/2024 3:33:00 PM","No Pedestrians Involved","Dry","No Unusual Conditions","Daylight","Violation Driver 1","Controls Functioning","Clear","Sideswipe","Related","Other Vehicle","Not Applicable","Not Applicable","West Of","","False","False","47552","CURTNER AV","PLUMMER AV","37.28518659","-121.9007664"
"726514","CR-0000105048","0","1","0","0","24-175-0403","False","False","0","6/23/2024 11:41:00 AM","No Pedestrians Involved","Dry","No Unusual Conditions","Daylight","Violation Driver 1","No Controls Present/Factor","Clear","Broadside","Intersection","Motorcycle","Not Applicable","Not Applicable","At","","False","False","47552","CURTNER AV","PLUMMER AV","37.28518659","-121.9007664"
"725301","CR-0000104791","2","0","0","0","24-167-0932","False","False","88","6/15/2024 10:37:00 PM","No Pedestrians Involved","Dry","No Unusual Conditions","Dark - Street Light","Violation Driver 1","Controls Functioning","Clear","Rear End","Non-Related","Other Vehicle","Not Applicable","Not Applicable","West Of","","True","False","79090","KEYES ST","SENTER RD","37.32576871","-121.8656263"
"719665","CR-0000102836","0","0","0","0","24-007-0525","False","False","0","1/7/2024 5:14:00 PM","No Pedestrians Involved","Dry","No Unusual Conditions","Daylight","Violation Driver 1","Controls Functioning","Clear","Rear End","Intersection","Other Vehicle","Not Applicable","Not Applicable","At","","True","True","79090","KEYES ST","SENTER RD","37.32576871","-121.8656263"
"711868","CR-0000101116","0","0","0","0","23-284-9701","False","True","0","10/4/2023 3:40:00 PM","No Pedestrians Involved","Dry","No Unusual Conditions","Daylight","Unknown","Unknown","Clear","Rear End","Intersection","Other Vehicle","Not Applicable","Not Applicable","At","","False","False","79090","KEYES ST","SENTER RD","37.32576871","-121.8656263"
"681011","CR-0000090341","1","1","0","0","22-106-0144","False","False","0","4/16/2022 4:15:00 AM","No Pedestrians Involved","Wet","No Unusual Conditions","Dark - Street Light","Violation Driver 1","Controls Functioning","Rain","Hit Object","Intersection","Fixed Object","Not Applicable","Not Applicable","At","Telephone Pole","True","True","79090","KEYES ST","SENTER RD","37.32576871","-121.8656263"
"681190","CR-0000090572","0","0","1","0","21-365-0847","True","False","0","1/1/2022 12:47:00 AM","No Pedestrians Involved","Dry","No Unusual Conditions","Dark - Street Light","Violation Driver 1","Controls Functioning","Clear","Broadside","Intersection","Other Vehicle","Not Applicable","Not Applicable","At","LIGHT POLE","False","False","79090","KEYES ST","SENTER RD","37.32576871","-121.8656263"
"681363","CR-0000090750","0","0","0","0","22-016-4002","False","True","0","1/16/2022 1:40:00 PM","No Pedestrians Involved","Unknown","Unknown","Daylight","Unknown","Unknown","Unknown","Sideswipe","Intersection","Other Vehicle","Not Applicable","Not Applicable","At","","False","False","79090","KEYES ST","SENTER RD","37.32576871","-121.8656263"
"681465","CR-0000090855","0","0","0","0","22-032-0200","False","False","0","2/1/2022 7:47:00 AM","No Pedestrians Involved","Dry","No Unusual Conditions","Daylight","Violation Driver 1","Controls Functioning","Clear","Rear End","Intersection","Other Vehicle","Not Applicable","Not Applicable","At","","True","False","79090","KEYES ST","SENTER RD","37.32576871","-121.8656263"
"681542","CR-0000090938","0","0","0","0","22-030-0745","False","False","0","1/30/2022 7:59:00 PM","No Pedestrians Involved","Dry","No Unusual Conditions","Dark - Street Light","Violation Driver 1","Controls Functioning","Clear","Head On","Intersection","Other Vehicle","Not Applicable","Not Applicable","At","","False","False","79090","KEYES ST","SENTER RD","37.32576871","-121.8656263"
"683053","CR-0000092638","0","0","0","0","22-168-0636","False","False","","6/17/2022 5:20:00 PM","No Pedestrians Involved","Dry","No Unusual Conditions","Daylight","Violation Driver 1","Controls Functioning","Clear","Rear End","Related","Other Vehicle","Not Applicable","Not Applicable","East Of","","True","True","79090","KEYES ST","SENTER RD","37.32576871","-121.8656263"
"689382","CR-0000095354","1","0","0","0","22-333-0763","True","False","51","11/29/2022 6:34:00 PM","No Pedestrians Involved","Dry","No Unusual Conditions","Dark - Street Light","Violation Driver 1","Controls Functioning","Clear","Rear End","Non-Related","Other Vehicle","Not Applicable","Not Applicable","South Of","","True","False","79090","KEYES ST","SENTER RD","37.32576871","-121.8656263"
"689125","CR-0000094994","1","0","0","0","22-313-0770","False","False","0","11/9/2022 6:45:00 PM","No Pedestrians Involved","Dry","No Unusual Conditions","Dark - Street Light","Violation Driver 1","Controls Functioning","Clear","Rear End","Intersection","Other Vehicle","Not Applicable","Not Applicable","At","","True","False","79090","KEYES ST","SENTER RD","37.32576871","-121.8656263"
"688861","CR-0000094717","2","1","0","1","22-344-0938","False","False","0","12/10/2022 11:46:00 PM","No Pedestrians Involved","Wet","No Unusual Conditions","Dark - Street Light","Violation Driver 1","Controls Functioning","Rain","Hit Object","Intersection","Fixed Object","Not Applicable","Not Applicable","At","Curb, Billboard Pole","False","False","79090","KEYES ST","SENTER RD","37.32576871","-121.8656263"
"691299","CR-0000097544","0","0","0","0","23-060-0152","False","False","0","3/1/2023 7:47:00 AM","No Pedestrians Involved","Dry","No Unusual Conditions","Daylight","Violation Driver 1","Controls Functioning","Clear","Sideswipe","Intersection","Other Vehicle","Not Applicable","Not Applicable","At","","False","True","79090","KEYES ST","SENTER RD","37.32576871","-121.8656263"
"690411","CR-0000096504","0","0","0","0","22-281-4003","False","True","50","10/7/2022 5:00:00 PM","No Pedestrians Involved","Unknown","Unknown","Unknown","Unknown","Unknown","Unknown","Rear End","Related","Other Vehicle","Not Applicable","Not Applicable","South Of","","False","False","79090","KEYES ST","SENTER RD","37.32576871","-121.8656263"
"699071","CR-0000100377","0","0","0","0","23-221-4003","False","True","","8/5/2023 5:40:00 PM","No Pedestrians Involved","Unknown","Unknown","Daylight","Unknown","Unknown","Unknown","Other","Related","Other Vehicle","Not Applicable","Not Applicable","Unknown","","False","False","79090","KEYES ST","SENTER RD","37.32576871","-121.8656263"
"698781","CR-0000100062","0","0","1","0","23-352-0048","False","False","0","12/18/2023 1:19:00 AM","No Pedestrians Involved","Wet","No Unusual Conditions","Dark - Street Light","Violation Driver 1","Controls Functioning","Cloudy","Hit Object","Intersection","Fixed Object","Not Applicable","Not Applicable","At","Telephone Pole","False","False","79090","KEYES ST","SENTER RD","37.32576871","-121.8656263"
"696259","CR-0000099406","1","0","0","0","23-191-0577","False","False","0","7/10/2023 2:30:00 PM","No Pedestrians Involved","Dry","No Unusual Conditions","Daylight","Violation Driver 1","Controls Functioning","Clear","Rear End","Intersection","Other Vehicle","Not Applicable","Not Applicable","At","","True","False","79090","KEYES ST","SENTER RD","37.32576871","-121.8656263"
"698953","CR-0000100255","1","0","0","0","23-307-0420","False","False","27","11/3/2023 12:39:00 PM","No Pedestrians Involved","Dry","No Unusual Conditions","Daylight","Violation Driver 1","No Controls Present/Factor","Clear","Vehicle/Bike","Related","Bike","Not Applicable","Not Applicable","North Of","BIKE","False","False","88395","MARTHA ST","THIRD ST","37.32362044","-121.8783691"
"684709","CR-0000093338","0","0","0","0","22-180-9709","False","True","0","6/29/2022 3:00:00 PM","No Pedestrians Involved","Dry","No Unusual Conditions","Daylight","Unknown","Controls Functioning","Clear","Broadside","Intersection","Other Vehicle","Not Applicable","Not Applicable","At","","False","False","88395","MARTHA ST","THIRD ST","37.32362044","-121.8783691"
"682327","CR-0000091890","0","0","0","0","22-098-0677","False","False","51","4/8/2022 5:22:00 PM","No Pedestrians Involved","Dry","No Unusual Conditions","Daylight","Violation Driver 1","Controls Functioning","Clear","Broadside","Non-Related","Other Vehicle","Not Applicable","Not Applicable","West Of","","False","False","60598","FIRST ST","SANTA CLARA ST","37.33616754","-121.8905658"
"681277","CR-0000090663","0","0","0","0","22-008-9703","False","True","0","1/8/2022 2:21:00 AM","No Pedestrians Involved","Dry","No Unusual Conditions","Dark - Street Light","Unknown","Controls Functioning","Clear","Sideswipe","Intersection","Other Vehicle","Not Applicable","Not Applicable","At","","False","False","60598","FIRST ST","SANTA CLARA ST","37.33616754","-121.8905658"
"681798","CR-0000091207","0","0","1","0","22-077-0030","False","False","81","3/18/2022 12:29:00 AM","In Road - Includes Shoulder","Dry","No Unusual Conditions","Dark - Street Light","Violation Driver 1","Controls Functioning","Cloudy","Vehicle/Pedestrian","Non-Related","Pedestrian","Unknown","Unknown","South Of","PEDESTRIAN","True","False","60598","FIRST ST","SANTA CLARA ST","37.33616754","-121.8905658"
"699323","CR-0000100650","0","0","0","0","23-167-9701","False","True","0","6/5/2023 7:00:00 PM","No Pedestrians Involved","Dry","No Unusual Conditions","Daylight","Unknown","Unknown","Clear","Rear End","Intersection","Other Vehicle","Not Applicable","Not Applicable","At","","False","False","60598","FIRST ST","SANTA CLARA ST","37.33616754","-121.8905658"
"696443","CR-0000099620","0","0","0","0","23-112-0385","False","False","108","4/22/2023 8:45:00 AM","No Pedestrians Involved","Dry","No Unusual Conditions","Daylight","Violation Driver 1","Controls Functioning","Clear","Sideswipe","Non-Related","Parked Vehicle","Not Applicable","Not Applicable","West Of","","False","True","60598","FIRST ST","SANTA CLARA ST","37.33616754","-121.8905658"
"694800","CR-0000098838","0","1","0","0","23-230-0363","False","False","0","8/18/2023 11:25:00 AM","No Pedestrians Involved","Dry","No Unusual Conditions","Daylight","Violation Driver 1","Controls Functioning","Clear","Vehicle/Bike","Intersection","Scooter Motorized","Not Applicable","Not Applicable","At","E.SCOOTER","False","False","60598","FIRST ST","SANTA CLARA ST","37.33616754","-121.8905658"
"690355","CR-0000096449","0","0","0","0","22-229-9702","False","True","51","8/15/2022 1:30:00 PM","No Pedestrians Involved","Dry","No Unusual Conditions","Daylight","Unknown","Controls Functioning","Clear","Other","Non-Related","Parked Vehicle","Not Applicable","Not Applicable","West Of","","False","True","60598","FIRST ST","SANTA CLARA ST","37.33616754","-121.8905658"
"711907","CR-0000101529","1","0","0","0","23-355-0874","False","False","0","12/21/2023 8:13:00 PM","No Pedestrians Involved","Dry","No Unusual Conditions","Dark - Street Light","Violation Driver 1","Controls Functioning","Clear","Head On","Intersection","Other Vehicle","Not Applicable","Not Applicable","At","","False","False","60598","FIRST ST","SANTA CLARA ST","37.33616754","-121.8905658"
"712012","CR-0000101063","0","0","0","0","23-275-0373","False","False","22","10/2/2023 12:29:00 PM","No Pedestrians Involved","Dry","No Unusual Conditions","Daylight","Violation Driver 1","Controls Functioning","Clear","Rear End","Related","Other Vehicle","Not Applicable","Not Applicable","North Of","","False","False","60598","FIRST ST","SANTA CLARA ST","37.33616754","-121.8905658"
"722511","CR-0000103825","0","0","0","0","24-108-4004","False","True","0","4/17/2024 8:33:00 AM","No Pedestrians Involved","Unknown","Unknown","Unknown","Unknown","Unknown","Unknown","Broadside","Intersection","Other Vehicle","Not Applicable","Not Applicable","At","","False","False","60598","FIRST ST","SANTA CLARA ST","37.33616754","-121.8905658"
"725279","CR-0000104760","0","0","0","0","24-167-4005","False","True","51","6/13/2024 6:45:00 PM","No Pedestrians Involved","Unknown","Unknown","Unknown","Unknown","Unknown","Unknown","Other","Non-Related","Other Vehicle","Not Applicable","Not Applicable","West Of","","False","False","60598","FIRST ST","SANTA CLARA ST","37.33616754","-121.8905658"
"726552","CR-0000105086","0","0","0","0","24-177-0498","False","False","20","6/25/2024 2:35:00 PM","No Pedestrians Involved","Dry","No Unusual Conditions","Daylight","Violation Driver 1","Controls Functioning","Clear","Other","Related","Other Vehicle","Not Applicable","Not Applicable","East Of","","False","True","60598","FIRST ST","SANTA CLARA ST","37.33616754","-121.8905658"
"726810","CR-0000105351","0","0","0","0","24-197-0647","False","False","102","7/15/2024 4:01:00 PM","No Pedestrians Involved","Dry","No Unusual Conditions","Daylight","Violation Driver 1","No Controls Present/Factor","Clear","Sideswipe","Non-Related","Other Vehicle","Not Applicable","Not Applicable","West Of","","False","False","60598","FIRST ST","SANTA CLARA ST","37.33616754","-121.8905658"
"726726","CR-0000105265","1","1","0","0","24-185-0752","False","False","0","7/3/2024 6:11:00 PM","No Pedestrians Involved","Dry","No Unusual Conditions","Daylight","Violation Driver 1","Controls Functioning","Clear","Head On","Intersection","Other Vehicle","Not Applicable","Not Applicable","At","","False","False","60598","FIRST ST","SANTA CLARA ST","37.33616754","-121.8905658"
"695891","CR-0000099010","0","0","0","0","23-213-0056","False","False","35","8/1/2023 1:26:00 AM","No Pedestrians Involved","Dry","No Unusual Conditions","Dark - Street Light","Violation Driver 1","Controls Functioning","Clear","Other","Related","Parked Vehicle","Not Applicable","Not Applicable","South Of","","True","True","83764","LIGHTSTON AL","SANTA CLARA ST","37.33569893","-121.8915568"
"696523","CR-0000099710","1","0","0","0","23-340-0183","True","False","18","12/6/2023 7:59:00 AM","No Pedestrians Involved","Dry","No Unusual Conditions","Daylight","Violation Driver 1","Controls Functioning","Clear","Head On","Related","Other Vehicle","Not Applicable","Not Applicable","South Of","LIGHTPOLE","False","False","113904","COTTLE RD","ROCHESTER RD","37.24953399","-121.8039934"
"696497","CR-0000099684","2","0","0","0","23-349-0854","False","False","0","12/15/2023 7:48:00 PM","No Pedestrians Involved","Dry","No Unusual Conditions","Dusk - Dawn","Violation Driver 1","No Controls Present/Factor","Clear","Rear End","Intersection","Other Vehicle","Not Applicable","Not Applicable","At","","True","False","108151","SENTER RD","SYLVANDALE AV","37.28760574","-121.8276953"
"691038","CR-0000097210","0","1","0","0","23-039-0427","False","False","51","2/8/2023 8:20:00 AM","No Pedestrians Involved","Dry","No Unusual Conditions","Daylight","Violation Driver 1","No Controls Present/Factor","Clear","Vehicle/Bike","Non-Related","Scooter Motorized","Not Applicable","Not Applicable","North Of","PED","True","False","108151","SENTER RD","SYLVANDALE AV","37.28760574","-121.8276953"
"691138","CR-0000097340","0","0","0","0","22-113-9802","False","False","50","2/22/2022 12:36:00 AM","No Pedestrians Involved","Wet","No Unusual Conditions","Dark - No Street Light","Violation Driver 1","Controls Functioning","Rain","Broadside","Related","Parked Vehicle","Not Applicable","Not Applicable","North Of","","True","False","108151","SENTER RD","SYLVANDALE AV","37.28760574","-121.8276953"
"691143","CR-0000097341","0","0","0","0","22-113-9801","False","False","60","2/22/2022 12:36:00 AM","No Pedestrians Involved","Wet","No Unusual Conditions","Dark - Street Light","Violation Driver 1","No Controls Present/Factor","Cloudy","Broadside","Non-Related","Parked Vehicle","Not Applicable","Not Applicable","North Of","","True","False","108151","SENTER RD","SYLVANDALE AV","37.28760574","-121.8276953"
"683359","CR-0000092948","0","0","0","0","22-144-1033","False","False","30","5/24/2022 10:20:00 PM","No Pedestrians Involved","Dry","No Unusual Conditions","Dark - Street Light","Violation Driver 1","Controls Functioning","Clear","Rear End","Related","Other Vehicle","Not Applicable","Not Applicable","North Of","","False","False","108151","SENTER RD","SYLVANDALE AV","37.28760574","-121.8276953"
"685419","CR-0000094154","0","1","0","0","22-265-0060","False","False","0","9/22/2022 1:45:00 AM","No Pedestrians Involved","Dry","No Unusual Conditions","Dark - Street Light","Violation Driver 1","Controls Functioning","Clear","Sideswipe","Intersection","Parked Vehicle","Not Applicable","Not Applicable","At","","False","True","108151","SENTER RD","SYLVANDALE AV","37.28760574","-121.8276953"
"689801","CR-0000095827","1","1","0","0","22-183-0046","False","False","0","7/2/2022 12:58:00 AM","No Pedestrians Involved","Dry","No Unusual Conditions","Dark - Street Light","Violation Driver 1","Controls Functioning","Clear","Broadside","Intersection","Other Vehicle","Not Applicable","Not Applicable","At","","True","True","108151","SENTER RD","SYLVANDALE AV","37.28760574","-121.8276953"
"722255","CR-0000103522","0","0","0","0","24-084-0472","True","False","50","3/24/2024 3:00:00 AM","No Pedestrians Involved","Dry","No Unusual Conditions","Daylight","Violation Driver 1","Controls Functioning","Cloudy","Hit Object","Related","Fixed Object","Not Applicable","Not Applicable","East Of","TREE","True","True","108151","SENTER RD","SYLVANDALE AV","37.28760574","-121.8276953"
"711859","CR-0000100890","0","0","1","0","23-315-0636","False","False","0","11/11/2023 6:26:00 PM","Crossing - Not In Crosswalk","Dry","No Unusual Conditions","Dusk - Dawn","Pedestrian At Fault","Controls Functioning","Clear","Vehicle/Pedestrian","Intersection","Pedestrian","West","East","At","PEDESTRIAN","False","False","108151","SENTER RD","SYLVANDALE AV","37.28760574","-121.8276953"
"697619","CR-0000099832","1","0","0","0","23-302-0647","True","False","86","10/29/2023 5:18:00 PM","No Pedestrians Involved","Dry","No Unusual Conditions","Daylight","Violation Driver 1","Controls Functioning","Clear","Hit Object","Non-Related","Fixed Object","Not Applicable","Not Applicable","West Of","TREE","False","False","111330","SYLVANDALE AV","VERDI DR","37.28778516","-121.8264274"
"711595","CR-0000101545","0","0","0","0","23-344-0052","False","False","0","12/10/2023 2:09:00 AM","No Pedestrians Involved","Dry","No Unusual Conditions","Dark - No Street Light","Violation Driver 1","Unknown","Clear","Broadside","Intersection","Other Vehicle","Not Applicable","Not Applicable","At","","True","False","111330","SYLVANDALE AV","VERDI DR","37.28778516","-121.8264274"
"699358","CR-0000100685","0","0","0","0","23-277-9703","False","True","51","7/4/2023 1:10:00 PM","No Pedestrians Involved","Dry","No Unusual Conditions","Daylight","Unknown","Controls Functioning","Clear","Rear End","Non-Related","Other Vehicle","Not Applicable","Not Applicable","North Of","","False","False","80695","KOOSER RD","MERIDIAN AV","37.24551854","-121.8919725"
"696371","CR-0000099528","0","0","0","0","23-127-4007","False","True","0","5/7/2023 4:30:00 PM","No Pedestrians Involved","Unknown","Unknown","Unknown","Unknown","Unknown","Unknown","Sideswipe","Intersection","Other Vehicle","Not Applicable","Not Applicable","At","","False","False","80695","KOOSER RD","MERIDIAN AV","37.24551854","-121.8919725"
"692487","CR-0000097775","2","0","0","0","23-073-0746","False","False","0","3/14/2023 5:17:00 PM","No Pedestrians Involved","Dry","No Unusual Conditions","Daylight","Violation Driver 1","Controls Not Functioning","Clear","Head On","Intersection","Other Vehicle","Not Applicable","Not Applicable","At","","True","False","80695","KOOSER RD","MERIDIAN AV","37.24551854","-121.8919725"
"689864","CR-0000095890","2","0","0","0","22-343-0362","True","False","0","12/9/2022 12:54:00 PM","No Pedestrians Involved","Dry","No Unusual Conditions","Daylight","Violation Driver 1","Controls Functioning","Clear","Head On","Intersection","Fixed Object","Not Applicable","Not Applicable","At","Light Pole","False","False","80695","KOOSER RD","MERIDIAN AV","37.24551854","-121.8919725"
"683368","CR-0000092959","0","0","0","0","22-082-9701","False","True","0","1/15/2022 7:58:00 AM","No Pedestrians Involved","Dry","Unknown","Daylight","Unknown","Unknown","Clear","Sideswipe","Intersection","Other Vehicle","Not Applicable","Not Applicable","At","","False","False","80695","KOOSER RD","MERIDIAN AV","37.24551854","-121.8919725"
"681713","CR-0000091111","1","0","0","0","22-074-0921","False","False","36","3/15/2022 8:06:00 PM","No Pedestrians Involved","Dry","No Unusual Conditions","Dark - Street Light","Violation Driver 1","Controls Functioning","Clear","Head On","Related","Other Vehicle","Not Applicable","Not Applicable","North Of","","True","False","80695","KOOSER RD","MERIDIAN AV","37.24551854","-121.8919725"