"CrashFactId","Name","MinorInjuries","ModerateInjuries","SevereInjuries","FatalInjuries","TcrNumber","CityDamageFlag","ShortFormFlag","Distance","CrashDateTime","PedestrianAction","RoadwaySurface","RoadwayCondition","Lighting","PrimaryCollisionFactor","TrafficControl","Weather","CollisionType","ProximityToIntersection","VehicleInvolvedWith","PedestrianDirectionFrom","PedestrianDirectionTo","DirectionFromIntersection","Comment","SpeedingFlag","HitAndRunFlag","IntersectionNumber","AStreetName","BStreetName","Latitude","Longitude"
"711916","CR-0000100901","0","1","0","0","23-307-0234","False","False","0","11/3/2023 8:56:00 AM","No Pedestrians Involved","Dry","No Unusual Conditions","Daylight","Violation Driver 1","Controls Functioning","Clear","Rear End","Intersection","Other Vehicle","Not Applicable","Not Applicable","South Of","","False","False","36750","CHARCOT AV","FIRST ST","37.37915671","-121.9226106"
"712052","CR-0000101005","0","0","0","0","23-270-0294","False","False","100","9/27/2023 10:18:00 AM","No Pedestrians Involved","Unknown","No Unusual Conditions","Daylight","Violation Driver 1","Controls Functioning","Clear","Rear End","Non-Related","Other Vehicle","Not Applicable","Not Applicable","East Of","","False","False","36750","CHARCOT AV","FIRST ST","37.37915671","-121.9226106"
"684683","CR-0000093311","0","1","0","0","22-169-0146","False","False","111","6/18/2022 3:15:00 AM","Crossing - Not In Crosswalk","Dry","No Unusual Conditions","Dark - Street Light","Pedestrian At Fault","Controls Functioning","Clear","Vehicle/Pedestrian","Non-Related","Pedestrian","North","South","West Of","PED","False","False","36750","CHARCOT AV","FIRST ST","37.37915671","-121.9226106"
"684862","CR-0000093552","1","0","0","0","22-209-0240","False","False","0","7/28/2022 9:23:00 AM","No Pedestrians Involved","Dry","No Unusual Conditions","Daylight","Violation Driver 1","No Controls Present/Factor","Clear","Rear End","Intersection","Other Vehicle","Not Applicable","Not Applicable","At","","True","True","36750","CHARCOT AV","FIRST ST","37.37915671","-121.9226106"
"685284","CR-0000093964","0","1","0","0","22-256-0222","False","False","144","9/13/2022 8:35:00 AM","No Pedestrians Involved","Dry","Holes Deep Rut","Daylight","Violation Driver 1","Controls Functioning","Clear","Other","Non-Related","Non-Collision","Not Applicable","Not Applicable","West Of","MOTORCYCLE","False","False","36750","CHARCOT AV","FIRST ST","37.37915671","-121.9226106"
"681253","CR-0000090638","2","0","0","0","22-006-0868","False","False","0","1/6/2022 8:58:00 PM","No Pedestrians Involved","Wet","No Unusual Conditions","Dark - Street Light","Violation Driver 1","Controls Functioning","Rain","Broadside","Intersection","Other Vehicle","Not Applicable","Not Applicable","At","","False","False","36750","CHARCOT AV","FIRST ST","37.37915671","-121.9226106"
"682207","CR-0000091749","2","0","0","0","22-062-0713","False","False","38","3/3/2022 6:04:00 PM","No Pedestrians Involved","Wet","No Unusual Conditions","Daylight","Violation Driver 1","Controls Functioning","Rain","Rear End","Related","Other Vehicle","Not Applicable","Not Applicable","North Of","","True","False","36750","CHARCOT AV","FIRST ST","37.37915671","-121.9226106"
"723875","CR-0000104271","0","0","0","0","24-128-4002","False","True","51","5/7/2024 12:25:00 PM","No Pedestrians Involved","Unknown","Unknown","Unknown","Violation Driver 1","Unknown","Unknown","Rear End","Non-Related","Unknown","Not Applicable","Not Applicable","At","","False","True","98120","PACIFIC AV","STATE ST","37.43133673","-121.9687559"
"712134","CR-0000101230","0","0","0","0","23-333-0090","True","False","0","11/29/2023 3:25:00 AM","No Pedestrians Involved","Wet","No Unusual Conditions","Dark - Street Light","Violation Driver 1","Controls Functioning","Rain","Hit Object","Intersection","Fixed Object","Not Applicable","Not Applicable","At","LIGHT POLE","True","True","104280","RIVER OAKS PW","SEELEY AV","37.39902927","-121.9220526"
"682071","CR-0000091585","0","1","0","0","22-068-0019","True","False","23","3/9/2022 12:34:00 AM","No Pedestrians Involved","Dry","No Unusual Conditions","Dark - Street Light","Violation Driver 1","Controls Functioning","Clear","Head On","Related","Fixed Object","Not Applicable","Not Applicable","South Of","Light Pole","True","False","104280","RIVER OAKS PW","SEELEY AV","37.39902927","-121.9220526"
"694654","CR-0000098687","1","0","0","0","23-210-0582","True","False","369","7/29/2023 4:34:00 PM","No Pedestrians Involved","Dry","No Unusual Conditions","Daylight","Violation Driver 1","Controls Functioning","Clear","Hit Object","Non-Related","Fixed Object","Not Applicable","Not Applicable","West Of","LIGHT POLE","False","False","104280","RIVER OAKS PW","SEELEY AV","37.39902927","-121.9220526"
"691224","CR-0000097447","0","0","0","0","23-052-0282","False","False","300","2/21/2023 2:40:00 AM","No Pedestrians Involved","Dry","No Unusual Conditions","Dark - Street Light","Violation Driver 1","No Controls Present/Factor","Clear","Sideswipe","Non-Related","Parked Vehicle","Not Applicable","Not Applicable","East Of","","False","True","130460","IVY GLEN DR","DAHLIA CT/PORT WY","37.38089521","-121.8620855"
"690057","CR-0000096129","0","0","0","0","22-313-0235","False","False","0","11/9/2022 9:37:00 AM","No Pedestrians Involved","Dry","No Unusual Conditions","Daylight","Violation Driver 1","Controls Functioning","Clear","Broadside","Intersection","Other Vehicle","Not Applicable","Not Applicable","At","","False","False","55879","ELEVENTH ST","SINCLAIR FR","37.3281069","-121.8708487"
"699107","CR-0000100423","0","0","0","0","23-171-0194","False","False","0","6/20/2023 7:16:00 AM","No Pedestrians Involved","Dry","No Unusual Conditions","Daylight","Violation Driver 1","No Controls Present/Factor","Clear","Sideswipe","Intersection","Other Vehicle","Not Applicable","Not Applicable","At","","False","False","55879","ELEVENTH ST","SINCLAIR FR","37.3281069","-121.8708487"
"683241","CR-0000092833","1","0","0","0","22-147-9713","False","True","0","5/10/2022 7:00:00 AM","No Pedestrians Involved","Dry","No Unusual Conditions","Daylight","Unknown","Controls Functioning","Clear","Broadside","Intersection","Other Vehicle","Not Applicable","Not Applicable","At","","False","False","55879","ELEVENTH ST","SINCLAIR FR","37.3281069","-121.8708487"
"681652","CR-0000091049","1","0","0","0","22-084-0178","False","False","51","3/25/2022 7:57:00 AM","No Pedestrians Involved","Dry","No Unusual Conditions","Daylight","Violation Driver 1","No Controls Present/Factor","Clear","Broadside","Non-Related","Other Vehicle","Not Applicable","Not Applicable","East Of","","False","False","54834","EIGHTH ST","KEYES ST","37.32321844","-121.8708777"
"699022","CR-0000100327","1","0","0","0","23-289-0755","False","False","0","10/16/2023 4:00:00 PM","No Pedestrians Involved","Dry","No Unusual Conditions","Daylight","Violation Driver 1","Controls Functioning","Clear","Rear End","Intersection","Other Vehicle","Not Applicable","Not Applicable","At","","True","True","54834","EIGHTH ST","KEYES ST","37.32321844","-121.8708777"
"724148","CR-0000104568","0","0","0","0","24-154-4000","False","True","51","6/1/2024 4:00:00 PM","No Pedestrians Involved","Unknown","Unknown","Unknown","Unknown","Unknown","Unknown","Head On","Non-Related","Other Vehicle","Not Applicable","Not Applicable","South Of","","False","False","54834","EIGHTH ST","KEYES ST","37.32321844","-121.8708777"
"692393","CR-0000097676","1","0","0","0","23-080-0197","False","False","379","3/21/2023 8:50:00 AM","No Pedestrians Involved","Wet","No Unusual Conditions","Daylight","Violation Driver 1","Controls Functioning","Rain","Broadside","Non-Related","Parked Vehicle","Not Applicable","Not Applicable","East Of","","False","False","95590","NEWPORT AV","PINE AV (E)","37.29706812","-121.8965971"
"683349","CR-0000092937","0","0","0","0","22-176-0145","False","False","51","6/25/2022 2:27:00 AM","No Pedestrians Involved","Dry","No Unusual Conditions","Dark - Street Light","Violation Driver 1","No Controls Present/Factor","Clear","Hit Object","Non-Related","Other Object","Not Applicable","Not Applicable","East Of","Dumpster","False","False","95590","NEWPORT AV","PINE AV (E)","37.29706812","-121.8965971"
"684778","CR-0000093369","0","0","0","1","22-246-0811","False","False","150","9/3/2022 8:44:00 PM","In Road - Includes Shoulder","Dry","No Unusual Conditions","Dark - Street Light","Violation Driver 1","No Controls Present/Factor","Clear","Vehicle/Pedestrian","Non-Related","Pedestrian","No Direction (Not Walking)","No Direction (Not Walking)","West Of","PED","True","True","79970","KIOWA CI","SANTA TERESA BL","37.23683375","-121.835409"
"685437","CR-0000094181","0","1","0","0","22-246-0538","False","False","21","9/3/2022 3:06:00 PM","No Pedestrians Involved","Dry","No Unusual Conditions","Daylight","Bike At Fault","Controls Functioning","Clear","Vehicle/Bike","Related","Bike","Not Applicable","Not Applicable","East Of","BIKE","False","False","77516","JUDITH ST","TRADEWINDS DR","37.2537183","-121.8259115"
"690568","CR-0000096689","0","0","0","0","23-023-0180","False","False","84","1/23/2023 1:00:00 AM","No Pedestrians Involved","Dry","No Unusual Conditions","Dark - Street Light Not Functioning","Violation Driver 1","No Controls Present/Factor","Clear","Head On","Non-Related","Parked Vehicle","Not Applicable","Not Applicable","West Of","","True","True","77516","JUDITH ST","TRADEWINDS DR","37.2537183","-121.8259115"
"725475","CR-0000104972","1","0","0","0","24-154-0347","False","False","122","6/2/2024 10:13:00 AM","No Pedestrians Involved","Dry","No Unusual Conditions","Daylight","Violation Driver 1","No Controls Present/Factor","Clear","Broadside","Non-Related","Other Vehicle","Not Applicable","Not Applicable","East Of","","False","False","77516","JUDITH ST","TRADEWINDS DR","37.2537183","-121.8259115"
"724022","CR-0000104419","0","0","0","0","24-156-9703","False","True","51","5/24/2024 1:45:00 PM","No Pedestrians Involved","Dry","Unknown","Unknown","Unknown","Unknown","Unknown","Broadside","Non-Related","Other Vehicle","Not Applicable","Not Applicable","Unknown","","False","False","77516","JUDITH ST","TRADEWINDS DR","37.2537183","-121.8259115"
"717417","CR-0000102430","0","0","0","0","23-051-0652","False","True","0","2/20/2023 5:40:00 PM","No Pedestrians Involved","Unknown","Unknown","Unknown","Unknown","Unknown","Unknown","Head On","Intersection","Other Vehicle","Not Applicable","Not Applicable","At","","False","False","77516","JUDITH ST","TRADEWINDS DR","37.2537183","-121.8259115"
"716002","CR-0000101993","0","0","0","0","24-009-0181","False","False","424","1/9/2024 8:20:00 AM","No Pedestrians Involved","Dry","No Unusual Conditions","Daylight","Violation Driver 1","No Controls Present/Factor","Cloudy","Head On","Non-Related","Other Vehicle","Not Applicable","Not Applicable","West Of","","False","False","77516","JUDITH ST","TRADEWINDS DR","37.2537183","-121.8259115"
"722116","CR-0000103381","0","0","0","0","24-070-9702","False","True","500","3/9/2024 12:00:00 PM","No Pedestrians Involved","Unknown","Unknown","Unknown","Unknown","Unknown","Unknown","Sideswipe","Non-Related","Parked Vehicle","Not Applicable","Not Applicable","South Of","","False","False","77516","JUDITH ST","TRADEWINDS DR","37.2537183","-121.8259115"
"694109","CR-0000098018","1","0","0","0","23-103-0832","False","False","57","4/13/2023 7:20:00 PM","No Pedestrians Involved","Dry","No Unusual Conditions","Daylight","Violation Driver 1","No Controls Present/Factor","Clear","Broadside","Non-Related","Other Vehicle","Not Applicable","Not Applicable","South Of","","False","False","137158","MURILLO AV","ROSE TERRASSE CL/VOLTAIRE ST","37.32088318","-121.7622782"
"721979","CR-0000103233","0","0","0","0","24-052-9704","False","True","51","2/20/2024 11:30:00 PM","No Pedestrians Involved","Wet","No Unusual Conditions","Dark - Street Light","Unknown","No Controls Present/Factor","Unknown","Head On","Non-Related","Other Vehicle","Not Applicable","Not Applicable","North Of","","False","False","129260","LAC BLEU CT","LAKESIDE DR","37.31975362","-121.7740507"
"692486","CR-0000097774","0","0","0","0","23-074-0475","True","False","0","3/15/2023 12:47:00 PM","No Pedestrians Involved","Dry","No Unusual Conditions","Daylight","Violation Driver 1","Unknown","Clear","Hit Object","Intersection","Fixed Object","Not Applicable","Not Applicable","At","Crosswalk Signal","False","False","75811","ISADORA DR","PIEDMONT RD","37.41131885","-121.8533969"
"691279","CR-0000097524","0","0","0","0","23-049-4002","False","True","","2/18/2023 3:50:00 PM","No Pedestrians Involved","Unknown","Unknown","Unknown","Unknown","Unknown","Unknown","Sideswipe","Related","Parked Vehicle","Not Applicable","Not Applicable","East Of","","False","False","75790","ISADORA DR","MAJESTIC WY","37.40984076","-121.8567631"
"690229","CR-0000096318","0","0","0","0","22-265-4004","False","True","51","9/22/2022 7:50:00 AM","No Pedestrians Involved","Unknown","Unknown","Unknown","Unknown","Unknown","Unknown","Rear End","Non-Related","Other Vehicle","Not Applicable","Not Applicable","East Of","","False","False","75790","ISADORA DR","MAJESTIC WY","37.40984076","-121.8567631"
"689218","CR-0000095148","0","0","0","0","22-273-4000","False","True","0","9/22/2022 7:50:00 AM","No Pedestrians Involved","Unknown","Unknown","Daylight","Unknown","Unknown","Unknown","Sideswipe","Intersection","Other Vehicle","Not Applicable","Not Applicable","At","","False","False","75790","ISADORA DR","MAJESTIC WY","37.40984076","-121.8567631"
"720839","CR-0000103042","0","0","0","0","24-042-4001","False","True","51","2/11/2024 11:14:00 AM","No Pedestrians Involved","Unknown","Unknown","Unknown","Unknown","Unknown","Unknown","Sideswipe","Non-Related","Parked Vehicle","Not Applicable","Not Applicable","South Of","","False","False","62666","FOUR OAKS RD","ZORIA CI","37.39325897","-121.875612"
"683000","CR-0000092581","0","0","0","0","22-174-0886","True","False","0","6/23/2022 7:47:00 PM","No Pedestrians Involved","Dry","No Unusual Conditions","Dark - Street Light","Violation Driver 1","Controls Functioning","Clear","Hit Object","Intersection","Fixed Object","Not Applicable","Not Applicable","At","Street Light","True","False","38609","CHEYENNE LN","SNELL WY","37.24540633","-121.8308485"
"681196","CR-0000090581","0","0","1","0","22-002-0762","False","False","0","1/2/2022 8:57:00 PM","Crossing - Not In Crosswalk","Dry","No Unusual Conditions","Dark - Street Light","Pedestrian At Fault","Controls Functioning","Clear","Vehicle/Pedestrian","Intersection","Pedestrian","South","North","At","PEDESTRIAN","False","False","17930","BESWICK DR","BLOSSOM HILL RD","37.25129932","-121.8090904"
"689404","CR-0000095377","1","0","0","0","22-315-0465","False","False","0","11/11/2022 3:28:00 PM","Crossing In Crosswalk - At Intersection","Dry","No Unusual Conditions","Daylight","Violation Driver 1","Controls Functioning","Clear","Vehicle/Pedestrian","Intersection","Pedestrian","West","East","At","PED","True","False","17930","BESWICK DR","BLOSSOM HILL RD","37.25129932","-121.8090904"
"689414","CR-0000095359","1","0","0","0","22-305-0623","False","False","0","11/1/2022 3:55:00 PM","No Pedestrians Involved","Dry","No Unusual Conditions","Daylight","Violation Driver 1","Controls Functioning","Clear","Broadside","Intersection","Other Vehicle","Not Applicable","Not Applicable","At","","False","False","17930","BESWICK DR","BLOSSOM HILL RD","37.25129932","-121.8090904"
"683509","CR-0000093107","1","0","0","0","22-197-0730","False","False","0","7/16/2022 6:17:00 PM","No Pedestrians Involved","Dry","No Unusual Conditions","Daylight","Violation Driver 1","Controls Functioning","Clear","Rear End","Intersection","Other Vehicle","Not Applicable","Not Applicable","At","","False","False","17930","BESWICK DR","BLOSSOM HILL RD","37.25129932","-121.8090904"
"690396","CR-0000096492","0","0","0","0","22-279-4007","False","True","50","10/4/2022 9:00:00 AM","No Pedestrians Involved","Unknown","Unknown","Unknown","Unknown","Unknown","Unknown","Rear End","Related","Unknown","Not Applicable","Not Applicable","South Of","","False","True","17930","BESWICK DR","BLOSSOM HILL RD","37.25129932","-121.8090904"
"694430","CR-0000098393","0","1","0","0","23-158-1005","False","False","0","6/7/2023 10:19:00 PM","No Pedestrians Involved","Dry","No Unusual Conditions","Dark - Street Light","Violation Driver 1","Controls Functioning","Clear","Broadside","Intersection","Other Vehicle","Not Applicable","Not Applicable","At","","False","False","17930","BESWICK DR","BLOSSOM HILL RD","37.25129932","-121.8090904"
"699328","CR-0000100655","0","0","0","0","23-180-4003","False","True","","6/29/2023 5:40:00 AM","No Pedestrians Involved","Unknown","Unknown","Unknown","Unknown","Unknown","Unknown","Rear End","Related","Other Vehicle","Not Applicable","Not Applicable","Unknown","","False","False","17930","BESWICK DR","BLOSSOM HILL RD","37.25129932","-121.8090904"
"696112","CR-0000099252","0","0","0","0","23-238-0168","False","False","0","8/26/2023 5:01:00 AM","No Pedestrians Involved","Dry","No Unusual Conditions","Dark - Street Light","Violation Driver 1","Controls Functioning","Clear","Broadside","Intersection","Other Vehicle","Not Applicable","Not Applicable","At","","False","True","17930","BESWICK DR","BLOSSOM HILL RD","37.25129932","-121.8090904"
"724079","CR-0000104477","1","0","0","0","24-148-0419","True","False","360","5/27/2024 2:17:00 PM","No Pedestrians Involved","Dry","No Unusual Conditions","Daylight","Violation Driver 1","No Controls Present/Factor","Clear","Hit Object","Non-Related","Fixed Object","Not Applicable","Not Applicable","West Of","TREE","True","False","17930","BESWICK DR","BLOSSOM HILL RD","37.25129932","-121.8090904"
"723834","CR-0000104230","0","0","1","0","24-116-0060","True","False","345","4/25/2024 2:21:00 AM","No Pedestrians Involved","Dry","No Unusual Conditions","Dark - Street Light","Violation Driver 1","Controls Functioning","Cloudy","Hit Object","Non-Related","Fixed Object","Not Applicable","Not Applicable","West Of","TREE","True","False","17930","BESWICK DR","BLOSSOM HILL RD","37.25129932","-121.8090904"
"725478","CR-0000104975","1","0","0","0","24-154-0726","False","False","0","6/2/2024 7:33:00 PM","Crossing In Crosswalk - At Intersection","Dry","No Unusual Conditions","Unknown","Violation Driver 1","Controls Functioning","Clear","Vehicle/Pedestrian","Intersection","Pedestrian","South","North","At","PED","False","False","17930","BESWICK DR","BLOSSOM HILL RD","37.25129932","-121.8090904"
"726916","CR-0000105458","0","3","0","0","24-192-0210","True","False","","7/10/2024 7:51:00 AM","No Pedestrians Involved","Dry","No Unusual Conditions","Daylight","Violation Driver 1","Controls Functioning","Clear","Sideswipe","Related","Other Vehicle","Not Applicable","Not Applicable","East Of","TRAFFIC LIGHT POLE","False","True","17930","BESWICK DR","BLOSSOM HILL RD","37.25129932","-121.8090904"
"681207","CR-0000090592","0","0","0","0","22-003-0553","False","False","30","1/3/2022 2:10:00 PM","No Pedestrians Involved","Dry","No Unusual Conditions","Daylight","Violation Driver 1","No Controls Present/Factor","Clear","Hit Object","Related","Fixed Object","Not Applicable","Not Applicable","West Of","FENCE","True","False","120625","CALCATERRA DR","RAJKOVICH WY","37.20867395","-121.8482974"
"683435","CR-0000093030","0","0","0","0","22-164-9704","False","True","51","6/13/2022 4:05:00 AM","No Pedestrians Involved","Dry","No Unusual Conditions","Dusk - Dawn","Unknown","No Controls Present/Factor","Clear","Broadside","Non-Related","Other Vehicle","Not Applicable","Not Applicable","South Of","","False","False","9272","ARPEGGIO AV","ROSENBAUM AV","37.27300733","-121.8404085"
"682218","CR-0000091781","1","0","0","0","22-102-0216","False","False","0","4/12/2022 8:27:00 AM","Crossing In Crosswalk - At Intersection","Dry","No Unusual Conditions","Daylight","Violation Driver 1","Unknown","Clear","Vehicle/Pedestrian","Intersection","Pedestrian","East","West","At","PEDESTRIAN","False","False","70707","HARVEST DR","MT PLEASANT RD","37.35304758","-121.8003358"
"690269","CR-0000096360","0","0","0","0","22-269-4005","False","True","0","9/15/2022 12:15:00 PM","No Pedestrians Involved","Unknown","Unknown","Unknown","Unknown","Unknown","Unknown","Other","Intersection","Other Vehicle","Not Applicable","Not Applicable","At","","False","False","70707","HARVEST DR","MT PLEASANT RD","37.35304758","-121.8003358"
"690200","CR-0000096291","0","0","0","0","22-305-9710","False","True","51","11/1/2022 2:19:00 PM","No Pedestrians Involved","Wet","No Unusual Conditions","Daylight","Unknown","No Controls Present/Factor","Rain","Sideswipe","Non-Related","Parked Vehicle","Not Applicable","Not Applicable","East Of","","False","True","131230","QUAIL BLUFF LN","TERRA PL","37.29787387","-121.789011"
"722594","CR-0000103899","0","0","0","0","24-113-4008","False","True","51","3/12/2024 12:00:00 PM","No Pedestrians Involved","Unknown","Unknown","Unknown","Unknown","Unknown","Unknown","Other","Non-Related","Other Vehicle","Not Applicable","Not Applicable","West Of","","False","False","48498","DANIEL MALONEY DR","THIMBLEHALL LN","37.30809243","-121.8004837"
"684900","CR-0000093574","0","1","0","0","22-198-0779","False","False","42","7/17/2022 7:58:00 PM","In Road - Includes Shoulder","Dry","No Unusual Conditions","Daylight","Pedestrian At Fault","No Controls Present/Factor","Clear","Vehicle/Pedestrian","Related","Pedestrian","North","South","North Of","SKATEBOARD","False","False","45011","CRAILFORD CT","DUNDALE DR","37.29672545","-121.8138571"
"722139","CR-0000103404","0","0","0","0","24-080-9706","False","True","51","3/12/2024 7:20:00 AM","No Pedestrians Involved","Wet","Unknown","Daylight","Unknown","No Controls Present/Factor","Cloudy","Sideswipe","Non-Related","Parked Vehicle","Not Applicable","Not Applicable","South Of","","False","False","94490","MUIR PLACE CT","RAVENS PLACE WY","37.29846516","-121.8086398"
"682502","CR-0000092069","2","0","0","0","22-093-0413","False","False","20","4/3/2022 12:26:00 PM","No Pedestrians Involved","Dry","No Unusual Conditions","Daylight","Violation Driver 1","Controls Functioning","Clear","Rear End","Related","Other Vehicle","Not Applicable","Not Applicable","East Of","","True","False","49312","DEANS PLACE WY/REGABY PLACE CT","YERBA BUENA RD","37.29652384","-121.8072601"
"690309","CR-0000096403","0","0","0","0","22-238-9705","False","True","0","8/14/2022 7:20:00 PM","No Pedestrians Involved","Dry","No Unusual Conditions","Daylight","Unknown","No Controls Present/Factor","Clear","Broadside","Intersection","Other Vehicle","Not Applicable","Not Applicable","At","","False","True","49312","DEANS PLACE WY/REGABY PLACE CT","YERBA BUENA RD","37.29652384","-121.8072601"
"689995","CR-0000096053","2","0","0","0","22-301-0617","False","False","0","10/28/2022 4:55:00 PM","No Pedestrians Involved","Dry","No Unusual Conditions","Daylight","Violation Driver 1","No Controls Present/Factor","Clear","Broadside","Intersection","Other Vehicle","Not Applicable","Not Applicable","At","","False","False","49312","DEANS PLACE WY/REGABY PLACE CT","YERBA BUENA RD","37.29652384","-121.8072601"
"692444","CR-0000097729","0","1","0","0","23-083-0378","False","False","0","3/24/2023 12:24:00 PM","Crossing - Not In Crosswalk","Dry","No Unusual Conditions","Daylight","Pedestrian At Fault","No Controls Present/Factor","Clear","Vehicle/Pedestrian","Intersection","Pedestrian","South","North","At","PED","False","False","51083","DIANA AV","PACINA DR","37.34770329","-121.8377038"
"688793","CR-0000094637","0","0","0","0","22-304-4004","False","True","51","10/31/2022 11:30:00 AM","No Pedestrians Involved","Unknown","Unknown","Daylight","Unknown","Unknown","Unknown","Sideswipe","Non-Related","Other Vehicle","Not Applicable","Not Applicable","West Of","","False","True","39490","CINDERELLA LN","TURLEY DR","37.34505813","-121.8405677"
"724171","CR-0000104572","0","0","0","0","24-077-4001","False","True","51","3/17/2024 1:55:00 PM","No Pedestrians Involved","Unknown","Unknown","Unknown","Unknown","Unknown","Unknown","Other","Non-Related","Other Vehicle","Not Applicable","Not Applicable","North Of","","False","True","39490","CINDERELLA LN","TURLEY DR","37.34505813","-121.8405677"
"721987","CR-0000103241","0","0","0","0","24-052-4001","False","True","51","2/21/2024 7:55:00 AM","No Pedestrians Involved","Unknown","Unknown","Unknown","Unknown","Unknown","Unknown","Sideswipe","Non-Related","Parked Vehicle","Not Applicable","Not Applicable","East Of","","False","False","51105","DIANA AV","TIARA DR","37.34644098","-121.8364942"
"683217","CR-0000092807","0","0","0","0","22-136-4002","False","True","51","5/15/2022 12:00:00 PM","No Pedestrians Involved","Unknown","Unknown","Daylight","Unknown","Unknown","Unknown","Other","Non-Related","Parked Vehicle","Not Applicable","Not Applicable","West Of","","False","True","51061","DIANA AV","MANASSAS CT","37.346192","-121.836261"
"681457","CR-0000090847","0","0","0","0","22-032-9708","False","True","40","1/28/2022 12:30:00 AM","No Pedestrians Involved","Dry","No Unusual Conditions","Dark - Street Light","Violation Driver 1","No Controls Present/Factor","Clear","Sideswipe","Related","Parked Vehicle","Not Applicable","Not Applicable","East Of","","False","False","100100","PENTLAND WY","PUMPHERSTON WY","37.3150739","-121.801206"
"682693","CR-0000092269","0","0","0","0","22-151-0086","True","False","166","5/31/2022 1:59:00 AM","No Pedestrians Involved","Dry","No Unusual Conditions","Dark - Street Light","Violation Driver 1","No Controls Present/Factor","Clear","Hit Object","Non-Related","Fixed Object","Not Applicable","Not Applicable","East Of","BIKE PATH PILLAR POLE","False","False","138115","BARACK OBAMA BL","LRT-X","37.33004377","-121.9000927"
"711770","CR-0000101059","0","0","0","0","23-296-4009","False","True","51","10/23/2023 5:50:00 PM","Unknown","Unknown","Unknown","Unknown","Unknown","Unknown","Unknown","Vehicle/Pedestrian","Non-Related","Skateboard","Unknown","Unknown","East Of","Electric Skateboard","False","False","144076","CASSELINO DR","COMMUNICATION HILL BL","37.28180273","-121.8511092"
"724027","CR-0000104424","0","0","0","0","24-146-0101","True","False","186","5/25/2024 1:56:00 AM","No Pedestrians Involved","Dry","No Unusual Conditions","Dark - Street Light","Violation Driver 1","No Controls Present/Factor","Clear","Hit Object","Non-Related","Fixed Object","Not Applicable","Not Applicable","West Of","TREE","False","False","144076","CASSELINO DR","COMMUNICATION HILL BL","37.28180273","-121.8511092"
"682392","CR-0000091955","0","0","0","0","22-112-0113","False","False","78","4/22/2022 5:18:00 AM","No Pedestrians Involved","Dry","No Unusual Conditions","Dark - Street Light","Violation Driver 1","No Controls Present/Factor","Clear","Rear End","Non-Related","Parked Vehicle","Not Applicable","Not Applicable","East Of","","False","True","144012","ESTANCIA DR","PALMILLA DR","37.40904905","-121.9381292"
"720908","CR-0000103134","0","0","0","0","24-030-9706","False","True","51","1/30/2024 3:30:00 AM","No Pedestrians Involved","Dry","No Unusual Conditions","Dark - Street Light","Unknown","No Controls Present/Factor","Clear","Sideswipe","Non-Related","Parked Vehicle","Not Applicable","Not Applicable","South Of","","False","True","72258","HERMA ST","JUDITH ST","37.25052002","-121.8250688"
"722368","CR-0000103662","0","0","0","0","24-092-4003","False","True","51","4/1/2024 12:23:00 PM","No Pedestrians Involved","Unknown","Unknown","Unknown","Unknown","Unknown","Unknown","Rear End","Non-Related","Other Vehicle","Not Applicable","Not Applicable","Unknown","","False","False","19887","BLOSSOM HILL RD","CAHALAN AV","37.25057314","-121.8467521"
"715939","CR-0000101857","0","0","0","0","23-137-0939","False","False","99","5/17/2023 9:21:00 PM","No Pedestrians Involved","Dry","No Unusual Conditions","Dark - Street Light","Violation Driver 1","Controls Functioning","Clear","Head On","Non-Related","Other Vehicle","Not Applicable","Not Applicable","East Of","","True","False","19887","BLOSSOM HILL RD","CAHALAN AV","37.25057314","-121.8467521"
"724055","CR-0000104458","0","0","0","0","24-147-0365","True","False","39","5/26/2024 10:57:00 AM","No Pedestrians Involved","Dry","No Unusual Conditions","Daylight","Violation Driver 1","Controls Functioning","Clear","Hit Object","Related","Fixed Object","Not Applicable","Not Applicable","East Of","LIGHTPOLE","False","True","19887","BLOSSOM HILL RD","CAHALAN AV","37.25057314","-121.8467521"
"682586","CR-0000092153","1","1","0","0","22-145-0900","False","False","0","5/25/2022 8:00:00 PM","No Pedestrians Involved","Dry","No Unusual Conditions","Dusk - Dawn","Violation Driver 1","Controls Functioning","Clear","Broadside","Intersection","Other Vehicle","Not Applicable","Not Applicable","At","","False","False","19887","BLOSSOM HILL RD","CAHALAN AV","37.25057314","-121.8467521"
"699296","CR-0000100621","0","0","0","0","23-175-4005","False","True","","6/23/2023 8:00:00 AM","No Pedestrians Involved","Unknown","Unknown","Unknown","Unknown","Unknown","Unknown","Other","Related","Parked Vehicle","Not Applicable","Not Applicable","Unknown","","False","False","19887","BLOSSOM HILL RD","CAHALAN AV","37.25057314","-121.8467521"
"711757","CR-0000101504","0","0","0","0","23-271-4002","False","True","","9/28/2023 8:15:00 AM","No Pedestrians Involved","Unknown","Unknown","Unknown","Unknown","Unknown","Unknown","Sideswipe","Related","Parked Vehicle","Not Applicable","Not Applicable","West Of","","False","False","44770","COYOTE RD","HOUNDSBROOK WY","37.27949534","-121.8209217"
"699178","CR-0000100498","0","0","0","0","23-181-0390","False","False","316","6/30/2023 1:35:00 PM","No Pedestrians Involved","Dry","Unknown","Daylight","Violation Driver 1","Controls Functioning","Clear","Sideswipe","Non-Related","Other Vehicle","Not Applicable","Not Applicable","West Of","","False","False","44770","COYOTE RD","HOUNDSBROOK WY","37.27949534","-121.8209217"