"CrashFactId","Name","MinorInjuries","ModerateInjuries","SevereInjuries","FatalInjuries","TcrNumber","CityDamageFlag","ShortFormFlag","Distance","CrashDateTime","PedestrianAction","RoadwaySurface","RoadwayCondition","Lighting","PrimaryCollisionFactor","TrafficControl","Weather","CollisionType","ProximityToIntersection","VehicleInvolvedWith","PedestrianDirectionFrom","PedestrianDirectionTo","DirectionFromIntersection","Comment","SpeedingFlag","HitAndRunFlag","IntersectionNumber","AStreetName","BStreetName","Latitude","Longitude"
"682922","CR-0000092492","0","1","0","0","22-172-0960","False","False","95","6/21/2022 9:42:00 PM","No Pedestrians Involved","Dry","No Unusual Conditions","Dark - Street Light","Violation Driver 1","No Controls Present/Factor","Clear","Rear End","Non-Related","Other Vehicle","Not Applicable","Not Applicable","South Of","","False","True","72478","HIAWATHA DR","PALISADE DR","37.28151968","-121.8149993"
"692583","CR-0000097875","0","0","0","0","23-057-9701","False","True","0","2/26/2023 7:20:00 AM","No Pedestrians Involved","Dry","No Unusual Conditions","Daylight","Unknown","No Controls Present/Factor","Cloudy","Sideswipe","Intersection","Other Vehicle","Not Applicable","Not Applicable","At","","False","False","72478","HIAWATHA DR","PALISADE DR","37.28151968","-121.8149993"
"722064","CR-0000103318","0","0","0","0","24-062-0901","True","False","200","3/2/2024 11:45:00 PM","No Pedestrians Involved","Wet","No Unusual Conditions","Dark - Street Light","Violation Driver 1","No Controls Present/Factor","Rain","Hit Object","Non-Related","Fixed Object","Not Applicable","Not Applicable","South Of","TREE","False","False","72478","HIAWATHA DR","PALISADE DR","37.28151968","-121.8149993"
"689589","CR-0000095566","0","1","0","0","22-317-0567","False","False","0","11/13/2022 5:38:00 PM","No Pedestrians Involved","Dry","No Unusual Conditions","Dark - No Street Light","Violation Driver 1","No Controls Present/Factor","Clear","Head On","Intersection","Motorcycle","Not Applicable","Not Applicable","At","","True","False","79045","KETTMANN RD","WOODSIDE LN","37.31209718","-121.7958731"
"682357","CR-0000091920","0","0","0","0","22-107-4000","False","True","51","4/16/2022 9:00:00 PM","No Pedestrians Involved","Unknown","Unknown","Unknown","Violation Driver 1","Unknown","Unknown","Other","Non-Related","Other Vehicle","Not Applicable","Not Applicable","West Of","","False","True","56011","ELKINS WY","KETTMANN RD","37.30941483","-121.7952642"
"690902","CR-0000097057","1","0","0","0","23-045-0222","False","False","0","2/14/2023 9:15:00 AM","No Pedestrians Involved","Dry","No Unusual Conditions","Daylight","Violation Driver 1","No Controls Present/Factor","Clear","Rear End","Intersection","Other Vehicle","Not Applicable","Not Applicable","At","","True","True","89320","MCCREERY AV","POCO WY","37.34236264","-121.8409101"
"694648","CR-0000098681","1","0","0","0","23-211-0535","False","False","0","7/30/2023 2:54:00 PM","No Pedestrians Involved","Dry","No Unusual Conditions","Daylight","Violation Driver 1","No Controls Present/Factor","Clear","Broadside","Intersection","Other Vehicle","Not Applicable","Not Applicable","At","","True","True","35199","CATHAY DR","MANDARIN WY","37.3419575","-121.8370417"
"726597","CR-0000105131","0","0","0","0","24-156-4000","False","True","0","6/4/2024 7:36:00 AM","No Pedestrians Involved","Unknown","Unknown","Daylight","Unknown","Unknown","Unknown","Other","Intersection","Other Vehicle","Not Applicable","Not Applicable","At","","False","False","35166","CATHAY DR","DECATUR DR","37.34137605","-121.8364766"
"680496","CR-0000089738","1","0","0","1","22-043-1060","True","False","88","2/12/2022 11:48:00 PM","No Pedestrians Involved","Dry","No Unusual Conditions","Dark - Street Light","Violation Driver 1","Controls Functioning","Clear","Hit Object","Non-Related","Fixed Object","Not Applicable","Not Applicable","South Of","Tree","False","False","34913","CASTLETON DR","WHITE RD","37.32194261","-121.7960288"
"681793","CR-0000091193","2","0","0","0","22-076-0436","False","False","0","3/17/2022 12:30:00 PM","No Pedestrians Involved","Dry","No Unusual Conditions","Daylight","Violation Driver 1","Controls Functioning","Clear","Broadside","Intersection","Other Vehicle","Not Applicable","Not Applicable","At","","True","False","64272","GALAHAD AV","STORY RD","37.3494509","-121.8290149"
"681766","CR-0000091166","0","0","0","0","22-058-0659","False","False","152","2/27/2022 5:14:00 PM","No Pedestrians Involved","Dry","No Unusual Conditions","Daylight","Unknown","No Controls Present/Factor","Clear","Sideswipe","Non-Related","Other Vehicle","Not Applicable","Not Applicable","West Of","","False","False","64272","GALAHAD AV","STORY RD","37.3494509","-121.8290149"
"682425","CR-0000091988","0","0","0","0","22-116-0412","False","False","60","4/26/2022 1:57:00 PM","No Pedestrians Involved","Dry","No Unusual Conditions","Daylight","Violation Driver 1","No Controls Present/Factor","Clear","Sideswipe","Non-Related","Other Vehicle","Not Applicable","Not Applicable","West Of","","False","True","64272","GALAHAD AV","STORY RD","37.3494509","-121.8290149"
"682807","CR-0000092397","0","0","0","0","22-135-9704","False","True","0","5/13/2022 12:00:00 PM","No Pedestrians Involved","Dry","No Unusual Conditions","Daylight","Unknown","Controls Functioning","Clear","Sideswipe","Intersection","Other Vehicle","Not Applicable","Not Applicable","At","","False","True","64272","GALAHAD AV","STORY RD","37.3494509","-121.8290149"
"684956","CR-0000093655","0","0","0","0","22-224-0438","False","False","52","8/12/2022 1:12:00 PM","No Pedestrians Involved","Dry","No Unusual Conditions","Daylight","Violation Driver 1","Controls Functioning","Clear","Rear End","Non-Related","Other Vehicle","Not Applicable","Not Applicable","East Of","","True","False","64272","GALAHAD AV","STORY RD","37.3494509","-121.8290149"
"683428","CR-0000093024","1","0","0","0","22-160-0122","False","False","0","6/9/2022 8:19:00 AM","No Pedestrians Involved","Dry","Unknown","Daylight","Violation Driver 1","Controls Functioning","Clear","Broadside","Intersection","Other Vehicle","Not Applicable","Not Applicable","At","","False","False","64272","GALAHAD AV","STORY RD","37.3494509","-121.8290149"
"685410","CR-0000094145","1","0","0","0","22-261-0565","False","False","0","9/18/2022 3:45:00 PM","No Pedestrians Involved","Wet","No Unusual Conditions","Daylight","Violation Driver 1","Controls Functioning","Rain","Head On","Intersection","Other Vehicle","Not Applicable","Not Applicable","At","","False","True","64272","GALAHAD AV","STORY RD","37.3494509","-121.8290149"
"699079","CR-0000100385","0","0","0","1","24-041-0287","False","False","0","2/10/2024 12:13:00 PM","Crossing In Crosswalk - At Intersection","Dry","No Unusual Conditions","Daylight","Violation Driver 1","Controls Functioning","Clear","Vehicle/Pedestrian","Intersection","Pedestrian","South","North","At","PED","True","False","64272","GALAHAD AV","STORY RD","37.3494509","-121.8290149"
"726566","CR-0000105100","3","1","0","0","24-155-0505","False","False","0","6/3/2024 1:57:00 PM","No Pedestrians Involved","Dry","No Unusual Conditions","Daylight","Violation Driver 1","Controls Functioning","Clear","Broadside","Intersection","Other Vehicle","Not Applicable","Not Applicable","At","","False","False","64272","GALAHAD AV","STORY RD","37.3494509","-121.8290149"
"726487","CR-0000105020","0","0","0","0","24-174-1000","False","False","60","6/22/2024 11:13:00 PM","No Pedestrians Involved","Dry","No Unusual Conditions","Dark - Street Light","Violation Driver 1","Controls Functioning","Clear","Sideswipe","Non-Related","Other Vehicle","Not Applicable","Not Applicable","North Of","","True","True","64272","GALAHAD AV","STORY RD","37.3494509","-121.8290149"
"722138","CR-0000103403","0","0","0","0","24-074-4006","False","True","0","3/12/2024 3:45:00 PM","No Pedestrians Involved","Unknown","Unknown","Unknown","Unknown","Unknown","Unknown","Broadside","Intersection","Other Vehicle","Not Applicable","Not Applicable","At","","False","False","64272","GALAHAD AV","STORY RD","37.3494509","-121.8290149"
"722247","CR-0000103514","0","0","0","0","24-084-0113","True","False","255","3/24/2024 2:15:00 AM","No Pedestrians Involved","Wet","No Unusual Conditions","Dark - Street Light","Violation Driver 1","Controls Functioning","Rain","Hit Object","Non-Related","Fixed Object","Not Applicable","Not Applicable","East Of","","True","True","64272","GALAHAD AV","STORY RD","37.3494509","-121.8290149"
"720829","CR-0000103032","1","0","0","0","24-034-0018","True","False","0","2/3/2024 12:18:00 AM","No Pedestrians Involved","Wet","No Unusual Conditions","Dark - Street Light","Violation Driver 1","Controls Functioning","Clear","Sideswipe","Intersection","Other Vehicle","Not Applicable","Not Applicable","At","TRAFFIC SIGNAL","False","True","64272","GALAHAD AV","STORY RD","37.3494509","-121.8290149"
"698883","CR-0000100179","1","0","0","0","23-306-1009","False","False","0","11/2/2023 11:47:00 PM","No Pedestrians Involved","Dry","No Unusual Conditions","Dark - Street Light","Violation Driver 1","No Controls Present/Factor","Clear","Vehicle/Bike","Intersection","Scooter Motorized","Not Applicable","Not Applicable","At","E. SCOOTER","False","False","78330","KARL ST","STORY RD","37.34550039","-121.8348367"
"694251","CR-0000097945","0","0","0","0","22-116-9704","False","True","","3/9/2022 10:00:00 PM","No Pedestrians Involved","Dry","No Unusual Conditions","Dark - Street Light","Unknown","Controls Functioning","Other","Rear End","Related","Other Vehicle","Not Applicable","Not Applicable","Unknown","","False","False","78330","KARL ST","STORY RD","37.34550039","-121.8348367"
"681754","CR-0000091154","0","0","0","0","22-053-0375","False","False","228","2/22/2022 12:24:00 PM","No Pedestrians Involved","Dry","No Unusual Conditions","Daylight","Violation Driver 1","No Controls Present/Factor","Clear","Sideswipe","Non-Related","Other Vehicle","Not Applicable","Not Applicable","West Of","","False","True","78330","KARL ST","STORY RD","37.34550039","-121.8348367"
"689204","CR-0000095127","0","0","1","0","22-303-0877","False","False","21","10/30/2022 9:55:00 PM","No Pedestrians Involved","Dry","No Unusual Conditions","Dark - Street Light","Violation Driver 1","Controls Functioning","Clear","Vehicle/Bike","Related","Bike","Not Applicable","Not Applicable","East Of","BIKE/2 CARS AT FAULT","True","True","2001","ADRIAN WY","STORY RD","37.34602863","-121.834061"
"698892","CR-0000100190","1","0","0","0","23-308-0874","False","False","25","11/4/2023 10:49:00 PM","No Pedestrians Involved","Dry","No Unusual Conditions","Dark - Street Light","Violation Driver 1","Controls Functioning","Clear","Broadside","Related","Other Vehicle","Not Applicable","Not Applicable","East Of","","False","True","2001","ADRIAN WY","STORY RD","37.34602863","-121.834061"
"698830","CR-0000100113","2","0","0","0","23-364-0599","False","False","95","12/30/2023 6:34:00 PM","No Pedestrians Involved","Dry","No Unusual Conditions","Dark - Street Light","Violation Driver 1","No Controls Present/Factor","Cloudy","Rear End","Non-Related","Other Vehicle","Not Applicable","Not Applicable","West Of","","False","False","2001","ADRIAN WY","STORY RD","37.34602863","-121.834061"
"699459","CR-0000100783","0","0","0","0","23-195-0037","False","False","153","7/14/2023 12:40:00 AM","No Pedestrians Involved","Dry","No Unusual Conditions","Dark - Street Light","Violation Driver 1","No Controls Present/Factor","Clear","Sideswipe","Non-Related","Parked Vehicle","Not Applicable","Not Applicable","East Of","","False","True","2001","ADRIAN WY","STORY RD","37.34602863","-121.834061"
"722527","CR-0000103850","0","0","0","0","24-107-0609","False","False","90","4/16/2024 3:20:00 PM","No Pedestrians Involved","Dry","No Unusual Conditions","Daylight","Violation Driver 1","No Controls Present/Factor","Clear","Rear End","Non-Related","Other Vehicle","Not Applicable","Not Applicable","East Of","","False","False","2001","ADRIAN WY","STORY RD","37.34602863","-121.834061"
"711872","CR-0000101146","0","0","0","0","23-287-9707","False","True","0","10/13/2023 6:57:00 AM","No Pedestrians Involved","Unknown","No Unusual Conditions","Dark - Street Light","Unknown","No Controls Present/Factor","Clear","Rear End","Intersection","Other Vehicle","Not Applicable","Not Applicable","At","","False","False","2001","ADRIAN WY","STORY RD","37.34602863","-121.834061"
"716366","CR-0000102349","2","0","0","0","24-051-0823","True","False","29","2/20/2024 8:18:00 PM","No Pedestrians Involved","Wet","No Unusual Conditions","Dark - Street Light","Violation Driver 1","Controls Functioning","Clear","Rear End","Related","Other Vehicle","Not Applicable","Not Applicable","East Of","TREE","False","False","2001","ADRIAN WY","STORY RD","37.34602863","-121.834061"
"717409","CR-0000102422","0","0","0","0","23-358-0759","True","False","23","12/24/2023 10:30:00 PM","No Pedestrians Involved","Dry","No Unusual Conditions","Dark - Street Light","Violation Driver 1","No Controls Present/Factor","Clear","Hit Object","Related","Fixed Object","Not Applicable","Not Applicable","South Of","SIGN","True","False","2001","ADRIAN WY","STORY RD","37.34602863","-121.834061"
"698734","CR-0000099984","1","0","0","0","23-270-1025","False","False","44","9/24/2023 11:58:00 PM","No Pedestrians Involved","Dry","No Unusual Conditions","Dark - Street Light","Violation Driver 1","No Controls Present/Factor","Clear","Rear End","Related","Parked Vehicle","Not Applicable","Not Applicable","East Of","","False","False","51479","DOMINICK WY","GERARD WY","37.36322402","-121.8132432"
"692427","CR-0000097710","1","0","0","0","23-082-0182","False","False","81","3/23/2023 8:17:00 AM","No Pedestrians Involved","Dry","No Unusual Conditions","Daylight","Violation Driver 1","Controls Functioning","Cloudy","Rear End","Non-Related","Parked Vehicle","Not Applicable","Not Applicable","South Of","","True","False","40105","CLAYTON RD","RAMSTAD DR","37.36058582","-121.8118159"
"685408","CR-0000094143","0","0","0","0","22-266-0878","False","False","147","9/18/2022 6:30:00 AM","No Pedestrians Involved","Dry","Loose Material On Roadway","Dark - Street Light","Violation Driver 1","Controls Functioning","Clear","Sideswipe","Non-Related","Parked Vehicle","Not Applicable","Not Applicable","South Of","","True","True","40105","CLAYTON RD","RAMSTAD DR","37.36058582","-121.8118159"
"690021","CR-0000096068","0","1","0","0","22-274-1162","False","False","368","10/1/2022 11:40:00 PM","No Pedestrians Involved","Dry","No Unusual Conditions","Dark - Street Light","Violation Driver 1","Controls Functioning","Clear","Sideswipe","Non-Related","Parked Vehicle","Not Applicable","Not Applicable","East Of","","False","False","93807","MT BLANC WY","ROCKY MOUNTAIN DR","37.34848696","-121.8073782"
"689175","CR-0000095024","0","0","0","0","22-297-0783","False","False","52","10/24/2022 7:00:00 PM","No Pedestrians Involved","Dry","No Unusual Conditions","Dark - Street Light","Violation Driver 1","No Controls Present/Factor","Clear","Other","Non-Related","Parked Vehicle","Not Applicable","Not Applicable","East Of","","False","True","16940","BERKSFORD WY","HURLINGHAM WY","37.3486171","-121.8149852"
"722369","CR-0000103663","0","0","0","0","24-092-9704","False","True","51","4/1/2024 2:30:00 AM","No Pedestrians Involved","Dry","No Unusual Conditions","Dark - Street Light","Unknown","Controls Functioning","Clear","Broadside","Non-Related","Parked Vehicle","Not Applicable","Not Applicable","East Of","","False","False","16940","BERKSFORD WY","HURLINGHAM WY","37.3486171","-121.8149852"
"711655","CR-0000101144","0","0","0","0","23-305-4005","False","True","","10/31/2023 9:00:00 PM","No Pedestrians Involved","Unknown","Unknown","Unknown","Unknown","Unknown","Unknown","Other","Related","Parked Vehicle","Not Applicable","Not Applicable","East Of","","False","False","122352","GLEN DUNDEE WY","GLEN HANLEIGH DR","37.33255118","-121.8095206"
"716281","CR-0000102235","1","2","0","0","24-055-0235","False","False","0","2/24/2024 7:23:00 AM","No Pedestrians Involved","Dry","No Unusual Conditions","Daylight","Violation Driver 1","No Controls Present/Factor","Clear","Sideswipe","Intersection","Other Vehicle","Not Applicable","Not Applicable","At","","True","False","48641","DARRYL CT","DARRYL DR","37.29839409","-121.9640135"
"716012","CR-0000101951","0","0","0","1","24-039-0253","False","False","0","2/8/2024 9:40:00 AM","Crossing - Not In Crosswalk","Dry","No Unusual Conditions","Daylight","Pedestrian At Fault","Controls Functioning","Clear","Vehicle/Pedestrian","Intersection","Pedestrian","East","West","At","PED","False","False","112430","TULLY RD","WHITE RD","37.33554673","-121.8006177"
"719827","CR-0000103000","0","0","0","0","24-037-9708","False","True","","2/6/2024 1:30:00 PM","No Pedestrians Involved","Dry","No Unusual Conditions","Daylight","Unknown","Controls Functioning","Cloudy","Sideswipe","Related","Other Vehicle","Not Applicable","Not Applicable","Unknown","","False","False","112430","TULLY RD","WHITE RD","37.33554673","-121.8006177"
"723751","CR-0000104147","1","0","0","0","24-123-0419","False","False","0","5/2/2024 12:00:00 PM","No Pedestrians Involved","Dry","No Unusual Conditions","Daylight","Violation Driver 1","Controls Functioning","Clear","Broadside","Intersection","Other Vehicle","Not Applicable","Not Applicable","At","","False","False","112430","TULLY RD","WHITE RD","37.33554673","-121.8006177"
"695852","CR-0000098917","0","0","0","0","23-106-0622","False","False","0","4/16/2023 6:00:00 PM","No Pedestrians Involved","Dry","No Unusual Conditions","Daylight","Violation Driver 1","Controls Functioning","Clear","Sideswipe","Intersection","Other Vehicle","Not Applicable","Not Applicable","At","","False","True","112430","TULLY RD","WHITE RD","37.33554673","-121.8006177"
"695925","CR-0000099054","0","0","0","0","23-240-4000","False","True","0","8/27/2023 10:15:00 PM","No Pedestrians Involved","Unknown","Unknown","Unknown","Unknown","Unknown","Unknown","Rear End","Intersection","Other Vehicle","Unknown","Unknown","At","","False","False","112430","TULLY RD","WHITE RD","37.33554673","-121.8006177"
"691395","CR-0000097644","2","0","0","0","23-064-0370","False","False","25","3/5/2023 12:09:00 PM","No Pedestrians Involved","Wet","No Unusual Conditions","Daylight","Violation Driver 1","Controls Functioning","Clear","Broadside","Related","Other Vehicle","Not Applicable","Not Applicable","West Of","","True","False","112430","TULLY RD","WHITE RD","37.33554673","-121.8006177"
"689187","CR-0000095052","0","0","0","1","22-060-0143","True","False","670","3/1/2022 6:10:00 AM","No Pedestrians Involved","Dry","No Unusual Conditions","Dark - Street Light","Violation Driver 1","Controls Functioning","Clear","Hit Object","Non-Related","Fixed Object","Not Applicable","Not Applicable","North Of","TREE","True","False","112430","TULLY RD","WHITE RD","37.33554673","-121.8006177"
"689153","CR-0000095021","2","0","0","0","22-196-7045","False","False","132","10/23/2022 6:54:00 PM","No Pedestrians Involved","Dry","No Unusual Conditions","Dark - Street Light","Violation Driver 1","Controls Functioning","Clear","Head On","Non-Related","Other Vehicle","Not Applicable","Not Applicable","North Of","","True","False","112430","TULLY RD","WHITE RD","37.33554673","-121.8006177"
"688886","CR-0000094746","1","0","0","0","22-282-0369","False","False","","10/3/2022 3:00:00 PM","No Pedestrians Involved","Dry","No Unusual Conditions","Daylight","Violation Driver 1","Controls Functioning","Other","Rear End","Related","Other Vehicle","Not Applicable","Not Applicable","North Of","","True","True","112430","TULLY RD","WHITE RD","37.33554673","-121.8006177"
"683525","CR-0000093123","0","0","0","0","22-203-0957","False","False","32","7/22/2022 10:22:00 PM","No Pedestrians Involved","Dry","No Unusual Conditions","Dark - Street Light","Violation Driver 1","Controls Functioning","Clear","Rear End","Related","Other Vehicle","Not Applicable","Not Applicable","North Of","","True","True","112430","TULLY RD","WHITE RD","37.33554673","-121.8006177"
"682259","CR-0000091820","2","0","0","0","22-122-0356","False","False","0","5/5/2022 3:48:00 PM","No Pedestrians Involved","Dry","No Unusual Conditions","Daylight","Violation Driver 1","Controls Functioning","Clear","Broadside","Intersection","Other Vehicle","Not Applicable","Not Applicable","At","","False","False","112430","TULLY RD","WHITE RD","37.33554673","-121.8006177"
"681260","CR-0000090646","1","0","0","0","22-007-0470","False","False","120","1/7/2022 3:19:00 PM","No Pedestrians Involved","Dry","No Unusual Conditions","Daylight","Violation Driver 1","Controls Functioning","Cloudy","Rear End","Non-Related","Other Vehicle","Not Applicable","Not Applicable","West Of","","True","False","112430","TULLY RD","WHITE RD","37.33554673","-121.8006177"
"682606","CR-0000092173","0","0","0","0","22-123-0550","True","False","0","5/3/2022 2:50:00 PM","No Pedestrians Involved","Dry","No Unusual Conditions","Daylight","Violation Driver 1","No Controls Present/Factor","Clear","Rear End","Intersection","Other Vehicle","Not Applicable","Not Applicable","At","Fire Department Vehicle","True","False","112430","TULLY RD","WHITE RD","37.33554673","-121.8006177"
"683380","CR-0000092973","1","0","0","0","22-073-0363","False","False","37","3/14/2022 11:46:00 AM","No Pedestrians Involved","Dry","No Unusual Conditions","Daylight","Violation Driver 1","Controls Functioning","Clear","Rear End","Related","Motor Vehicle On Other Roadway","Not Applicable","Not Applicable","West Of","","True","True","112430","TULLY RD","WHITE RD","37.33554673","-121.8006177"
"690426","CR-0000096524","0","0","0","0","22-341-0855","True","False","336","12/7/2022 9:39:00 PM","No Pedestrians Involved","Dry","No Unusual Conditions","Dark - Street Light","Unknown","Controls Functioning","Clear","Hit Object","Non-Related","Fixed Object","Not Applicable","Not Applicable","East Of","tree","False","True","114223","GLEN ANGUS WY","TULLY RD","37.33383436","-121.80373"
"716266","CR-0000102246","1","1","0","0","24-054-0171","True","False","237","2/23/2024 3:27:00 PM","No Pedestrians Involved","Dry","No Unusual Conditions","Daylight","Violation Driver 1","Controls Functioning","Clear","Hit Object","Non-Related","Fixed Object","Not Applicable","Not Applicable","East Of","TREE","True","False","114223","GLEN ANGUS WY","TULLY RD","37.33383436","-121.80373"
"682775","CR-0000092354","1","0","0","0","22-140-0725","False","False","21","5/20/2022 5:14:00 PM","No Pedestrians Involved","Dry","No Unusual Conditions","Daylight","Violation Driver 1","Controls Functioning","Clear","Hit Object","Related","Fixed Object","Not Applicable","Not Applicable","West Of","LIGHT POLE","True","False","65086","GAVILAN DR/MISSION GREENS DR","QUIMBY RD","37.3253238","-121.8020541"
"689649","CR-0000095631","1","0","0","0","22-315-0191","False","False","0","11/11/2022 8:21:00 AM","No Pedestrians Involved","Dry","No Unusual Conditions","Daylight","Bike At Fault","Unknown","Clear","Vehicle/Bike","Intersection","Bike","Not Applicable","Not Applicable","At","BIKE","False","False","65086","GAVILAN DR/MISSION GREENS DR","QUIMBY RD","37.3253238","-121.8020541"
"696107","CR-0000099246","1","0","0","0","23-238-0845","False","False","32","8/26/2023 8:58:00 PM","No Pedestrians Involved","Dry","No Unusual Conditions","Dark - Street Light","Violation Driver 1","No Controls Present/Factor","Clear","Broadside","Related","Parked Vehicle","Not Applicable","Not Applicable","West Of","","False","False","64448","GARBER PL","STORY RD","37.35829487","-121.815973"
"689344","CR-0000095303","0","1","0","0","22-310-0632","False","False","0","11/6/2022 5:30:00 PM","No Pedestrians Involved","Dry","No Unusual Conditions","Dark - Street Light","Violation Driver 1","No Controls Present/Factor","Clear","Broadside","Intersection","Motor Vehicle On Other Roadway","Not Applicable","Not Applicable","At","","False","False","68860","GRIFFITH ST","STORY RD","37.35743743","-121.8172365"
"683442","CR-0000093037","2","0","0","0","22-165-0727","False","False","0","6/14/2022 5:27:00 PM","No Pedestrians Involved","Dry","No Unusual Conditions","Daylight","Violation Driver 1","Unknown","Clear","Broadside","Intersection","Other Vehicle","Not Applicable","Not Applicable","At","","False","False","68860","GRIFFITH ST","STORY RD","37.35743743","-121.8172365"
"682497","CR-0000092064","1","0","0","0","22-102-0382","False","False","136","4/12/2022 12:01:00 PM","Crossing - Not In Crosswalk","Dry","No Unusual Conditions","Daylight","Pedestrian At Fault","No Controls Present/Factor","Clear","Vehicle/Pedestrian","Non-Related","Pedestrian","South","North","West Of","PED","False","False","68860","GRIFFITH ST","STORY RD","37.35743743","-121.8172365"
"725329","CR-0000104821","1","0","0","0","24-168-0686","False","False","275","6/16/2024 7:11:00 PM","No Pedestrians Involved","Dry","No Unusual Conditions","Daylight","Violation Driver 1","No Controls Present/Factor","Clear","Broadside","Non-Related","Other Vehicle","Not Applicable","Not Applicable","West Of","","True","True","68860","GRIFFITH ST","STORY RD","37.35743743","-121.8172365"
"690409","CR-0000096507","0","0","0","0","22-338-0868","False","False","30","12/4/2022 10:53:00 PM","No Pedestrians Involved","Wet","No Unusual Conditions","Dark - Street Light","Violation Driver 1","No Controls Present/Factor","Cloudy","Sideswipe","Related","Parked Vehicle","Not Applicable","Not Applicable","South Of","","False","True","36574","CHAPALA DR","RENO DR","37.33946162","-121.7900642"
"726905","CR-0000105446","0","0","0","0","24-200-4000","False","True","35","7/18/2024 7:30:00 AM","No Pedestrians Involved","Unknown","Unknown","Daylight","Unknown","Unknown","Unknown","Sideswipe","Related","Parked Vehicle","Not Applicable","Not Applicable","North Of","","False","False","121736","GLEN EXETER WY","GLEN SHARON WY","37.33039183","-121.8072627"
"695788","CR-0000098853","1","0","0","0","23-245-0794","True","False","300","9/2/2023 9:44:00 PM","No Pedestrians Involved","Dry","No Unusual Conditions","Daylight","Violation Driver 1","Controls Functioning","Clear","Rear End","Non-Related","Other Vehicle","Not Applicable","Not Applicable","South Of","TREE","False","False","114025","LAKE CUNNINGHAM","WHITE RD","37.33926193","-121.8038966"
"725260","CR-0000104741","0","0","0","0","24-167-4001","False","True","51","6/12/2024 2:00:00 PM","No Pedestrians Involved","Unknown","Unknown","Unknown","Unknown","Unknown","Unknown","Sideswipe","Non-Related","Other Vehicle","Not Applicable","Not Applicable","South Of","","False","False","128336","LEWIS RD","WALL ST","37.29325251","-121.8440793"
"688700","CR-0000094525","0","0","0","0","22-200-4004","False","True","51","7/19/2022 12:00:00 PM","No Pedestrians Involved","Unknown","Unknown","Daylight","Unknown","Unknown","Unknown","Rear End","Non-Related","Unknown","Not Applicable","Not Applicable","Unknown","","False","True","10724","AVALON DR","KRING DR","37.27726974","-121.8908102"
"689660","CR-0000095643","0","1","0","0","22-347-0199","False","False","0","12/13/2022 8:05:00 AM","No Pedestrians Involved","Dry","No Unusual Conditions","Daylight","Violation Driver 1","Controls Functioning","Clear","Vehicle/Bike","Intersection","Bike","Not Applicable","Not Applicable","At","","True","False","78836","KENTFIELD DR","LOS GATOS ALMADEN RD","37.24346606","-121.9256726"
"681566","CR-0000090963","0","1","0","0","22-042-0352","True","False","184","2/11/2022 11:18:00 AM","No Pedestrians Involved","Dry","No Unusual Conditions","Daylight","Violation Driver 1","Controls Functioning","Clear","Other","Non-Related","Fixed Object","Not Applicable","Not Applicable","East Of","TREE","False","False","123573","ALMADEN LAKE VILLAGE RD","COLEMAN RD","37.24330713","-121.8709125"
"723594","CR-0000103986","0","0","0","0","24-112-4004","False","True","51","4/21/2024 12:25:00 AM","No Pedestrians Involved","Unknown","Unknown","Unknown","Unknown","Unknown","Unknown","Sideswipe","Non-Related","Other Vehicle","Not Applicable","Not Applicable","West Of","","False","False","123573","ALMADEN LAKE VILLAGE RD","COLEMAN RD","37.24330713","-121.8709125"
"684672","CR-0000093299","1","0","0","0","22-187-9707","False","True","51","6/24/2022 10:00:00 PM","No Pedestrians Involved","Dry","No Unusual Conditions","Dark - Street Light","Unknown","Controls Functioning","Clear","Rear End","Non-Related","Other Vehicle","Not Applicable","Not Applicable","North Of","","False","False","59058","FELDSPAR DR","SENTER RD","37.30360263","-121.8434614"
"698897","CR-0000100196","0","2","0","0","23-327-0505","False","False","258","11/23/2023 6:15:00 PM","No Pedestrians Involved","Dry","No Unusual Conditions","Dark - Street Light","Violation Driver 1","No Controls Present/Factor","Clear","Other","Non-Related","Other Vehicle","Not Applicable","Not Applicable","North Of","","False","True","59058","FELDSPAR DR","SENTER RD","37.30360263","-121.8434614"
"699161","CR-0000100479","0","0","0","0","23-153-0919","False","False","306","6/2/2023 9:15:00 PM","No Pedestrians Involved","Dry","No Unusual Conditions","Dark - Street Light","Violation Driver 1","Controls Functioning","Clear","Rear End","Non-Related","Parked Vehicle","Not Applicable","Not Applicable","North Of","","True","False","59058","FELDSPAR DR","SENTER RD","37.30360263","-121.8434614"
"723795","CR-0000104191","0","0","0","0","24-124-0095","False","False","105","5/3/2024 5:56:00 AM","No Pedestrians Involved","Dry","No Unusual Conditions","Daylight","Violation Driver 1","No Controls Present/Factor","Clear","Rear End","Non-Related","Other Vehicle","Not Applicable","Not Applicable","South Of","","True","False","115158","SENTER CT","SENTER RD","37.30296063","-121.8428462"