"CrashFactId","Name","MinorInjuries","ModerateInjuries","SevereInjuries","FatalInjuries","TcrNumber","CityDamageFlag","ShortFormFlag","Distance","CrashDateTime","PedestrianAction","RoadwaySurface","RoadwayCondition","Lighting","PrimaryCollisionFactor","TrafficControl","Weather","CollisionType","ProximityToIntersection","VehicleInvolvedWith","PedestrianDirectionFrom","PedestrianDirectionTo","DirectionFromIntersection","Comment","SpeedingFlag","HitAndRunFlag","IntersectionNumber","AStreetName","BStreetName","Latitude","Longitude"
"726976","CR-0000105506","0","0","0","0","24-198-0334","True","False","0","7/16/2024 11:00:00 AM","No Pedestrians Involved","Dry","Other","Daylight","Other Than Driver","No Controls Present/Factor","Clear","Hit Object","Intersection","Fixed Object","Not Applicable","Not Applicable","At","TREE","False","False","124354","COUNTRY CLUB PW","SILVER CREEK VALLEY RD","37.27856577","-121.775837"
"688920","CR-0000094771","0","0","0","0","22-282-0337","True","False","454","10/9/2022 10:58:00 AM","No Pedestrians Involved","Dry","No Unusual Conditions","Dark - Street Light","Violation Driver 1","No Controls Present/Factor","Clear","Hit Object","Non-Related","Fixed Object","Not Applicable","Not Applicable","East Of","","True","False","124354","COUNTRY CLUB PW","SILVER CREEK VALLEY RD","37.27856577","-121.775837"
"681618","CR-0000091015","1","0","0","0","22-050-0089","True","False","43","2/19/2022 2:31:00 AM","No Pedestrians Involved","Dry","No Unusual Conditions","Dark - Street Light","Violation Driver 1","Controls Functioning","Clear","Hit Object","Related","Fixed Object","Not Applicable","Not Applicable","West Of","TREE","False","False","124354","COUNTRY CLUB PW","SILVER CREEK VALLEY RD","37.27856577","-121.775837"
"681393","CR-0000090782","0","0","0","0","22-019-0650","False","False","40","1/19/2022 4:35:00 PM","No Pedestrians Involved","Dry","No Unusual Conditions","Daylight","Violation Driver 1","Controls Functioning","Clear","Rear End","Related","Other Vehicle","Not Applicable","Not Applicable","West Of","","True","False","124354","COUNTRY CLUB PW","SILVER CREEK VALLEY RD","37.27856577","-121.775837"
"681574","CR-0000090971","0","0","0","0","22-043-0117","False","False","578","2/12/2022 2:40:00 AM","No Pedestrians Involved","Dry","No Unusual Conditions","Dark - Street Light","Violation Driver 1","Controls Functioning","Clear","Overturned","Non-Related","Non-Collision","Not Applicable","Not Applicable","South Of","","True","False","137543","HAWKSTONE WY","SILVER CREEK VALLEY RD","37.27664396","-121.7793747"
"684872","CR-0000093514","0","1","0","0","22-183-0602","False","False","59","7/2/2022 4:09:00 PM","No Pedestrians Involved","Dry","No Unusual Conditions","Daylight","Violation Driver 1","No Controls Present/Factor","Clear","Hit Object","Non-Related","Fixed Object","Not Applicable","Not Applicable","South Of","Median Curb","True","False","137543","HAWKSTONE WY","SILVER CREEK VALLEY RD","37.27664396","-121.7793747"
"726979","CR-0000105530","0","1","0","0","24-203-0204","True","False","2565","7/21/2024 6:50:00 AM","No Pedestrians Involved","Dry","No Unusual Conditions","Dark - Street Light","Violation Driver 1","Controls Functioning","Clear","Hit Object","Non-Related","Fixed Object","Not Applicable","Not Applicable","South Of","TREE","False","False","137543","HAWKSTONE WY","SILVER CREEK VALLEY RD","37.27664396","-121.7793747"
"684715","CR-0000093385","0","0","0","0","22-216-0276","True","False","77","8/4/2022 9:30:00 AM","No Pedestrians Involved","Dry","No Unusual Conditions","Daylight","Violation Driver 1","Controls Functioning","Clear","Other","Non-Related","Motorcycle","Not Applicable","Not Applicable","North Of","EMERGENCY VEHICLE PD","False","False","138137","BAILEY RD","MONTEREY RD","37.20644245","-121.7288629"
"689739","CR-0000095751","1","0","0","0","22-322-0235","False","False","138","11/18/2022 8:15:00 AM","No Pedestrians Involved","Dry","No Unusual Conditions","Daylight","Violation Driver 1","Controls Functioning","Unknown","Rear End","Non-Related","Other Vehicle","Not Applicable","Not Applicable","South Of","","True","False","125630","COURTSIDE DR","FARNSWORTH DR","37.28211866","-121.7637009"
"682411","CR-0000091975","1","0","0","0","22-114-0320","False","False","0","4/24/2022 10:17:00 AM","No Pedestrians Involved","Dry","No Unusual Conditions","Daylight","Violation Driver 1","No Controls Present/Factor","Clear","Broadside","Intersection","Other Vehicle","Not Applicable","Not Applicable","At","","False","True","43988","COTTAGE GROVE AV","SANBORN AV","37.31337307","-121.8738458"
"690588","CR-0000096709","0","1","0","0","23-015-0704","False","False","61","1/15/2023 9:37:00 PM","In Road - Includes Shoulder","Wet","No Unusual Conditions","Dark - Street Light","Violation Driver 1","No Controls Present/Factor","Rain","Vehicle/Pedestrian","Non-Related","Pedestrian","No Direction (Not Walking)","No Direction (Not Walking)","South Of","PED","True","True","10230","AUSTIN CT","SANBORN AV","37.31400167","-121.8744755"
"720840","CR-0000103043","0","0","0","0","24-042-4002","False","True","51","2/11/2024 11:30:00 AM","No Pedestrians Involved","Unknown","Unknown","Daylight","Unknown","Unknown","Unknown","Sideswipe","Non-Related","Parked Vehicle","Not Applicable","Not Applicable","South Of","","False","False","118975","BUCKHILL CT","TULLY RD","37.33579028","-121.7993776"
"723890","CR-0000104286","1","0","0","0","24-142-0672","False","False","0","5/21/2024 6:21:00 PM","No Pedestrians Involved","Dry","No Unusual Conditions","Daylight","Violation Driver 1","Controls Functioning","Clear","Broadside","Intersection","Other Vehicle","Not Applicable","Not Applicable","At","","False","False","118403","GLEN DONEGAL DR/PEPPERMINT DR","WHITE RD","37.33044912","-121.7988945"
"694475","CR-0000098440","2","1","0","0","23-138-0496","False","False","33","5/18/2023 12:20:00 PM","No Pedestrians Involved","Dry","No Unusual Conditions","Daylight","Violation Driver 1","Controls Functioning","Clear","Rear End","Related","Other Vehicle","Not Applicable","Not Applicable","North Of","","True","False","118403","GLEN DONEGAL DR/PEPPERMINT DR","WHITE RD","37.33044912","-121.7988945"
"682790","CR-0000092369","1","0","0","0","22-133-0215","False","False","48","5/13/2022 8:52:00 AM","No Pedestrians Involved","Dry","Construction - Repair Zone","Daylight","Bike At Fault","Controls Functioning","Clear","Vehicle/Bike","Related","Bike","Not Applicable","Not Applicable","South Of","BIKE","False","False","118403","GLEN DONEGAL DR/PEPPERMINT DR","WHITE RD","37.33044912","-121.7988945"
"682096","CR-0000091623","0","0","0","0","22-023-4008","False","True","0","1/23/2022 11:25:00 AM","No Pedestrians Involved","Unknown","Unknown","Daylight","Unknown","Unknown","Unknown","Broadside","Intersection","Other Vehicle","Not Applicable","Not Applicable","At","","False","False","118403","GLEN DONEGAL DR/PEPPERMINT DR","WHITE RD","37.33044912","-121.7988945"
"685013","CR-0000093700","1","2","0","0","22-188-0371","False","False","0","7/7/2022 12:00:00 PM","No Pedestrians Involved","Dry","No Unusual Conditions","Daylight","Violation Driver 1","Controls Functioning","Clear","Broadside","Intersection","Other Object","Not Applicable","Not Applicable","At","","False","False","118403","GLEN DONEGAL DR/PEPPERMINT DR","WHITE RD","37.33044912","-121.7988945"
"682214","CR-0000091776","0","1","0","0","22-094-0858","True","False","258","4/4/2022 9:09:00 PM","No Pedestrians Involved","Dry","No Unusual Conditions","Dark - Street Light","Violation Driver 1","No Controls Present/Factor","Clear","Hit Object","Non-Related","Fixed Object","Not Applicable","Not Applicable","South Of","LIGHT POLE","True","False","96579","NORWOOD AV","WHITE RD","37.32866666","-121.7983007"
"682174","CR-0000091727","0","0","0","0","22-062-0144","False","False","239","3/3/2022 5:45:00 AM","No Pedestrians Involved","Dry","No Unusual Conditions","Dark - Street Light","Violation Driver 1","Unknown","Clear","Rear End","Non-Related","Parked Vehicle","Not Applicable","Not Applicable","South Of","","True","True","96579","NORWOOD AV","WHITE RD","37.32866666","-121.7983007"
"682794","CR-0000092384","1","0","0","0","22-137-0565","False","False","21","5/17/2022 3:22:00 PM","No Pedestrians Involved","Dry","No Unusual Conditions","Daylight","Violation Driver 1","Controls Functioning","Clear","Rear End","Related","Other Vehicle","Not Applicable","Not Applicable","East Of","","True","False","96579","NORWOOD AV","WHITE RD","37.32866666","-121.7983007"
"699278","CR-0000100602","0","0","0","0","23-157-9703","False","True","0","6/4/2023 3:13:00 PM","No Pedestrians Involved","Dry","No Unusual Conditions","Daylight","Unknown","Controls Functioning","Clear","Rear End","Intersection","Other Vehicle","Not Applicable","Not Applicable","At","","False","False","96579","NORWOOD AV","WHITE RD","37.32866666","-121.7983007"
"724229","CR-0000104610","0","1","0","0","24-135-0881","False","False","0","5/14/2024 7:35:00 PM","No Pedestrians Involved","Dry","No Unusual Conditions","Daylight","Violation Driver 1","Controls Functioning","Clear","Vehicle/Bike","Intersection","Bike","Not Applicable","Not Applicable","At","BIKE","False","True","96579","NORWOOD AV","WHITE RD","37.32866666","-121.7983007"
"720864","CR-0000103067","0","0","0","0","24-045-9702","False","True","51","2/13/2024 4:20:00 PM","No Pedestrians Involved","Dry","No Unusual Conditions","Daylight","Unknown","Controls Functioning","Clear","Rear End","Non-Related","Other Vehicle","Not Applicable","Not Applicable","North Of","","False","False","96579","NORWOOD AV","WHITE RD","37.32866666","-121.7983007"
"723551","CR-0000103943","0","1","0","0","24-118-0301","False","False","65","4/27/2024 1:14:00 PM","No Pedestrians Involved","Dry","No Unusual Conditions","Daylight","Violation Driver 1","Unknown","Clear","Vehicle/Bike","Non-Related","Bike","Not Applicable","Not Applicable","South Of","BIKE","False","False","3981","ALLENWOOD DR","WHITE RD","37.32670165","-121.7975518"
"689637","CR-0000095618","2","0","0","0","22-340-0434","False","False","0","11/30/2022 1:44:00 PM","No Pedestrians Involved","Dry","No Unusual Conditions","Daylight","Violation Driver 1","Controls Functioning","Clear","Head On","Intersection","Other Vehicle","Not Applicable","Not Applicable","At","","False","False","3981","ALLENWOOD DR","WHITE RD","37.32670165","-121.7975518"
"689677","CR-0000095659","1","0","0","0","22-324-0387","False","False","100","11/20/2022 1:16:00 PM","No Pedestrians Involved","Dry","No Unusual Conditions","Daylight","Violation Driver 1","Controls Functioning","Clear","Sideswipe","Non-Related","Other Vehicle","Not Applicable","Not Applicable","West Of","","True","False","32999","CAPITOL EX","STORY RD","37.35083339","-121.8270065"
"689745","CR-0000095761","2","2","0","0","22-177-1049","True","False","57","6/26/2022 11:53:00 PM","No Pedestrians Involved","Dry","No Unusual Conditions","Dark - Street Light","Violation Driver 1","Controls Functioning","Clear","Hit Object","Non-Related","Fixed Object","Not Applicable","Not Applicable","South Of","SIGN & LIGHTPOLE","False","True","32999","CAPITOL EX","STORY RD","37.35083339","-121.8270065"
"689807","CR-0000095834","0","1","0","0","22-248-0997","False","False","0","9/5/2022 11:45:00 PM","No Pedestrians Involved","Dry","No Unusual Conditions","Dark - Street Light","Violation Driver 1","Controls Functioning","Clear","Broadside","Intersection","Other Vehicle","Not Applicable","Not Applicable","At","","True","True","32999","CAPITOL EX","STORY RD","37.35083339","-121.8270065"
"689000","CR-0000094860","0","0","0","0","22-279-0492","False","False","0","10/6/2022 1:22:00 PM","No Pedestrians Involved","Dry","No Unusual Conditions","Daylight","Violation Driver 1","Controls Functioning","Clear","Rear End","Intersection","Other Vehicle","Not Applicable","Not Applicable","At","","False","False","32999","CAPITOL EX","STORY RD","37.35083339","-121.8270065"
"688883","CR-0000094742","1","0","0","0","22-278-0845","False","False","0","10/5/2022 5:35:00 PM","No Pedestrians Involved","Dry","No Unusual Conditions","Dark - Street Light","Violation Driver 1","Controls Functioning","Clear","Broadside","Intersection","Other Vehicle","Not Applicable","Not Applicable","At","","False","False","32999","CAPITOL EX","STORY RD","37.35083339","-121.8270065"
"688867","CR-0000094723","0","0","0","0","22-267-4003","False","True","51","9/24/2022 7:35:00 PM","No Pedestrians Involved","Unknown","Unknown","Unknown","Unknown","Unknown","Unknown","Rear End","Non-Related","Other Vehicle","Not Applicable","Not Applicable","Unknown","","False","True","32999","CAPITOL EX","STORY RD","37.35083339","-121.8270065"
"688840","CR-0000094695","3","0","0","0","22-294-0134","False","False","0","10/21/2022 5:08:00 AM","No Pedestrians Involved","Dry","No Unusual Conditions","Dark - Street Light","Violation Driver 1","Controls Functioning","Clear","Broadside","Intersection","Other Vehicle","Not Applicable","Not Applicable","At","","True","True","32999","CAPITOL EX","STORY RD","37.35083339","-121.8270065"
"689299","CR-0000095246","0","0","0","0","22-305-0280","False","False","0","11/1/2022 9:30:00 AM","No Pedestrians Involved","Dry","No Unusual Conditions","Daylight","Unknown","Controls Functioning","Clear","Sideswipe","Intersection","Other Vehicle","Not Applicable","Not Applicable","At","","False","True","32999","CAPITOL EX","STORY RD","37.35083339","-121.8270065"
"684827","CR-0000093371","0","0","0","0","22-213-0162","False","False","46","8/1/2022 6:46:00 AM","No Pedestrians Involved","Dry","No Unusual Conditions","Dusk - Dawn","Violation Driver 1","Controls Functioning","Clear","Broadside","Related","Other Vehicle","Not Applicable","Not Applicable","North Of","","False","True","32999","CAPITOL EX","STORY RD","37.35083339","-121.8270065"
"684744","CR-0000093460","2","0","0","0","22-192-0303","False","False","0","7/11/2022 10:29:00 AM","No Pedestrians Involved","Dry","No Unusual Conditions","Daylight","Violation Driver 1","Controls Functioning","Clear","Broadside","Intersection","Other Vehicle","Not Applicable","Not Applicable","At","","False","True","32999","CAPITOL EX","STORY RD","37.35083339","-121.8270065"
"688754","CR-0000094580","0","0","0","0","22-279-4004","False","True","0","10/5/2022 7:40:00 PM","No Pedestrians Involved","Unknown","Unknown","Unknown","Unknown","Unknown","Unknown","Broadside","Intersection","Other Vehicle","Not Applicable","Not Applicable","At","","False","False","32999","CAPITOL EX","STORY RD","37.35083339","-121.8270065"
"685198","CR-0000093876","1","0","0","0","22-243-0853","False","False","60","8/31/2022 9:08:00 PM","No Pedestrians Involved","Dry","No Unusual Conditions","Dark - Street Light","Violation Driver 1","Controls Functioning","Clear","Rear End","Non-Related","Other Vehicle","Not Applicable","Not Applicable","East Of","","True","False","32999","CAPITOL EX","STORY RD","37.35083339","-121.8270065"
"682703","CR-0000092281","0","0","0","0","22-150-4002","False","True","0","5/30/2022 12:31:00 PM","No Pedestrians Involved","Unknown","Unknown","Daylight","Unknown","Unknown","Unknown","Rear End","Intersection","Other Vehicle","Not Applicable","Not Applicable","At","","False","False","32999","CAPITOL EX","STORY RD","37.35083339","-121.8270065"
"682705","CR-0000092283","0","0","0","0","22-148-4001","False","True","51","5/28/2022 1:23:00 PM","No Pedestrians Involved","Unknown","Unknown","Daylight","Unknown","Unknown","Unknown","Sideswipe","Non-Related","Other Vehicle","Not Applicable","Not Applicable","North Of","","False","False","32999","CAPITOL EX","STORY RD","37.35083339","-121.8270065"
"683391","CR-0000092984","0","0","0","0","22-179-0918","False","False","","6/28/2022 9:58:00 PM","No Pedestrians Involved","Dry","No Unusual Conditions","Dark - Street Light","Violation Driver 1","Controls Functioning","Clear","Sideswipe","Related","Other Vehicle","Not Applicable","Not Applicable","North Of","","False","True","32999","CAPITOL EX","STORY RD","37.35083339","-121.8270065"
"683397","CR-0000092989","0","0","0","0","22-145-9705","False","True","0","5/24/2022 2:22:00 PM","No Pedestrians Involved","Dry","No Unusual Conditions","Daylight","Violation Driver 1","Controls Functioning","Clear","Rear End","Related","Other Vehicle","Not Applicable","Not Applicable","At","","False","True","32999","CAPITOL EX","STORY RD","37.35083339","-121.8270065"
"683239","CR-0000092820","0","0","0","0","22-051-9702","False","True","0","2/19/2022 11:40:00 AM","No Pedestrians Involved","Dry","No Unusual Conditions","Daylight","Unknown","Controls Functioning","Clear","Rear End","Intersection","Other Vehicle","Not Applicable","Not Applicable","At","","False","False","32999","CAPITOL EX","STORY RD","37.35083339","-121.8270065"
"683158","CR-0000092685","0","0","0","0","22-166-0463","False","False","0","6/15/2022 2:03:00 PM","No Pedestrians Involved","Dry","No Unusual Conditions","Daylight","Violation Driver 1","No Controls Present/Factor","Clear","Rear End","Intersection","Other Vehicle","Not Applicable","Not Applicable","At","","False","False","32999","CAPITOL EX","STORY RD","37.35083339","-121.8270065"
"682172","CR-0000091724","0","0","0","0","22-062-0023","False","False","40","3/3/2022 12:30:00 AM","No Pedestrians Involved","Dry","Construction - Repair Zone","Dark - Street Light","Violation Driver 1","Controls Functioning","Clear","Rear End","Related","Other Vehicle","Not Applicable","Not Applicable","South Of","","True","True","32999","CAPITOL EX","STORY RD","37.35083339","-121.8270065"
"682217","CR-0000091772","0","0","1","0","22-066-0829","False","False","38","3/7/2022 5:55:00 PM","Crossing In Crosswalk - At Intersection","Dry","No Unusual Conditions","Dusk - Dawn","Violation Driver 1","Controls Functioning","Clear","Vehicle/Pedestrian","Related","Pedestrian","Not Applicable","Not Applicable","North Of","PED","True","False","32999","CAPITOL EX","STORY RD","37.35083339","-121.8270065"
"682013","CR-0000091522","0","1","0","0","22-076-0449","False","False","0","3/17/2022 12:37:00 PM","No Pedestrians Involved","Dry","No Unusual Conditions","Daylight","Violation Driver 1","Controls Functioning","Clear","Rear End","Intersection","Other Vehicle","Not Applicable","Not Applicable","At","","True","False","32999","CAPITOL EX","STORY RD","37.35083339","-121.8270065"
"681743","CR-0000091143","0","0","0","0","22-052-0097","False","False","243","2/21/2022 3:42:00 AM","No Pedestrians Involved","Dry","No Unusual Conditions","Unknown","Violation Driver 1","No Controls Present/Factor","Clear","Rear End","Non-Related","Other Vehicle","Not Applicable","Not Applicable","West Of","PD","False","False","32999","CAPITOL EX","STORY RD","37.35083339","-121.8270065"
"681853","CR-0000091316","1","1","0","0","22-072-0085","False","False","0","3/13/2022 1:44:00 AM","No Pedestrians Involved","Dry","No Unusual Conditions","Dark - Street Light","Violation Driver 1","Controls Functioning","Clear","Broadside","Intersection","Other Vehicle","Not Applicable","Not Applicable","At","","False","False","32999","CAPITOL EX","STORY RD","37.35083339","-121.8270065"
"681849","CR-0000091303","0","0","0","0","22-073-0181","False","False","","3/14/2022 9:17:00 AM","No Pedestrians Involved","Dry","No Unusual Conditions","Daylight","Violation Driver 1","Controls Functioning","Clear","Rear End","Related","Other Vehicle","Not Applicable","Not Applicable","South Of","","False","False","32999","CAPITOL EX","STORY RD","37.35083339","-121.8270065"
"681627","CR-0000091024","0","0","0","1","22-080-0181","True","False","150","3/21/2022 7:47:00 AM","No Pedestrians Involved","Dry","No Unusual Conditions","Daylight","Violation Driver 1","Controls Functioning","Clear","Hit Object","Non-Related","Fixed Object","Not Applicable","Not Applicable","West Of","Motorcycle (FATAL), Light pole, and Powerbox","True","False","32999","CAPITOL EX","STORY RD","37.35083339","-121.8270065"
"681439","CR-0000090829","1","0","0","0","22-027-0633","False","False","0","1/27/2022 4:05:00 PM","No Pedestrians Involved","Dry","No Unusual Conditions","Daylight","Violation Driver 1","Controls Functioning","Clear","Rear End","Intersection","Other Vehicle","Not Applicable","Not Applicable","At","","True","False","32999","CAPITOL EX","STORY RD","37.35083339","-121.8270065"
"681215","CR-0000090600","0","0","0","0","22-004-0176","False","False","150","1/4/2022 7:25:00 AM","No Pedestrians Involved","Dry","No Unusual Conditions","Daylight","Violation Driver 1","No Controls Present/Factor","Cloudy","Rear End","Non-Related","Other Vehicle","Not Applicable","Not Applicable","East Of","","False","False","32999","CAPITOL EX","STORY RD","37.35083339","-121.8270065"
"681242","CR-0000090627","0","0","0","0","22-035-4001","False","True","51","1/30/2022 4:25:00 PM","No Pedestrians Involved","Unknown","Unknown","Daylight","Unknown","Unknown","Unknown","Rear End","Non-Related","Other Vehicle","Not Applicable","Not Applicable","West Of","","False","False","32999","CAPITOL EX","STORY RD","37.35083339","-121.8270065"
"699252","CR-0000100574","0","0","0","0","23-151-9704","False","True","0","5/30/2023 1:50:00 PM","No Pedestrians Involved","Dry","No Unusual Conditions","Daylight","Unknown","No Controls Present/Factor","Clear","Broadside","Intersection","Other Vehicle","Not Applicable","Not Applicable","At","","False","False","32999","CAPITOL EX","STORY RD","37.35083339","-121.8270065"
"711747","CR-0000101543","0","0","0","0","23-340-0901","False","False","","12/6/2023 10:32:00 PM","No Pedestrians Involved","Wet","No Unusual Conditions","Dark - Street Light","Violation Driver 1","No Controls Present/Factor","Cloudy","Sideswipe","Related","Other Vehicle","Not Applicable","Not Applicable","South Of","","False","True","32999","CAPITOL EX","STORY RD","37.35083339","-121.8270065"
"698714","CR-0000099963","0","0","0","0","23-150-4002","False","True","","5/27/2023 9:05:00 AM","No Pedestrians Involved","Unknown","Unknown","Daylight","Unknown","Unknown","Unknown","Rear End","Related","Other Vehicle","Not Applicable","Not Applicable","East Of","","False","False","32999","CAPITOL EX","STORY RD","37.35083339","-121.8270065"
"695801","CR-0000098866","8","1","0","0","23-198-0668","True","False","0","7/17/2023 5:43:00 PM","No Pedestrians Involved","Dry","No Unusual Conditions","Daylight","Violation Driver 1","Controls Functioning","Clear","Head On","Intersection","Other Vehicle","Not Applicable","Not Applicable","At","TRAFFIC POLE","True","False","32999","CAPITOL EX","STORY RD","37.35083339","-121.8270065"
"695798","CR-0000098863","2","0","0","0","23-252-0262","False","False","0","9/9/2023 8:40:00 AM","No Pedestrians Involved","Dry","No Unusual Conditions","Daylight","Violation Driver 1","Controls Functioning","Clear","Sideswipe","Intersection","Other Vehicle","Not Applicable","Not Applicable","At","","True","False","32999","CAPITOL EX","STORY RD","37.35083339","-121.8270065"
"694583","CR-0000098607","2","0","0","0","23-187-0063","True","False","340","7/6/2023 2:26:00 AM","No Pedestrians Involved","Dry","No Unusual Conditions","Dark - Street Light","Violation Driver 1","Controls Functioning","Clear","Hit Object","Non-Related","Fixed Object","Not Applicable","Not Applicable","East Of","TREE","False","False","32999","CAPITOL EX","STORY RD","37.35083339","-121.8270065"
"695850","CR-0000098915","0","0","0","0","23-149-4004","False","True","0","4/15/2023 7:10:00 PM","No Pedestrians Involved","Unknown","Unknown","Unknown","Unknown","Unknown","Unknown","Sideswipe","Intersection","Other Vehicle","Not Applicable","Not Applicable","At","","False","False","32999","CAPITOL EX","STORY RD","37.35083339","-121.8270065"
"695865","CR-0000098930","0","0","0","0","23-097-9708","False","True","0","4/2/2023 12:38:00 AM","No Pedestrians Involved","Dry","No Unusual Conditions","Dark - Street Light","Violation Driver 1","Controls Functioning","Clear","Sideswipe","Intersection","Other Vehicle","Not Applicable","Not Applicable","At","","False","False","32999","CAPITOL EX","STORY RD","37.35083339","-121.8270065"
"695972","CR-0000099107","0","0","0","0","23-214-0794","False","False","325","8/2/2023 7:07:00 PM","No Pedestrians Involved","Dry","No Unusual Conditions","Daylight","Violation Driver 1","Controls Functioning","Clear","Sideswipe","Non-Related","Other Vehicle","Not Applicable","Not Applicable","East Of","","True","True","32999","CAPITOL EX","STORY RD","37.35083339","-121.8270065"
"696131","CR-0000099273","0","0","0","0","23-215-0027","False","False","38","8/3/2023 12:30:00 AM","No Pedestrians Involved","Dry","No Unusual Conditions","Dark - Street Light","Violation Driver 1","No Controls Present/Factor","Clear","Rear End","Related","Other Vehicle","Not Applicable","Not Applicable","West Of","","True","True","32999","CAPITOL EX","STORY RD","37.35083339","-121.8270065"
"696161","CR-0000099304","0","0","0","0","23-098-4004","False","True","0","4/8/2023 2:40:00 PM","No Pedestrians Involved","Unknown","Unknown","Unknown","Unknown","Unknown","Unknown","Broadside","Intersection","Other Vehicle","Not Applicable","Not Applicable","At","","False","False","32999","CAPITOL EX","STORY RD","37.35083339","-121.8270065"
"696298","CR-0000099454","1","0","0","0","23-125-1024","False","False","","5/5/2023 8:42:00 PM","No Pedestrians Involved","Wet","No Unusual Conditions","Dark - Street Light","Violation Driver 1","Controls Functioning","Rain","Rear End","Related","Other Vehicle","Not Applicable","Not Applicable","North Of","","True","True","32999","CAPITOL EX","STORY RD","37.35083339","-121.8270065"
"696411","CR-0000099588","4","0","0","0","23-285-0904","False","False","111","10/12/2023 8:04:00 PM","No Pedestrians Involved","Dry","No Unusual Conditions","Dark - Street Light","Violation Driver 1","Controls Functioning","Clear","Rear End","Non-Related","Other Vehicle","Not Applicable","Not Applicable","West Of","","True","False","32999","CAPITOL EX","STORY RD","37.35083339","-121.8270065"
"692549","CR-0000097840","2","0","0","0","23-095-0173","False","False","42","4/5/2023 7:45:00 AM","No Pedestrians Involved","Dry","No Unusual Conditions","Daylight","Violation Driver 1","Controls Functioning","Clear","Rear End","Related","Other Vehicle","Not Applicable","Not Applicable","South Of","","True","False","32999","CAPITOL EX","STORY RD","37.35083339","-121.8270065"
"691051","CR-0000097224","2","1","0","0","23-057-0140","False","False","24","2/26/2023 3:28:00 AM","No Pedestrians Involved","Dry","No Unusual Conditions","Dark - Street Light","Violation Driver 1","Controls Functioning","Clear","Rear End","Related","Other Vehicle","Not Applicable","Not Applicable","North Of","","True","False","32999","CAPITOL EX","STORY RD","37.35083339","-121.8270065"
"691250","CR-0000097475","4","0","0","0","23-059-0393","False","False","0","2/28/2023 12:35:00 PM","No Pedestrians Involved","Wet","No Unusual Conditions","Unknown","Violation Driver 1","Controls Functioning","Rain","Sideswipe","Intersection","Other Vehicle","Not Applicable","Not Applicable","At","","False","False","32999","CAPITOL EX","STORY RD","37.35083339","-121.8270065"
"690487","CR-0000096606","0","0","0","0","22-299-4004","False","True","50","10/26/2022 4:30:00 PM","No Pedestrians Involved","Unknown","Unknown","Unknown","Unknown","Unknown","Unknown","Rear End","Related","Other Vehicle","Not Applicable","Not Applicable","West Of","","False","True","32999","CAPITOL EX","STORY RD","37.35083339","-121.8270065"
"690664","CR-0000096797","0","0","0","0","23-024-9702","False","False","0","1/23/2023 5:47:00 PM","No Pedestrians Involved","Dry","No Unusual Conditions","Daylight","Unknown","Controls Functioning","Clear","Rear End","Intersection","Non-Collision","Not Applicable","Not Applicable","At","","False","False","32999","CAPITOL EX","STORY RD","37.35083339","-121.8270065"
"690231","CR-0000096320","0","0","0","0","22-272-9705","False","True","51","9/25/2022 2:00:00 AM","No Pedestrians Involved","Dry","No Unusual Conditions","Dark - Street Light","Unknown","No Controls Present/Factor","Clear","Sideswipe","Non-Related","Other Vehicle","Not Applicable","Not Applicable","North Of","","False","False","32999","CAPITOL EX","STORY RD","37.35083339","-121.8270065"
"690007","CR-0000096029","1","0","0","0","22-223-0785","False","False","63","8/11/2022 7:04:00 PM","No Pedestrians Involved","Dry","No Unusual Conditions","Daylight","Violation Driver 1","Controls Functioning","Clear","Rear End","Non-Related","Other Vehicle","Not Applicable","Not Applicable","South Of","","True","False","32999","CAPITOL EX","STORY RD","37.35083339","-121.8270065"
"689916","CR-0000095972","0","0","2","0","22-309-0074","False","False","0","11/5/2022 1:39:00 AM","No Pedestrians Involved","Dry","No Unusual Conditions","Dark - Street Light","Violation Driver 1","Controls Functioning","Clear","Head On","Intersection","Other Vehicle","Not Applicable","Not Applicable","At","","False","False","32999","CAPITOL EX","STORY RD","37.35083339","-121.8270065"
"690044","CR-0000096107","0","0","0","0","22-023-4000","False","False","51","1/17/2022 11:10:00 PM","No Pedestrians Involved","Unknown","Unknown","Unknown","Unknown","Unknown","Unknown","Sideswipe","Non-Related","Other Vehicle","Not Applicable","Not Applicable","East Of","","False","False","32999","CAPITOL EX","STORY RD","37.35083339","-121.8270065"
"723743","CR-0000104138","0","0","0","0","24-124-9703","False","True","0","5/1/2024 6:30:00 PM","No Pedestrians Involved","Dry","Unknown","Daylight","Unknown","Controls Functioning","Clear","Rear End","Intersection","Other Vehicle","Not Applicable","Not Applicable","At","","False","False","32999","CAPITOL EX","STORY RD","37.35083339","-121.8270065"
"723986","CR-0000104382","1","0","0","0","24-144-1036","False","False","0","5/23/2024 11:11:00 PM","No Pedestrians Involved","Dry","No Unusual Conditions","Dark - Street Light","Unknown","Controls Functioning","Clear","Broadside","Intersection","Other Vehicle","Not Applicable","Not Applicable","At","","False","False","32999","CAPITOL EX","STORY RD","37.35083339","-121.8270065"
"724178","CR-0000104590","1","0","0","0","24-157-0139","False","False","418","6/5/2024 6:48:00 AM","No Pedestrians Involved","Dry","No Unusual Conditions","Daylight","Violation Driver 1","No Controls Present/Factor","Clear","Rear End","Non-Related","Other Vehicle","Not Applicable","Not Applicable","North Of","","True","False","32999","CAPITOL EX","STORY RD","37.35083339","-121.8270065"