"CrashFactId","Name","MinorInjuries","ModerateInjuries","SevereInjuries","FatalInjuries","TcrNumber","CityDamageFlag","ShortFormFlag","Distance","CrashDateTime","PedestrianAction","RoadwaySurface","RoadwayCondition","Lighting","PrimaryCollisionFactor","TrafficControl","Weather","CollisionType","ProximityToIntersection","VehicleInvolvedWith","PedestrianDirectionFrom","PedestrianDirectionTo","DirectionFromIntersection","Comment","SpeedingFlag","HitAndRunFlag","IntersectionNumber","AStreetName","BStreetName","Latitude","Longitude"
"722081","CR-0000103335","0","0","0","0","24-065-4000","False","True","51","3/5/2024 7:00:00 AM","No Pedestrians Involved","Unknown","Unknown","Unknown","Unknown","Unknown","Unknown","Sideswipe","Non-Related","Parked Vehicle","Not Applicable","Not Applicable","South Of","","False","False","49004","DAYTONA DR","OCALA AV","37.33550829","-121.8281033"
"723885","CR-0000104281","1","0","0","0","24-142-0508","False","False","113","5/21/2024 3:08:00 PM","No Pedestrians Involved","Dry","No Unusual Conditions","Daylight","Violation Driver 1","Controls Functioning","Clear","Rear End","Non-Related","Other Vehicle","Not Applicable","Not Applicable","East Of","","True","False","49004","DAYTONA DR","OCALA AV","37.33550829","-121.8281033"
"723824","CR-0000104220","0","0","0","0","24-125-0996","False","False","102","5/4/2024 10:50:00 PM","No Pedestrians Involved","Dry","No Unusual Conditions","Dark - Street Light","Violation Driver 1","No Controls Present/Factor","Clear","Rear End","Non-Related","Parked Vehicle","Not Applicable","Not Applicable","East Of","","True","False","38939","CHRISTOPHER ST","FLORIDA AV","37.33533895","-121.84115"
"685270","CR-0000093950","0","0","0","0","22-213-9705","False","True","0","7/30/2022 10:30:00 PM","No Pedestrians Involved","Dry","No Unusual Conditions","Dark - Street Light","Unknown","No Controls Present/Factor","Clear","Sideswipe","Intersection","Other Vehicle","Not Applicable","Not Applicable","At","","False","False","38939","CHRISTOPHER ST","FLORIDA AV","37.33533895","-121.84115"
"689679","CR-0000095661","1","0","0","0","22-316-0250","False","False","66","11/12/2022 9:18:00 AM","No Pedestrians Involved","Dry","No Unusual Conditions","Daylight","Violation Driver 1","No Controls Present/Factor","Clear","Head On","Non-Related","Parked Vehicle","Not Applicable","Not Applicable","West Of","","True","False","38940","CHRISTOPHER ST","KING RD","37.33630167","-121.8396093"
"699456","CR-0000100792","0","0","0","0","23-197-0805","False","False","0","7/16/2023 8:23:00 PM","No Pedestrians Involved","Dry","Unknown","Dusk - Dawn","Violation Driver 1","Controls Functioning","Clear","Broadside","Intersection","Other Vehicle","Not Applicable","Not Applicable","At","","True","True","38940","CHRISTOPHER ST","KING RD","37.33630167","-121.8396093"
"696124","CR-0000099266","0","0","0","0","23-235-0499","False","False","178","8/23/2023 2:07:00 PM","No Pedestrians Involved","Dry","No Unusual Conditions","Daylight","Violation Driver 1","No Controls Present/Factor","Clear","Broadside","Non-Related","Other Vehicle","Not Applicable","Not Applicable","South Of","","False","True","38940","CHRISTOPHER ST","KING RD","37.33630167","-121.8396093"
"696410","CR-0000099587","1","0","0","0","23-285-0607","False","False","0","10/12/2023 3:09:00 PM","No Pedestrians Involved","Dry","No Unusual Conditions","Daylight","Violation Driver 1","Controls Functioning","Clear","Vehicle/Bike","Intersection","Bike","Not Applicable","Not Applicable","At","BIKE","False","False","38940","CHRISTOPHER ST","KING RD","37.33630167","-121.8396093"
"696491","CR-0000099669","3","0","0","0","23-333-0307","False","False","311","11/29/2023 10:14:00 AM","No Pedestrians Involved","Dry","No Unusual Conditions","Daylight","Violation Driver 1","No Controls Present/Factor","Clear","Broadside","Non-Related","Other Vehicle","Not Applicable","Not Applicable","South Of","","False","False","38940","CHRISTOPHER ST","KING RD","37.33630167","-121.8396093"
"726694","CR-0000105232","0","1","0","0","24-183-0240","False","False","479","7/1/2024 8:22:00 AM","No Pedestrians Involved","Dry","No Unusual Conditions","Daylight","Violation Driver 1","No Controls Present/Factor","Clear","Head On","Non-Related","Parked Vehicle","Not Applicable","Not Applicable","North Of","","False","False","38940","CHRISTOPHER ST","KING RD","37.33630167","-121.8396093"
"719716","CR-0000102888","0","0","0","0","24-011-4001","False","True","51","1/9/2024 11:01:00 PM","No Pedestrians Involved","Unknown","Unknown","Unknown","Unknown","Unknown","Unknown","Other","Non-Related","Parked Vehicle","Not Applicable","Not Applicable","West Of","","False","False","38940","CHRISTOPHER ST","KING RD","37.33630167","-121.8396093"
"715940","CR-0000101805","0","0","0","0","23-138-0818","False","False","0","5/18/2023 5:59:00 PM","No Pedestrians Involved","Dry","Unknown","Daylight","Violation Driver 1","Controls Functioning","Clear","Broadside","Intersection","Other Vehicle","Not Applicable","Not Applicable","At","","False","True","38940","CHRISTOPHER ST","KING RD","37.33630167","-121.8396093"
"696458","CR-0000099635","1","0","0","0","23-334-0377","False","False","18","11/30/2023 9:30:00 AM","Crossing In Crosswalk - At Intersection","Dry","No Unusual Conditions","Daylight","Violation Driver 1","Controls Functioning","Clear","Vehicle/Pedestrian","Related","Pedestrian","South","North","East Of","","False","False","19931","BLOSSOM HILL RD","CONISTON WY","37.24684493","-121.8853224"
"681666","CR-0000091063","0","0","0","0","22-064-4003","False","True","","3/5/2022 3:20:00 PM","No Pedestrians Involved","Unknown","Unknown","Daylight","Unknown","Unknown","Unknown","Sideswipe","Related","Other Vehicle","Not Applicable","Not Applicable","East Of","","False","False","19931","BLOSSOM HILL RD","CONISTON WY","37.24684493","-121.8853224"
"682714","CR-0000092292","0","1","0","0","22-147-0271","False","False","0","5/27/2022 9:00:00 AM","In Road - Includes Shoulder","Dry","No Unusual Conditions","Daylight","Violation Driver 1","Controls Functioning","Cloudy","Vehicle/Pedestrian","Intersection","Pedestrian","Unknown","Unknown","At","PEDESTRIAN","False","False","21746","BOOKSIN AV","CURTNER AV","37.28396593","-121.9041737"
"689376","CR-0000095356","1","0","0","0","22-334-0196","False","False","95","11/30/2022 9:00:00 AM","No Pedestrians Involved","Dry","No Unusual Conditions","Daylight","Violation Driver 1","Controls Functioning","Clear","Broadside","Non-Related","Other Vehicle","Not Applicable","Not Applicable","West Of","","False","False","19964","BLOSSOM HILL RD","CROYDON AV","37.24726731","-121.884577"
"687557","CR-0000094347","0","1","0","0","22-260-0374","True","False","60","9/17/2022 1:04:00 PM","No Pedestrians Involved","Dry","No Unusual Conditions","Daylight","Violation Driver 1","Unknown","Clear","Hit Object","Non-Related","Fixed Object","Not Applicable","Not Applicable","West Of","LIGHT POLE (19M129)","True","False","19964","BLOSSOM HILL RD","CROYDON AV","37.24726731","-121.884577"
"697587","CR-0000099800","0","0","0","0","23-145-4002","False","True","51","5/25/2023 11:30:00 AM","No Pedestrians Involved","Unknown","Unknown","Daylight","Unknown","Unknown","Unknown","Other","Non-Related","Parked Vehicle","Not Applicable","Not Applicable","South Of","","False","False","19964","BLOSSOM HILL RD","CROYDON AV","37.24726731","-121.884577"
"696072","CR-0000099207","0","0","0","0","23-036-4002","False","True","","2/5/2023 11:30:00 AM","No Pedestrians Involved","Unknown","Unknown","Unknown","Unknown","Unknown","Unknown","Other","Related","Parked Vehicle","Not Applicable","Not Applicable","South Of","","False","False","97492","OLIVE AV","WABASH AV","37.3253249","-121.926791"
"692540","CR-0000097831","1","0","0","0","23-094-0664","True","False","0","4/4/2023 4:09:00 PM","No Pedestrians Involved","Dry","No Unusual Conditions","Daylight","Violation Driver 1","Controls Functioning","Clear","Broadside","Intersection","Other Vehicle","Not Applicable","Not Applicable","At","Tree","False","False","41436","COLEMAN AV","NIMITZ FR","37.34991334","-121.9194592"
"683362","CR-0000092952","1","0","0","0","22-177-0317","False","False","215","6/26/2022 9:48:00 AM","No Pedestrians Involved","Dry","No Unusual Conditions","Daylight","Violation Driver 1","No Controls Present/Factor","Clear","Hit Object","Non-Related","Fixed Object","Not Applicable","Not Applicable","South Of","Curb","False","False","41436","COLEMAN AV","NIMITZ FR","37.34991334","-121.9194592"
"681829","CR-0000091238","0","0","0","0","22-088-0158","True","False","30","3/29/2022 7:16:00 AM","No Pedestrians Involved","Dry","No Unusual Conditions","Daylight","Violation Driver 1","Controls Not Functioning","Clear","Hit Object","Related","Fixed Object","Not Applicable","Not Applicable","South Of","STREET LIGHT","True","False","2276","AIRPORT BL","COLEMAN AV","37.3507709","-121.9207322"
"722509","CR-0000103823","1","0","0","0","24-108-0825","False","False","0","4/17/2024 8:05:00 PM","No Pedestrians Involved","Dry","No Unusual Conditions","Dark - Street Light","Violation Driver 1","Controls Functioning","Clear","Rear End","Intersection","Other Vehicle","Not Applicable","Not Applicable","At","","True","False","2276","AIRPORT BL","COLEMAN AV","37.3507709","-121.9207322"
"712028","CR-0000101547","0","0","0","0","23-352-0918","True","False","0","12/18/2023 9:35:00 PM","No Pedestrians Involved","Wet","No Unusual Conditions","Dark - Street Light","Violation Driver 1","Controls Functioning","Rain","Hit Object","Intersection","Fixed Object","Not Applicable","Not Applicable","At","SIGN","False","False","41381","COLEMAN AV","MCKENDRIE ST","37.34723642","-121.9162649"
"717499","CR-0000102541","1","0","0","0","24-075-0756","False","False","86","3/15/2024 7:45:00 PM","No Pedestrians Involved","Dry","No Unusual Conditions","Dusk - Dawn","Violation Driver 1","Controls Functioning","Clear","Rear End","Non-Related","Other Vehicle","Not Applicable","Not Applicable","South Of","","True","False","41381","COLEMAN AV","MCKENDRIE ST","37.34723642","-121.9162649"
"681421","CR-0000090811","1","0","0","0","22-025-0426","True","False","0","1/25/2022 1:02:00 PM","No Pedestrians Involved","Dry","No Unusual Conditions","Daylight","Violation Driver 1","Controls Functioning","Clear","Overturned","Intersection","Fixed Object","Not Applicable","Not Applicable","At","TRAFFIC LIGHT","False","False","41381","COLEMAN AV","MCKENDRIE ST","37.34723642","-121.9162649"
"683161","CR-0000092749","0","0","0","0","22-039-0704","False","False","62","2/8/2022 4:33:00 PM","No Pedestrians Involved","Dry","No Unusual Conditions","Daylight","Violation Driver 1","Controls Functioning","Clear","Rear End","Non-Related","Other Vehicle","Not Applicable","Not Applicable","North Of","","True","False","41381","COLEMAN AV","MCKENDRIE ST","37.34723642","-121.9162649"
"687448","CR-0000094227","0","0","0","0","22-252-0276","False","False","20","9/9/2022 8:30:00 AM","No Pedestrians Involved","Dry","Unknown","Daylight","Violation Driver 1","Controls Functioning","Clear","Rear End","Related","Other Vehicle","Not Applicable","Not Applicable","East Of","","True","True","41381","COLEMAN AV","MCKENDRIE ST","37.34723642","-121.9162649"
"691139","CR-0000097339","0","0","0","0","22-002-9706","False","True","0","12/31/2022 6:30:00 PM","No Pedestrians Involved","Wet","Other","Dark - Street Light","Unknown","Controls Functioning","Rain","Sideswipe","Intersection","Other Vehicle","Not Applicable","Not Applicable","At","","False","False","41381","COLEMAN AV","MCKENDRIE ST","37.34723642","-121.9162649"
"698780","CR-0000100061","1","0","0","0","23-348-0396","False","False","58","12/14/2023 11:57:00 AM","No Pedestrians Involved","Dry","No Unusual Conditions","Daylight","Violation Driver 1","Unknown","Clear","Rear End","Non-Related","Other Vehicle","Not Applicable","Not Applicable","North Of","","True","False","41381","COLEMAN AV","MCKENDRIE ST","37.34723642","-121.9162649"
"684713","CR-0000093410","0","0","0","0","22-184-0324","False","False","222","7/3/2022 9:48:00 AM","No Pedestrians Involved","Dry","No Unusual Conditions","Daylight","Violation Driver 1","No Controls Present/Factor","Cloudy","Rear End","Non-Related","Other Vehicle","Not Applicable","Not Applicable","West Of","","False","True","60477","CENTURY CENTER CT","FIRST ST","37.36851633","-121.9147015"
"682031","CR-0000091542","1","0","0","0","22-064-0131","True","False","100","3/5/2022 3:22:00 AM","No Pedestrians Involved","Wet","No Unusual Conditions","Dark - Street Light","Violation Driver 1","Controls Functioning","Clear","Hit Object","Non-Related","Fixed Object","Not Applicable","Not Applicable","North Of","Street Light","False","False","60477","CENTURY CENTER CT","FIRST ST","37.36851633","-121.9147015"
"719663","CR-0000102834","0","0","0","0","24-007-0370","False","False","275","1/7/2024 12:30:00 PM","No Pedestrians Involved","Dry","No Unusual Conditions","Daylight","Violation Driver 1","No Controls Present/Factor","Clear","Sideswipe","Non-Related","Motorcycle","Not Applicable","Not Applicable","West Of","MC","False","True","60477","CENTURY CENTER CT","FIRST ST","37.36851633","-121.9147015"
"719818","CR-0000102991","0","0","0","0","24-036-9714","False","False","51","2/5/2024 11:45:00 AM","No Pedestrians Involved","Wet","No Unusual Conditions","Daylight","Unknown","No Controls Present/Factor","Cloudy","Rear End","Non-Related","Other Vehicle","Not Applicable","Not Applicable","Unknown","","False","False","71532","HEDDING ST","RUFF DR","37.34905114","-121.9112298"
"720855","CR-0000103058","0","0","0","0","24-044-0290","False","False","44","2/13/2024 8:32:00 AM","No Pedestrians Involved","Dry","No Unusual Conditions","Daylight","Violation Driver 1","Controls Functioning","Clear","Vehicle/Bike","Related","Bike","Not Applicable","Not Applicable","West Of","E.BIKE","False","True","71532","HEDDING ST","RUFF DR","37.34905114","-121.9112298"
"723882","CR-0000104278","2","0","0","0","24-142-0384","False","False","0","5/21/2024 12:39:00 PM","No Pedestrians Involved","Dry","No Unusual Conditions","Daylight","Violation Driver 1","Controls Functioning","Clear","Rear End","Intersection","Other Vehicle","Not Applicable","Not Applicable","At","","True","False","71532","HEDDING ST","RUFF DR","37.34905114","-121.9112298"
"696255","CR-0000099403","0","0","0","0","23-112-0415","True","False","78","4/22/2023 1:25:00 PM","No Pedestrians Involved","Dry","Unknown","Daylight","Violation Driver 1","No Controls Present/Factor","Clear","Hit Object","Non-Related","Fixed Object","Not Applicable","Not Applicable","West Of","SIGN","False","False","71532","HEDDING ST","RUFF DR","37.34905114","-121.9112298"
"696210","CR-0000099354","2","0","0","0","23-101-0513","False","False","0","4/11/2023 2:29:00 PM","No Pedestrians Involved","Dry","No Unusual Conditions","Daylight","Violation Driver 1","Controls Functioning","Clear","Broadside","Intersection","Other Vehicle","Not Applicable","Not Applicable","At","","False","True","108415","SEVENTH ST","WILLIAM ST","37.33160208","-121.8785384"
"711685","CR-0000101518","0","0","0","0","23-268-4004","False","True","51","9/25/2023 4:05:00 PM","No Pedestrians Involved","Unknown","Unknown","Unknown","Unknown","Unknown","Unknown","Rear End","Non-Related","Parked Vehicle","Not Applicable","Not Applicable","North Of","","False","False","108415","SEVENTH ST","WILLIAM ST","37.33160208","-121.8785384"
"681287","CR-0000090673","0","0","0","0","22-009-4001","False","True","","1/9/2022 12:20:00 AM","No Pedestrians Involved","Unknown","Unknown","Unknown","Unknown","Unknown","Unknown","Rear End","Related","Other Vehicle","Not Applicable","Not Applicable","Unknown","","False","False","108415","SEVENTH ST","WILLIAM ST","37.33160208","-121.8785384"
"684947","CR-0000093594","2","0","0","0","22-232-0242","False","False","0","8/20/2022 8:05:00 AM","No Pedestrians Involved","Dry","No Unusual Conditions","Daylight","Violation Driver 1","Controls Functioning","Clear","Broadside","Intersection","Other Vehicle","Not Applicable","Not Applicable","At","","False","False","108415","SEVENTH ST","WILLIAM ST","37.33160208","-121.8785384"
"687501","CR-0000094291","0","1","0","0","22-259-0877","False","False","0","9/16/2022 7:21:00 PM","No Pedestrians Involved","Dry","No Unusual Conditions","Dark - Street Light","Bike At Fault","Controls Functioning","Clear","Vehicle/Bike","Intersection","Scooter Motorized","Not Applicable","Not Applicable","At","Moto-Scooter","False","False","108415","SEVENTH ST","WILLIAM ST","37.33160208","-121.8785384"
"689830","CR-0000095856","1","0","0","0","22-346-0242","False","False","0","12/12/2022 8:57:00 AM","No Pedestrians Involved","Wet","Unknown","Daylight","Violation Driver 1","Controls Functioning","Cloudy","Sideswipe","Intersection","Other Vehicle","Not Applicable","Not Applicable","At","","False","False","108415","SEVENTH ST","WILLIAM ST","37.33160208","-121.8785384"
"686420","CR-0000094190","0","0","0","0","22-251-0433","False","False","0","9/8/2022 12:26:00 PM","No Pedestrians Involved","Dry","No Unusual Conditions","Daylight","Violation Driver 1","No Controls Present/Factor","Clear","Other","Intersection","Other Vehicle","Not Applicable","Not Applicable","At","CITY VEHICLE (PRNS)","False","False","87702","MARGARET ST","TENTH ST","37.33011937","-121.8731599"
"681883","CR-0000091364","1","0","0","0","22-036-0528","False","False","0","2/5/2022 3:30:00 PM","No Pedestrians Involved","Dry","No Unusual Conditions","Daylight","Violation Driver 1","Controls Functioning","Clear","Rear End","Intersection","Other Vehicle","Not Applicable","Not Applicable","At","","False","False","87702","MARGARET ST","TENTH ST","37.33011937","-121.8731599"
"681887","CR-0000091368","0","0","0","0","22-035-0122","False","False","20","2/4/2022 4:49:00 AM","No Pedestrians Involved","Dry","No Unusual Conditions","Dark - Street Light","Violation Driver 1","Controls Functioning","Clear","Sideswipe","Related","Parked Vehicle","Not Applicable","Not Applicable","West Of","","False","True","87702","MARGARET ST","TENTH ST","37.33011937","-121.8731599"
"691098","CR-0000097271","0","0","0","0","23-047-0971","False","False","0","2/16/2023 11:00:00 PM","No Pedestrians Involved","Dry","No Unusual Conditions","Dark - Street Light","Violation Driver 1","Controls Functioning","Clear","Broadside","Intersection","Other Vehicle","Not Applicable","Not Applicable","At","","True","True","87702","MARGARET ST","TENTH ST","37.33011937","-121.8731599"
"690459","CR-0000096568","0","0","0","0","22-245-0731","False","False","0","9/2/2022 5:28:00 PM","No Pedestrians Involved","Dry","No Unusual Conditions","Daylight","Violation Driver 1","No Controls Present/Factor","Clear","Broadside","Intersection","Other Vehicle","Not Applicable","Not Applicable","At","","True","True","87702","MARGARET ST","TENTH ST","37.33011937","-121.8731599"
"690293","CR-0000096385","0","0","0","0","22-307-0913","False","False","58","11/3/2022 9:41:00 PM","No Pedestrians Involved","Dry","No Unusual Conditions","Dark - Street Light","Unknown","No Controls Present/Factor","Clear","Broadside","Non-Related","Parked Vehicle","Not Applicable","Not Applicable","West Of","","False","True","87702","MARGARET ST","TENTH ST","37.33011937","-121.8731599"
"685158","CR-0000093833","0","0","0","0","22-236-0931","False","False","0","8/24/2022 7:56:00 PM","No Pedestrians Involved","Dry","No Unusual Conditions","Dark - No Street Light","Violation Driver 1","Controls Functioning","Clear","Broadside","Intersection","Other Vehicle","Not Applicable","Not Applicable","At","","False","True","109339","SINCLAIR FR","TENTH ST","37.32874027","-121.8721349"
"689887","CR-0000095914","1","0","0","0","22-250-1026","False","False","0","9/7/2022 10:20:00 PM","Crossing In Crosswalk - At Intersection","Dry","No Unusual Conditions","Dark - Street Light","Violation Driver 1","Controls Functioning","Clear","Vehicle/Pedestrian","Intersection","Pedestrian","North","South","At","PED","False","False","109339","SINCLAIR FR","TENTH ST","37.32874027","-121.8721349"
"689428","CR-0000095400","1","0","0","0","22-337-9801","False","False","0","11/17/2022 2:38:00 PM","No Pedestrians Involved","Dry","No Unusual Conditions","Daylight","Violation Driver 1","Controls Functioning","Clear","Vehicle/Bike","Intersection","Bike","Not Applicable","Not Applicable","At","BIKE","False","False","109339","SINCLAIR FR","TENTH ST","37.32874027","-121.8721349"
"725206","CR-0000104687","2","0","0","0","24-166-0512","False","False","0","6/8/2024 3:45:00 PM","No Pedestrians Involved","Dry","No Unusual Conditions","Daylight","Violation Driver 1","Controls Functioning","Clear","Broadside","Intersection","Other Vehicle","Not Applicable","Not Applicable","At","","False","False","109339","SINCLAIR FR","TENTH ST","37.32874027","-121.8721349"
"724170","CR-0000104530","0","1","0","0","24-134-0609","False","False","0","5/13/2024 4:10:00 PM","No Pedestrians Involved","Dry","No Unusual Conditions","Daylight","Bike At Fault","Controls Functioning","Clear","Vehicle/Bike","Intersection","Scooter Motorized","Not Applicable","Not Applicable","At","BIKE","False","False","109339","SINCLAIR FR","TENTH ST","37.32874027","-121.8721349"
"721973","CR-0000103227","0","0","0","0","24-050-0206","False","False","0","2/19/2024 8:09:00 AM","No Pedestrians Involved","Wet","No Unusual Conditions","Daylight","Violation Driver 1","Controls Functioning","Rain","Broadside","Intersection","Other Vehicle","Not Applicable","Not Applicable","At","","False","True","109339","SINCLAIR FR","TENTH ST","37.32874027","-121.8721349"
"722314","CR-0000103608","0","0","0","0","24-091-0262","False","False","0","3/30/2024 11:00:00 PM","No Pedestrians Involved","Dry","No Unusual Conditions","Daylight","Violation Driver 1","No Controls Present/Factor","Clear","Other","Intersection","Parked Vehicle","Not Applicable","Not Applicable","At","","False","True","18347","BIKINI AV","SHORELAND DR","37.32110129","-121.8374224"
"712151","CR-0000101536","0","0","0","0","23-344-0291","False","False","54","12/9/2023 8:00:00 PM","No Pedestrians Involved","Dry","No Unusual Conditions","Daylight","Unknown","No Controls Present/Factor","Clear","Sideswipe","Non-Related","Other Vehicle","Not Applicable","Not Applicable","South Of","","False","True","18358","BIKINI AV","SHOREVIEW CT","37.3219136","-121.8381218"
"725386","CR-0000104881","0","0","0","0","24-136-0910","False","False","130","5/15/2024 9:58:00 PM","No Pedestrians Involved","Dry","No Unusual Conditions","Dark - Street Light","Violation Driver 1","No Controls Present/Factor","Clear","Rear End","Non-Related","Parked Vehicle","Not Applicable","Not Applicable","North Of","","False","False","107909","SCOTTY ST","TERILYN AV","37.33447579","-121.8443909"
"685130","CR-0000093803","1","0","0","0","22-235-0740","False","False","0","8/23/2022 4:04:00 PM","No Pedestrians Involved","Dry","No Unusual Conditions","Daylight","Violation Driver 1","No Controls Present/Factor","Clear","Sideswipe","Intersection","Parked Vehicle","Not Applicable","Not Applicable","At","","False","False","107909","SCOTTY ST","TERILYN AV","37.33447579","-121.8443909"
"684739","CR-0000093439","0","0","0","0","22-191-4001","False","True","51","7/10/2022 11:28:00 AM","No Pedestrians Involved","Unknown","Unknown","Daylight","Unknown","Unknown","Unknown","Rear End","Non-Related","Other Vehicle","Not Applicable","Not Applicable","South Of","","False","False","79485","KING RD","MIAMI DR","37.33359744","-121.836973"
"682429","CR-0000091993","0","0","0","0","22-107-4001","False","True","51","4/17/2022 2:00:00 AM","No Pedestrians Involved","Unknown","Unknown","Unknown","Violation Driver 1","Unknown","Unknown","Sideswipe","Non-Related","Parked Vehicle","Not Applicable","Not Applicable","South Of","","False","True","79485","KING RD","MIAMI DR","37.33359744","-121.836973"
"694370","CR-0000098314","3","0","0","0","23-165-0200","False","False","0","6/14/2023 8:14:00 AM","No Pedestrians Involved","Dry","No Unusual Conditions","Daylight","Violation Driver 1","Controls Functioning","Clear","Broadside","Intersection","Other Vehicle","Not Applicable","Not Applicable","At","","True","False","79485","KING RD","MIAMI DR","37.33359744","-121.836973"
"711653","CR-0000101500","0","0","0","0","23-275-9703","False","True","0","9/29/2023 4:40:00 PM","No Pedestrians Involved","Dry","No Unusual Conditions","Daylight","Unknown","Controls Functioning","Clear","Other","Intersection","Parked Vehicle","Not Applicable","Not Applicable","At","","False","False","79485","KING RD","MIAMI DR","37.33359744","-121.836973"
"720869","CR-0000103072","0","0","0","0","24-029-9706","False","True","","1/25/2024 7:13:00 PM","No Pedestrians Involved","Dry","No Unusual Conditions","Dark - Street Light","Unknown","Controls Functioning","Clear","Rear End","Related","Parked Vehicle","Not Applicable","Not Applicable","West Of","","False","False","79485","KING RD","MIAMI DR","37.33359744","-121.836973"
"720847","CR-0000103050","0","0","0","0","24-042-9709","False","True","0","2/11/2024 2:00:00 AM","No Pedestrians Involved","Dry","No Unusual Conditions","Dark - Street Light","Unknown","Controls Functioning","Clear","Sideswipe","Intersection","Other Vehicle","Not Applicable","Not Applicable","At","","False","False","18886","BISCAYNE WY","KING RD","37.33404621","-121.8374111"
"711886","CR-0000101370","0","0","0","0","23-308-0705","False","False","0","11/4/2023 8:17:00 PM","No Pedestrians Involved","Dry","No Unusual Conditions","Dark - Street Light","Violation Driver 1","Controls Functioning","Clear","Broadside","Intersection","Other Vehicle","Not Applicable","Not Applicable","At","","True","False","18886","BISCAYNE WY","KING RD","37.33404621","-121.8374111"
"723930","CR-0000104326","1","0","0","0","24-127-0743","False","False","0","5/6/2024 6:41:00 PM","No Pedestrians Involved","Dry","No Unusual Conditions","Daylight","Unknown","Unknown","Clear","Vehicle/Bike","Intersection","Bike","Not Applicable","Not Applicable","At","BIKE","False","True","18886","BISCAYNE WY","KING RD","37.33404621","-121.8374111"
"681802","CR-0000091211","0","0","0","0","22-077-0220","False","False","0","3/18/2022 9:02:00 AM","No Pedestrians Involved","Dry","No Unusual Conditions","Daylight","Violation Driver 1","No Controls Present/Factor","Clear","Broadside","Intersection","Motorcycle","Not Applicable","Not Applicable","At","","False","False","61930","FOLEY AV/JUNE AV","LANAI AV","37.32973436","-121.8379907"
"682658","CR-0000092234","0","0","0","0","22-138-9702","False","True","51","5/17/2022 11:45:00 AM","No Pedestrians Involved","Dry","No Unusual Conditions","Daylight","Unknown","Controls Functioning","Clear","Broadside","Non-Related","Other Vehicle","Not Applicable","Not Applicable","North Of","","False","False","86206","LYNDALE AV","STORY RD","37.35425605","-121.8219312"
"682689","CR-0000092265","0","0","0","0","22-127-1228","False","False","0","5/7/2022 11:57:00 PM","No Pedestrians Involved","Dry","No Unusual Conditions","Dark - Street Light","Violation Driver 1","Controls Functioning","Clear","Broadside","Intersection","Other Vehicle","Not Applicable","Not Applicable","At","","False","True","86206","LYNDALE AV","STORY RD","37.35425605","-121.8219312"
"686425","CR-0000094195","0","1","0","0","22-248-0966","False","False","18","9/5/2022 10:09:00 PM","No Pedestrians Involved","Dry","No Unusual Conditions","Dusk - Dawn","Violation Driver 1","Controls Functioning","Clear","Broadside","Related","Motorcycle","Not Applicable","Not Applicable","South Of","Moped","False","False","86206","LYNDALE AV","STORY RD","37.35425605","-121.8219312"
"699223","CR-0000100544","0","0","0","0","23-175-9702","False","True","51","6/23/2023 10:50:00 PM","No Pedestrians Involved","Unknown","No Unusual Conditions","Dark - Street Light","Unknown","Unknown","Unknown","Sideswipe","Non-Related","Other Vehicle","Not Applicable","Not Applicable","East Of","","False","False","86206","LYNDALE AV","STORY RD","37.35425605","-121.8219312"
"696406","CR-0000099582","0","0","0","0","23-151-0606","False","True","172","5/31/2023 4:30:00 PM","No Pedestrians Involved","Unknown","Unknown","Unknown","Unknown","Unknown","Unknown","Rear End","Non-Related","Other Vehicle","Not Applicable","Not Applicable","East Of","","False","False","86206","LYNDALE AV","STORY RD","37.35425605","-121.8219312"
"695813","CR-0000098878","2","0","0","0","23-253-0795","False","False","0","9/10/2023 7:44:00 PM","No Pedestrians Involved","Dry","No Unusual Conditions","Dark - Street Light","Violation Driver 1","Controls Functioning","Clear","Sideswipe","Intersection","Other Vehicle","Not Applicable","Not Applicable","At","","False","False","86206","LYNDALE AV","STORY RD","37.35425605","-121.8219312"
"690610","CR-0000096731","1","0","0","0","23-030-0186","False","False","125","1/30/2023 7:58:00 AM","No Pedestrians Involved","Dry","No Unusual Conditions","Daylight","Violation Driver 1","Unknown","Clear","Rear End","Non-Related","Other Vehicle","Not Applicable","Not Applicable","West Of","","False","False","86206","LYNDALE AV","STORY RD","37.35425605","-121.8219312"
"723582","CR-0000103974","1","0","0","0","24-112-0355","False","False","172","4/21/2024 11:19:00 AM","No Pedestrians Involved","Dry","No Unusual Conditions","Daylight","Violation Driver 1","Controls Functioning","Clear","Rear End","Non-Related","Other Vehicle","Not Applicable","Not Applicable","East Of","","False","False","86206","LYNDALE AV","STORY RD","37.35425605","-121.8219312"
"726532","CR-0000105066","0","1","0","0","24-176-0483","False","False","0","6/24/2024 2:09:00 PM","No Pedestrians Involved","Dry","No Unusual Conditions","Daylight","Bike At Fault","Controls Functioning","Clear","Vehicle/Bike","Intersection","Bike","Not Applicable","Not Applicable","At","BIKE","True","False","86206","LYNDALE AV","STORY RD","37.35425605","-121.8219312"